dataset,method,lambda,seed,val_mse,val_mae,deploy_mse,deploy_mae,volatility,initial_risk,terminal_risk,max_risk,mean_block_mae,terminal_mae,mean_gain,mean_hazard,max_hazard,selection_val_mse
tetouan_zone1_power,dtr,0.0003,1.0,42748678.666666664,4671.557535807292,68375252.0,6376.501139322917,1769454758315121.2,79685056.0,15967314.666666666,120794005.33333333,6353.926296657985,3211.3081868489585,0.01548706142542263,0.09988740122755797,0.198787202723579,42748678.666666664
tetouan_zone1_power,isotropic,0.0003,1.0,50550508.0,5038.152180989583,93139658.66666667,7259.033365885417,4887249347804126.0,99551093.33333333,17225577.333333332,172822457.33333334,7236.071831597222,3415.2562662760415,0.022751615330990817,0.14989480191046103,0.31736427924395433,50550508.0
tetouan_zone1_power,standard,0.0,1.0,60226009.333333336,5456.78271484375,116105718.66666667,7605.047200520833,1.0921756141995282e+16,138949106.66666666,16664388.0,215049230.66666666,7574.3902587890625,3263.24072265625,0.027828113279408876,0.17230735818219525,0.36954759466469594,60226009.333333336
