dataset,method,lambda,seed,val_mse,val_mae,val_directional_gain,deploy_mse,deploy_mae,volatility,initial_risk,terminal_risk,max_risk,mean_block_mae,terminal_mae,mean_gain,mean_hazard,max_hazard,selection_val_mse,selection_val_directional_gain
tetouan_zone1_power,dtr,0.01,4.5,44632117.0,4702.050268554687,0.030272699326941765,68239920.6,6353.607885742187,3071490442170779.0,86385222.0,14520384.4,132876946.4,6326.471358235677,3047.2746826171874,0.01283706253549705,0.08786723857796266,0.21012663865423792,44632117.0,0.030272699326941765
tetouan_zone1_power,isotropic,0.0003,4.5,51833239.6,5156.439477539063,0.04231729607330211,100747826.5,7578.47294921875,7198092537720205.0,114281956.6,16055396.9,193768921.6,7548.638106282551,3233.952734375,0.02252617380193745,0.15451187459179092,0.3629216641695486,51833239.6,0.04231729607330211
tetouan_zone1_power,standard,0.0,4.5,54364579.6,5180.717919921875,0.04689803203815536,107736060.4,7546.565209960938,1.069473052436166e+16,128958227.4,15688194.2,207507032.0,7514.394571940104,3166.155126953125,0.02437398486266223,0.16004432686510964,0.3852246937770668,54364579.6,0.04689803203815537
