seed,method,basis,lambda,val_ce,val_macro_accuracy,val_directional_gain,deploy_ce,deploy_macro_accuracy,volatility,terminal_ce,worst_block_ce,block_ce,block_macro_accuracy,seconds,rank
0,dtr,prospective_k2,0.0,1.7042032480239868,0.7836470320514045,0.5703297681769226,2.0225579738616943,0.5859637629311999,0.6134249131897798,2.8086471557617188,2.8086471557617188,"[0.72438645362854, 1.8689525127410889, 1.3114782571792603, 0.7372349500656128, 2.8086471557617188]","[0.8579190107755948, 0.5254405773133669, 0.6137296037296037, 0.7595897435897436, 0.5586666666666666]",1.372654999999213,2
1,dtr,prospective_k2,0.0,2.0562283992767334,0.7953213394447095,0.8433445353566864,2.2161524295806885,0.5153128360864546,0.3446668855266717,2.5826306343078613,2.5826306343078613,"[1.368844747543335, 2.398021936416626, 2.0411171913146973, 1.0586926937103271, 2.5826306343078613]","[0.6942838810010132, 0.4506223395078762, 0.42099067599067597, 0.662974358974359, 0.5563333333333333]",1.3545980000053532,2
2,dtr,prospective_k2,0.0,1.6869627237319946,0.8041009748009961,0.6454488181282954,1.944514513015747,0.6142630824921371,0.4800291841942107,2.536898374557495,2.536898374557495,"[0.8840228915214539, 1.9777005910873413, 1.2833821773529053, 0.6788350343704224, 2.536898374557495]","[0.8364253302185924, 0.57797476477101, 0.7434498834498835, 0.8265641025641026, 0.5626666666666666]",1.3443194999999832,2
3,dtr,prospective_k2,0.0,1.865977883338928,0.7507677288603417,0.5549965611210576,2.527561902999878,0.469104468111387,0.7495473513609909,3.3572216033935547,3.3572216033935547,"[1.2586003541946411, 2.5060675144195557, 2.4019927978515625, 1.0030806064605713, 3.3572216033935547]","[0.6625687548757316, 0.395354328588518, 0.3986480186480187, 0.8162051282051281, 0.5050000000000001]",1.380758799990872,2
4,dtr,prospective_k2,0.0,1.9042723178863523,0.8082932061846341,0.6870594338625057,2.0737292766571045,0.5986107734178788,0.6976821101200392,3.08307147026062,3.08307147026062,"[0.6648209095001221, 1.7429533004760742, 1.5068219900131226, 0.9792436361312866, 3.08307147026062]","[0.8722186116801078, 0.5549084343518841, 0.5397435897435897, 0.7622564102564102, 0.5656666666666667]",1.3380643999989843,2
5,dtr,prospective_k2,0.0,1.5045565366744995,0.8065874251825477,0.5752057675962094,2.0813934803009038,0.5739155389744411,0.6136065587904307,3.040943145751953,3.040943145751953,"[0.8737263679504395, 1.7851238250732422, 1.67916738986969, 0.9341806173324585, 3.040943145751953]","[0.8255205322356536, 0.5240504599107522, 0.6049184149184149, 0.7515897435897436, 0.533]",1.3480381000117632,2
6,dtr,prospective_k2,0.0,1.1176490783691406,0.8226461769879327,0.4325815365638262,1.844476342201233,0.6206362022081565,0.7405156546830575,2.981261730194092,2.981261730194092,"[0.5721825361251831, 1.3740606307983398, 1.289025068283081, 0.688867449760437, 2.981261730194092]","[0.8737208749951518, 0.6196963349206828, 0.6112004662004662, 0.7649230769230769, 0.5496666666666667]",1.371986600002856,2
7,dtr,prospective_k2,0.0,1.3238604068756104,0.8067543218321468,0.5024527404533983,2.0106263160705566,0.5863598241880131,0.447999227049082,2.6998395919799805,2.6998395919799805,"[0.8276726603507996, 1.8273518085479736, 1.4583518505096436, 0.9919731020927429, 2.6998395919799805]","[0.8240352987828713, 0.5436402219673584, 0.6000699300699301, 0.756923076923077, 0.5646666666666668]",1.4150883999973305,2
8,dtr,prospective_k2,0.0,1.6335573196411133,0.8055285798402446,0.6450550252027473,2.505066394805908,0.5825523702563831,0.9139994700264992,3.6065075397491455,3.6065075397491455,"[0.8626196980476379, 2.1656386852264404, 2.1447596549987793, 1.1954938173294067, 3.6065075397491455]","[0.7832076523525903, 0.5401698942269376, 0.602004662004662, 0.7462564102564102, 0.5566666666666666]",1.373410200001672,2
9,dtr,prospective_k2,0.0,1.1891522407531738,0.8131489369485216,0.3955445623201598,2.2863688468933105,0.6164434439301574,0.8609508278918611,3.405385255813598,3.405385255813598,"[0.5844578742980957, 1.773817777633667, 2.2504546642303467, 1.4886857271194458, 3.4053852558135986]","[0.866422018503328, 0.5780054824587356, 0.5702564102564102, 0.7412307692307692, 0.5903333333333334]",1.3729540999920573,2
0,dtr,prospective_k2,0.001,1.6826099157333374,0.7888511583408699,0.497125421531897,1.8546569347381592,0.5986474160653759,0.5397654554819121,2.5984835624694824,2.5984835624694824,"[0.6917937397956848, 1.7148174047470093, 1.1632353067398071, 0.6157385110855103, 2.5984835624694824]","[0.8761359856162839, 0.5395033082030665, 0.6056643356643356, 0.820923076923077, 0.5646666666666667]",1.39776669999992,2
1,dtr,prospective_k2,0.001,1.9436079263687132,0.8045619407402095,0.7245973029744969,2.142536401748657,0.5234895029670811,0.293780812242162,2.4041905403137207,2.4041905403137207,"[1.2736093997955322, 2.353302478790283, 2.1498513221740723, 1.1516510248184204, 2.4041905403137207]","[0.6941378385222009, 0.4639666405522064, 0.4195920745920746, 0.6152820512820513, 0.572]",1.3972912000026554,2
2,dtr,prospective_k2,0.001,1.418816328048706,0.8068243258481983,0.5687967151280784,1.8595011234283447,0.6243434723087489,0.5066144745919743,2.539170026779175,2.539170026779175,"[0.8169237971305847, 1.820870041847229, 1.0994031429290771, 0.6058523058891296, 2.539170026779175]","[0.8440751613495653, 0.5929389895384057, 0.7680303030303031, 0.8394871794871795, 0.5646666666666667]",1.33211050000682,2
3,dtr,prospective_k2,0.001,1.7389978170394895,0.770358608300602,0.4808797875549567,2.5207340717315674,0.4982519019535596,0.761481101305111,3.3914008140563965,3.3914008140563965,"[1.1914337873458862, 2.410879611968994, 2.4264743328094482, 1.0458673238754272, 3.3914008140563965]","[0.7025018623284799, 0.4381520551314605, 0.4464452214452215, 0.7895384615384615, 0.518]",1.4211247000057483,2
4,dtr,prospective_k2,0.001,1.801836609840393,0.8118447432551583,0.5904901292588975,1.963628172874451,0.6019315457698841,0.6519964179515034,2.9628114700317383,2.9628114700317383,"[0.6261471509933472, 1.6177133321762085, 1.437106728553772, 0.9173498153686523, 2.9628114700317383]","[0.8719476507318727, 0.562041610998456, 0.5727505827505828, 0.7622564102564102, 0.565]",1.457305499992799,2
5,dtr,prospective_k2,0.001,1.682084321975708,0.806862148904566,0.4999604637240186,2.027711868286133,0.576703615845478,0.5191181966285063,2.8397812843322754,2.8397812843322754,"[0.8598319888114929, 1.8056116104125977, 1.7019141912460327, 0.9208120107650757, 2.8397812843322754]","[0.8470453442029399, 0.5242012568854123, 0.6049184149184149, 0.7515897435897436, 0.5379999999999999]",1.3924151999963217,2
6,dtr,prospective_k2,0.001,1.1766694784164429,0.8173945358500772,0.3782756789721579,1.7689645290374756,0.6234320254312617,0.7031765274140218,2.8774471282958984,2.8774471282958984,"[0.5416668057441711, 1.311018943786621, 1.1945078372955322, 0.6352139711380005, 2.8774471282958984]","[0.8870658013299965, 0.620295839298208, 0.6167948717948718, 0.7729230769230769, 0.5526666666666668]",1.4049839999934193,2
7,dtr,prospective_k2,0.001,1.2918790578842163,0.8159697016383362,0.4347967846403396,1.879976272583008,0.5934643739731399,0.4000952844481696,2.544339179992676,2.544339179992676,"[0.7475066184997559, 1.6755918264389038, 1.3920320272445679, 0.9443048238754272, 2.544339179992676]","[0.8362259731032218, 0.5531656054593903, 0.6014685314685315, 0.7542564102564102, 0.567]",1.4605462000035914,2
8,dtr,prospective_k2,0.001,1.6052467823028564,0.8218384121627681,0.58089610284248,2.439422607421875,0.5920487687508809,0.8604187268599981,3.494206190109253,3.494206190109253,"[0.8313784599304199, 2.086430549621582, 2.176483631134033, 1.1777620315551758, 3.494206190109253]","[0.7947035879383668, 0.5574003692440376, 0.6034032634032634, 0.7436923076923077, 0.5573333333333333]",1.392109199994593,2
9,dtr,prospective_k2,0.001,1.3223158121109009,0.8105702038792476,0.358386573477537,2.2798688411712646,0.6156606005200895,0.8391435619314928,3.3709113597869877,3.3709113597869877,"[0.5743024945259094, 1.781365990638733, 2.200610637664795, 1.485579013824463, 3.3709113597869873]","[0.8669639403997976, 0.5772387390266013, 0.5716550116550116, 0.7412307692307692, 0.5876666666666667]",1.3566501999885077,2
0,dtr,prospective_k2,0.003,1.7090234756469729,0.7958510268643559,0.4127104409928184,1.73941969871521,0.6060973366113356,0.4826645278514803,2.4250996112823486,2.4250996112823486,"[0.6479339599609375, 1.631418228149414, 1.0674703121185303, 0.5484492182731628, 2.4250996112823486]","[0.8803413492829103, 0.5525048734927674, 0.6154545454545455, 0.834153846153846, 0.568]",1.3619547999987844,2
1,dtr,prospective_k2,0.003,2.07796049118042,0.8040736473257326,0.6402434439325528,1.9136550426483157,0.5332350590599356,0.2308219435499234,2.1119489669799805,2.116307258605957,"[1.1392483711242676, 2.116307258605957, 1.8463751077651978, 0.9987556338310242, 2.1119489669799805]","[0.6990370113120785, 0.4811605772179295, 0.427983682983683, 0.6571282051282051, 0.5763333333333334]",1.4105619000038132,2
2,dtr,prospective_k2,0.003,1.5725938081741333,0.8088858579478346,0.4695469891583478,1.700405478477478,0.6300733090203738,0.4183848007137493,2.3102097511291504,2.3102097511291504,"[0.727645218372345, 1.6669809818267822, 1.0333465337753296, 0.5610173940658569, 2.3102097511291504]","[0.8471045304343339, 0.6019148174890835, 0.7708275058275058, 0.8474871794871796, 0.5733333333333333]",1.3389303000003565,2
3,dtr,prospective_k2,0.003,1.4045153856277466,0.7750676133051412,0.357755370591403,2.329195499420166,0.5213360224737157,0.6696280887525426,3.2311127185821533,3.2311127185821533,"[1.0621116161346436, 2.113489866256714, 2.3593273162841797, 1.0974490642547607, 3.2311127185821533]","[0.7570992653163823, 0.4702178548927223, 0.5014452214452214, 0.7442051282051282, 0.5173333333333333]",1.311119799996959,2
4,dtr,prospective_k2,0.003,1.5558582544326782,0.82197165791599,0.4200200053399482,1.784406065940857,0.613555706093386,0.5851748772757958,2.7822861671447754,2.7822861671447754,"[0.5144842863082886, 1.351824164390564, 1.4559762477874756, 0.9248784780502319, 2.7822861671447754]","[0.8858026159949361, 0.5752039100865413, 0.5731701631701631, 0.7597948717948718, 0.5836666666666666]",1.3193863999913449,2
5,dtr,prospective_k2,0.003,1.7874424457550049,0.8044587167674507,0.415162804685993,1.8645191192626955,0.5886921441132874,0.4014432181203554,2.5235769748687744,2.5235769748687744,"[0.789853036403656, 1.6918249130249023, 1.6040359735488892, 0.8614481091499329, 2.5235769748687744]","[0.8585071608159363, 0.544280161438234, 0.6063170163170163, 0.7515897435897436, 0.5519999999999999]",1.3025138999946648,2
6,dtr,prospective_k2,0.003,1.5940496921539309,0.8179803597428285,0.3205782336953245,1.749526023864746,0.6272886505440958,0.6336701416804749,2.737964630126953,2.737964630126953,"[0.570792555809021, 1.3831323385238647, 1.0698407888412476, 0.5832089185714722, 2.737964630126953]","[0.8783526732078457, 0.607680708848195, 0.7091025641025641, 0.8342564102564103, 0.5533333333333335]",1.2995361000066623,2
7,dtr,prospective_k2,0.003,1.4223897457122805,0.8185592608755977,0.3737701996854303,1.82623291015625,0.5966366907584816,0.3760006406032588,2.45328688621521,2.45328688621521,"[0.7149396538734436, 1.6373012065887451, 1.3397467136383057, 0.908155620098114, 2.45328688621521]","[0.8335715831506079, 0.5544332971326243, 0.60986013986014, 0.756923076923077, 0.5753333333333333]",1.3511689999868397,2
8,dtr,prospective_k2,0.003,1.5419790744781494,0.807881431935561,0.6958542498050894,2.5510661602020264,0.5271118593802242,1.3607758766628786,4.146952152252197,4.146952152252197,"[1.002996563911438, 2.0012476444244385, 2.0063977241516113, 0.9040179252624512, 4.146952152252197]","[0.6595454417735558, 0.5362162520429713, 0.45771561771561775, 0.7462564102564102, 0.5056666666666667]",1.4764417999977013,2
9,dtr,prospective_k2,0.003,1.2371876239776611,0.8227833242768403,0.2878875810913588,1.8753169775009155,0.617679690164542,0.6504108983578236,2.878901720046997,2.878901720046997,"[0.4873376786708832, 1.44087815284729, 1.798663854598999, 1.014806866645813, 2.878901720046997]","[0.879138230417019, 0.5761356003209475, 0.561060606060606, 0.7466666666666667, 0.5956666666666667]",1.4240980000031414,2
0,dtr,prospective_k2,0.01,1.627788782119751,0.8046503383751222,0.2767120329931439,1.5214605331420898,0.6236075274496304,0.3996746714238247,2.163146495819092,2.163146495819092,"[0.5585569739341736, 1.4070285558700562, 0.8940901756286621, 0.43774786591529846, 2.163146495819092]","[0.8722011422389816, 0.5812530289404714, 0.6670745920745922, 0.8660512820512821, 0.5833333333333334]",1.4659997999988263,2
1,dtr,prospective_k2,0.01,1.828416109085083,0.806898196561864,0.4425200631098492,1.692328691482544,0.5414684407971381,0.191963099999632,1.9660927057266235,1.9660927057266235,"[0.8908520936965942, 1.794093370437622, 1.6446129083633423, 0.9760410189628601, 1.9660927057266235]","[0.6997995473333022, 0.49302113568944217, 0.4413752913752914, 0.6280992013451029, 0.591]",1.4286261999950511,2
2,dtr,prospective_k2,0.01,1.2033790349960327,0.8501844201515804,0.2683494434435181,1.3499120473861694,0.6706604443405005,0.4019104129387352,2.148960590362549,2.148960590362549,"[0.4775288701057434, 1.0525578260421753, 0.7618135213851929, 0.3982110023498535, 2.148960590362549]","[0.8836277547412003, 0.6700841665232422, 0.7914918414918415, 0.9021538461538462, 0.5846666666666667]",1.3605340999929467,2
3,dtr,prospective_k2,0.01,1.1606824398040771,0.8125684130523061,0.3301222294936945,1.906306266784668,0.5839125491738024,0.7620530774933494,3.0632684230804443,3.0632684230804443,"[0.7044958472251892, 1.4276642799377441, 1.7452266216278076, 0.6807268261909485, 3.0632684230804443]","[0.8513602867492649, 0.5533299766571129, 0.5542657342657342, 0.8054358974358975, 0.5136666666666667]",1.3815372999961255,2
4,dtr,prospective_k2,0.01,1.3130462169647217,0.8227293121448845,0.3816596451119631,1.7562987804412842,0.6516285164314584,0.6784251596682059,2.852356433868408,2.852356433868408,"[0.39927560091018677, 1.114070177078247, 1.583937644958496, 0.9920434951782227, 2.852356433868408]","[0.9037761522456496, 0.6627132851720438, 0.596946386946387, 0.7515897435897436, 0.5863333333333334]",1.4889854999928502,2
5,dtr,prospective_k2,0.01,1.8539355993270876,0.8060392106717957,0.2918976599296915,1.6687736511230469,0.5987534031198336,0.3500033920249046,2.280925750732422,2.280925750732422,"[0.6791977286338806, 1.484548568725586, 1.3786184787750244, 0.6981205940246582, 2.280925750732422]","[0.8592201240983272, 0.5653738513171713, 0.6252447552447553, 0.7618461538461538, 0.5576666666666666]",1.5256846999982372,2
6,dtr,prospective_k2,0.01,0.8840414881706238,0.8206547640213969,0.1956480324513627,1.291545271873474,0.6674683273559766,0.4828867110976189,2.2781710624694824,2.2781710624694824,"[0.3460385203361511, 0.8377276659011841, 0.8604763150215149, 0.4352012574672699, 2.2781710624694824]","[0.9054176380096827, 0.6946830255343485, 0.7335431235431236, 0.8813333333333333, 0.5599999999999999]",1.577541000006022,2
7,dtr,prospective_k2,0.01,1.2529219388961792,0.825212408919789,0.2523275108494385,1.5703246593475342,0.6173167351404641,0.341855468045795,2.2393054962158203,2.2393054962158203,"[0.5291740298271179, 1.2894538640975952, 1.1791434288024902, 0.7867321372032166, 2.2393054962158203]","[0.8587874242033834, 0.5956835249438145, 0.6140559440559441, 0.7595897435897436, 0.5833333333333333]",2.088122200002545,2
8,dtr,prospective_k2,0.01,1.2871748208999634,0.8524449950224279,0.2808744093027625,2.0506505966186523,0.6093411691299206,0.9115046098991768,3.316801786422729,3.316801786422729,"[0.5860843658447266, 1.4964892864227295, 1.7031400203704834, 0.8508860468864441, 3.3168017864227295]","[0.8299072116148363, 0.6044142080201853, 0.6117948717948718, 0.7515897435897436, 0.5333333333333334]",1.959272599997348,2
9,dtr,prospective_k2,0.01,1.3754993677139282,0.8267870250300998,0.2104908566416045,1.804327726364136,0.6344875851641533,0.6051230450899665,2.7542412281036377,2.7542412281036377,"[0.4408673346042633, 1.3649505376815796, 1.7718995809555054, 1.0062384605407715, 2.7542412281036377]","[0.8979706584068998, 0.5945953284307577, 0.5688578088578089, 0.744, 0.6113333333333333]",1.539675799998804,2
0,dtr,prospective_k2,0.03,1.1078064441680908,0.8265084015678628,0.1566044685771926,1.2652204036712646,0.6657920181158034,0.3846225767954492,2.0841801166534424,2.0841801166534424,"[0.38062572479248047, 0.9038200378417969, 0.793405294418335, 0.4093645513057709, 2.0841801166534424]","[0.9035311847729194, 0.6635247502936581, 0.7432051282051282, 0.8767179487179486, 0.5863333333333334]",1.5187792000069749,2
1,dtr,prospective_k2,0.03,1.2760921716690063,0.8132077989739643,0.202862637523761,1.3827064037322998,0.6225573125761652,0.2096084114921689,1.9228839874267576,1.9228839874267576,"[0.5880273580551147, 1.211900234222412, 1.3189058303833008, 0.8255487680435181, 1.9228839874267578]","[0.8824987432556126, 0.5887138082502049, 0.45783216783216785, 0.789849516603615, 0.587]",1.42519410001114,2
2,dtr,prospective_k2,0.03,0.7421777844429016,0.8549151742539476,0.1115878383809156,1.1363650560379028,0.7153996335577816,0.4164516123333136,2.082524299621582,2.082524299621582,"[0.3522370755672455, 0.6413203477859497, 0.7044230103492737, 0.34634608030319214, 2.082524299621582]","[0.9388447161260547, 0.7621641556672007, 0.7997435897435897, 0.9179487179487179, 0.5706666666666667]",1.480887099998654,2
3,dtr,prospective_k2,0.03,0.6450393795967102,0.8300770071868862,0.126661237865809,1.8622372150421145,0.6158781920297659,0.7527560964798325,3.0574371814727783,3.0574371814727783,"[0.5929812788963318, 1.231796383857727, 1.7668129205703735, 0.8895394206047058, 3.0574371814727783]","[0.8794272179560043, 0.6121731418817639, 0.5986713286713287, 0.7441025641025641, 0.542]",1.4436934999976074,2
4,dtr,prospective_k2,0.03,0.7916703224182129,0.855812313787267,0.1462102485782325,1.577231764793396,0.6611023056970451,0.6025226278136382,2.657808780670166,2.657808780670166,"[0.36854371428489685, 0.9363327026367188, 1.3892892599105835, 0.8812316060066223, 2.657808780670166]","[0.9230616726399002, 0.6802333266395975, 0.5882284382284382, 0.7516923076923077, 0.591]",1.5344558999931903,2
5,dtr,prospective_k2,0.03,1.4361741542816162,0.8283784602194812,0.150687688662682,1.6268539428710938,0.6352783943489746,0.412006696720706,2.380559206008911,2.380559206008911,"[0.5239773988723755, 1.2278047800064087, 1.519529938697815, 0.8131182789802551, 2.380559206008911]","[0.8864960705543998, 0.6376466259272887, 0.6413752913752914, 0.7515897435897436, 0.5766666666666667]",1.4403451000107452,2
6,dtr,prospective_k2,0.03,0.9374361038208008,0.8297421440694496,0.1060276080551461,1.0042365789413452,0.7256502775010997,0.3524052522158952,1.9008411169052124,1.9008411169052124,"[0.2606879770755768, 0.5255672931671143, 0.7438088655471802, 0.36505985260009766, 1.9008411169052124]","[0.9383618662846503, 0.7874678565832582, 0.769020979020979, 0.9421538461538462, 0.5683333333333332]",1.376625899996725,2
7,dtr,prospective_k2,0.03,1.0267927646636963,0.8347894451200608,0.1492755540604454,1.4631593227386477,0.6457998723791749,0.3841409762352837,2.242429494857788,2.242429494857788,"[0.40432772040367126, 1.0392022132873535, 1.1841487884521484, 0.748388409614563, 2.242429494857788]","[0.9085119686422631, 0.6509336359894422, 0.6274475524475525, 0.756923076923077, 0.5666666666666667]",1.6699385000101756,2
8,dtr,prospective_k2,0.03,0.978531002998352,0.849949114253236,0.1464609275629491,1.6756776571273804,0.6539917956138878,0.8277455281556053,2.986963987350464,2.986963987350464,"[0.41732257604599, 1.061838150024414, 1.2944239377975464, 0.6219362020492554, 2.986963987350464]","[0.9222243904681033, 0.6874209728430994, 0.62997668997669, 0.7724102564102564, 0.5363333333333333]",1.7349939999985509,2
9,dtr,prospective_k2,0.03,1.1214959621429443,0.8282337271245044,0.1055528048134635,1.632176160812378,0.6667539683427643,0.5816750161514141,2.6195693016052246,2.6195693016052246,"[0.3874325752258301, 1.0795395374298096, 1.7227213382720947, 0.9525197744369507, 2.6195693016052246]","[0.9289077209847528, 0.6677388388295988, 0.566060606060606, 0.7387692307692307, 0.6123333333333333]",1.5494390999956522,2
0,dtr,prospective_k2,0.1,0.6111624836921692,0.8471659259796691,0.0591831256332711,1.124872803688049,0.7084540829678059,0.3926631381580662,2.0234310626983643,2.0234310626983643,"[0.26750272512435913, 0.6251013875007629, 0.7810344696044922, 0.4073061943054199, 2.0234310626983643]","[0.9400711033562175, 0.7529226344701099, 0.7284265734265734, 0.8790769230769231, 0.5890000000000001]",1.500009700001101,2
1,dtr,prospective_k2,0.1,0.5893991589546204,0.8605792472237098,0.0666594299269311,1.142971754074097,0.6837877429590267,0.261852270095685,1.8776109218597408,1.8776109218597408,"[0.38880103826522827, 0.7458583116531372, 1.1283127069473267, 0.7008835077285767, 1.8776109218597412]","[0.9393866380225246, 0.7340523297614985, 0.6339627039627039, 0.7958974358974359, 0.5740000000000001]",1.5854131000087364,2
2,dtr,prospective_k2,0.1,0.3743471801280975,0.8770393744589166,0.0274838410287236,1.2412807941436768,0.7015129398177773,0.5097283664698541,2.3042032718658447,2.3042032718658447,"[0.3206523358821869, 0.6286428570747375, 0.9655845761299133, 0.4856802523136139, 2.3042032718658447]","[0.9334108398523412, 0.7840805744042865, 0.6984382284382284, 0.8327832167832167, 0.5533333333333333]",1.6059819999936735,2
3,dtr,prospective_k2,0.1,0.3014363646507263,0.9274493772785504,0.0650450349344638,1.6218311786651611,0.6506730248606332,0.7682241766883984,2.8898491859436035,2.8898491859436035,"[0.459600031375885, 0.8885481953620911, 1.698630928993225, 0.7641879320144653, 2.8898491859436035]","[0.919609057151597, 0.7005792170046241, 0.59006993006993, 0.7787692307692308, 0.5149999999999999]",1.3762357999949018,2
4,dtr,prospective_k2,0.1,0.36787149310112,0.9133380041731072,0.041164220605858,1.5142806768417358,0.6851174879386919,0.5867513386912323,2.590763807296753,2.590763807296753,"[0.33918848633766174, 0.8618818521499634, 1.358626127243042, 0.8549550771713257, 2.590763807296753]","[0.9332580230142373, 0.7438578401492941, 0.605011655011655, 0.7595897435897436, 0.5886666666666667]",1.396524499999941,2
5,dtr,prospective_k2,0.1,0.6456370949745178,0.8650566979104699,0.0529572816542637,1.4707694053649902,0.6778863318673697,0.3973509506030433,2.229881763458252,2.229881763458252,"[0.41876745223999023, 0.9691064953804016, 1.6180919408798218, 0.89793860912323, 2.229881763458252]","[0.9271748855176082, 0.7278477075809331, 0.6427738927738927, 0.7567179487179487, 0.5816666666666668]",1.3843595999933314,2
6,dtr,prospective_k2,0.1,0.2861469089984894,0.9366810731354772,0.035793261272917,0.9909870028495787,0.7265671657337844,0.3573356014494863,1.908556699752808,1.908556699752808,"[0.23662523925304413, 0.4480873644351959, 0.8919414281845093, 0.4706321656703949, 1.9085566997528076]","[0.9524492672426449, 0.8259310797703743, 0.6287878787878787, 0.7165967365967366, 0.5673333333333334]",1.4811735000112094,2
7,dtr,prospective_k2,0.1,0.3330305218696594,0.8997188307194552,0.0393743279539508,1.274471402168274,0.6933650845693679,0.4400497594884314,2.202428340911865,2.202428340911865,"[0.2913952171802521, 0.6813477873802185, 1.1178714036941528, 0.628387451171875, 2.2024283409118652]","[0.9313715697774738, 0.7586446798814592, 0.6319114219114219, 0.7673846153846153, 0.5743333333333334]",1.4362280999921495,2
8,dtr,prospective_k2,0.1,0.5972138047218323,0.8784606726367805,0.0502756907616132,1.711024045944214,0.6781043641369597,1.0321862285398444,3.22871732711792,3.22871732711792,"[0.3666139245033264, 0.9127576947212219, 1.4017109870910645, 0.6593551635742188, 3.22871732711792]","[0.9331989509591718, 0.7500682374914576, 0.63497668997669, 0.7647179487179487, 0.5346666666666666]",1.3998138000024485,2
9,dtr,prospective_k2,0.1,0.9158913493156432,0.8327319295963056,0.062797016567654,1.567452073097229,0.688843560231374,0.6010197768604245,2.624367475509644,2.624367475509644,"[0.309888631105423, 0.9235119819641113, 1.4332549571990967, 0.9462581872940063, 2.6243674755096436]","[0.9292248048494864, 0.7359845233739888, 0.6248018648018647, 0.7595897435897436, 0.5906666666666667]",1.3447225999989314,2
0,dtr,prospective_k2,0.3,0.3193361163139343,0.9430083767455336,0.008210349352762,1.1706984043121338,0.7151083413236715,0.438692885609649,2.126202344894409,2.126202344894409,"[0.2466655671596527, 0.6049991846084595, 0.9603468775749207, 0.48333460092544556, 2.126202344894409]","[0.9412276137476295, 0.7962690213986384, 0.6653496503496503, 0.8339487179487179, 0.5823333333333334]",1.3985342000087255,2
1,dtr,prospective_k2,0.3,0.2551637589931488,0.961441901722166,0.0118811941195907,1.2094404697418213,0.6904371517023755,0.3654279072306631,2.0978713035583496,2.0978713035583496,"[0.36354535818099976, 0.7028157114982605, 1.1632859706878662, 0.680974543094635, 2.0978713035583496]","[0.9377256682223377, 0.7708558882709071, 0.6444988344988345, 0.7981538461538461, 0.5573333333333335]",1.3857023999880766,2
2,dtr,prospective_k2,0.3,0.1932723224163055,0.9667549105639496,0.0044547725974777,1.5131185054779053,0.6844615887957453,0.7024110801006961,2.751166582107544,2.751166582107544,"[0.3434585630893707, 0.8390297889709473, 1.2158501148223877, 0.7040001749992371, 2.751166582107544]","[0.932986530683198, 0.768772861644414, 0.6006293706293706, 0.7897062937062937, 0.5386666666666666]",1.335739400004968,2
3,dtr,prospective_k2,0.3,0.3108788132667541,0.9289505059617048,0.0088126286557672,1.6241676807403564,0.6601697830270934,0.6732287964808628,2.7474124431610107,2.7474124431610107,"[0.4393157362937927, 0.987322986125946, 1.7895599603652954, 0.8402267694473267, 2.7474124431610107]","[0.9216477958436602, 0.7098101145925473, 0.6103962703962704, 0.7467692307692307, 0.5413333333333333]",1.328011699995841,2
4,dtr,prospective_k2,0.3,0.2829940319061279,0.9509747656610724,0.0065440181106206,1.4308875799179075,0.6958396794787068,0.5210910036657799,2.456153392791748,2.456153392791748,"[0.32777225971221924, 0.819571852684021, 1.279348373413086, 0.8375558853149414, 2.456153392791748]","[0.9298980895433642, 0.7734349200161499, 0.6162004662004662, 0.7621538461538462, 0.5856666666666668]",1.5219272999966051,2
5,dtr,prospective_k2,0.3,0.4302527904510498,0.8912138039681384,0.0071439771249951,1.5238374471664429,0.6901402945568202,0.4597443395118504,2.350310802459717,2.350310802459717,"[0.4021399915218353, 0.9874933362007141, 1.6545791625976562, 0.8802701830863953, 2.350310802459717]","[0.9276469305753274, 0.7564123905742657, 0.6322377622377623, 0.7722051282051282, 0.5836666666666667]",1.4411497999972198,2
6,dtr,prospective_k2,0.3,0.2246481627225875,0.9678906276046696,0.0078389569810388,1.1533771753311155,0.7010950365190725,0.4211988116277448,2.114548683166504,2.114548683166504,"[0.2878245711326599, 0.5754165053367615, 1.1087303161621094, 0.5656154155731201, 2.114548683166504]","[0.9519556126175555, 0.7904113510394575, 0.4996969696969697, 0.7563170163170163, 0.5596666666666665]",1.5891179000027478,2
7,dtr,prospective_k2,0.3,0.1694246530532837,0.9722850766067224,0.011150123405849,1.202730417251587,0.7105999107388562,0.3898626578249385,2.060434341430664,2.060434341430664,"[0.2663899064064026, 0.6384796500205994, 1.1054065227508545, 0.5904027819633484, 2.060434341430664]","[0.9384101335560306, 0.7943335375276707, 0.6122377622377623, 0.7986666666666667, 0.5853333333333334]",1.4150047000002814,2
8,dtr,prospective_k2,0.3,0.4221056401729584,0.8792063699126562,0.0098886063069473,1.8173984289169312,0.6738590511933971,1.0237315427972788,3.3085296154022217,3.3085296154022217,"[0.39765429496765137, 1.0008537769317627, 1.610982894897461, 0.875469982624054, 3.3085296154022217]","[0.9268096484035304, 0.7519782932943511, 0.6041142191142191, 0.6504988344988345, 0.5346666666666666]",1.435490400006529,2
9,dtr,prospective_k2,0.3,0.5241014957427979,0.8785826899209324,0.0114690646713162,1.5427881479263306,0.6944391931202601,0.5809444022969794,2.562512159347534,2.562512159347534,"[0.3538370430469513, 0.869190514087677, 1.6892814636230469, 1.0199476480484009, 2.562512159347534]","[0.9214700482956596, 0.7605513507510951, 0.6055477855477855, 0.7464615384615385, 0.5980000000000001]",1.3873489999969024,2
0,dtr,prospective_k2,1.0,0.3079501986503601,0.9415616746511288,0.0010249922090351,1.2535829544067385,0.6938186121711839,0.4199782501674479,2.153022050857544,2.153022050857544,"[0.28064432740211487, 0.7112372517585754, 1.1416871547698975, 0.6106254458427429, 2.153022050857544]","[0.9355921219816274, 0.7735603680448239, 0.6263752913752914, 0.7940512820512821, 0.5643333333333335]",1.3833340999990469,2
1,dtr,prospective_k2,1.0,0.1928790509700775,0.966776776574293,0.002701279281834,1.4059770107269287,0.6852480209263206,0.4683000614412776,2.3690147399902344,2.3690147399902344,"[0.40547218918800354, 0.857903778553009, 1.3679710626602173, 0.7396708726882935, 2.3690147399902344]","[0.923001006436422, 0.7653192006101079, 0.6103613053613054, 0.7907785547785549, 0.5463333333333333]",1.4777552000014111,2
2,dtr,prospective_k2,1.0,0.2083522826433181,0.9688345240507592,0.0031840663265298,1.578620672225952,0.6886043837666921,0.747803485501335,2.8430492877960205,2.8430492877960205,"[0.3418360650539398, 0.880534827709198, 1.3190462589263916, 0.7628806233406067, 2.8430492877960205]","[0.9344838788615956, 0.7723519707073941, 0.5998251748251748, 0.7906759906759907, 0.5463333333333333]",1.3873701999982586,2
3,dtr,prospective_k2,1.0,0.3143302798271179,0.9356527012041698,0.0043816392313796,1.7315094470977783,0.6639627807849428,0.7869405481331136,2.955251216888428,2.955251216888428,"[0.4590036869049072, 1.0037996768951416, 1.902051329612732, 0.9176158905029297, 2.9552512168884277]","[0.9118741604900537, 0.7158937305695476, 0.6118531468531468, 0.7356550116550116, 0.5469999999999999]",1.3654643000045326,2
4,dtr,prospective_k2,1.0,0.2749850749969482,0.962261038772037,0.000725146268069,1.3788553476333618,0.6941491776455315,0.5323574389237911,2.457995653152466,2.457995653152466,"[0.3399357795715332, 0.7414418458938599, 1.179642677307129, 0.7759079933166504, 2.457995653152466]","[0.9327746417900287, 0.7730073726531186, 0.6187179487179487, 0.7914871794871795, 0.5713333333333332]",1.436672700001509,2
5,dtr,prospective_k2,1.0,0.2606323957443237,0.969483723076072,0.0008422032059955,1.4097673892974854,0.6850188897884896,0.4320587535311267,2.254287004470825,2.254287004470825,"[0.39023733139038086, 0.9129586219787598, 1.499271273612976, 0.719232439994812, 2.254287004470825]","[0.9124740916759805, 0.7552884786439021, 0.6225641025641024, 0.7838508158508158, 0.5626666666666666]",1.4429645000054734,2
6,dtr,prospective_k2,1.0,0.2410909384489059,0.9674764185782264,0.0022277761204743,1.2376649379730225,0.695808336603568,0.4839923768523668,2.2499840259552,2.2499840259552,"[0.31032928824424744, 0.621123731136322, 1.1867344379425049, 0.5473793148994446, 2.2499840259552]","[0.9464490697453695, 0.7842362203628161, 0.5086829836829837, 0.7803822843822844, 0.5516666666666666]",1.4948963000060758,2
7,dtr,prospective_k2,1.0,0.2103275805711746,0.9682054646685588,0.0024270161127847,1.2144405841827393,0.6993839093940287,0.4236682058258088,2.125229358673096,2.125229358673096,"[0.29274988174438477, 0.6452451348304749, 1.219239354133606, 0.5730886459350586, 2.1252293586730957]","[0.9413804305857336, 0.782387797532033, 0.5819696969696969, 0.8248857808857808, 0.5619999999999999]",1.379414099996211,2
8,dtr,prospective_k2,1.0,0.2098681479692459,0.9725235536844836,0.001368666719262,1.6345398426055908,0.6820758683840346,0.8316939667808301,2.975464105606079,2.975464105606079,"[0.36225131154060364, 0.9037642478942871, 1.4908212423324585, 0.7722634077072144, 2.975464105606079]","[0.9240751082112849, 0.7604804909326885, 0.6202447552447552, 0.7563729603729603, 0.538]",1.4242211999953724,2
9,dtr,prospective_k2,1.0,0.4113472402095794,0.907076166917304,0.00249358005975,1.6721090078353882,0.6903221748520831,0.6011697983499873,2.65595817565918,2.65595817565918,"[0.38059619069099426, 1.0270798206329346, 1.8490575551986694, 1.1761882305145264, 2.6559581756591797]","[0.9101643920356824, 0.7580227336362215, 0.6268531468531469, 0.748923076923077, 0.5890000000000001]",1.4157753000035882,2
0,dtr,prospective_k2,3.0,0.3654731214046478,0.9218680203841704,0.0002429273148132,1.3258092403411863,0.6937318049569813,0.472818396936627,2.28692364692688,2.28692364692688,"[0.29374995827674866, 0.7587944269180298, 1.1751022338867188, 0.6458316445350647, 2.28692364692688]","[0.9339419569651259, 0.7718706599035027, 0.6258391608391608, 0.790974358974359, 0.5666666666666667]",1.5884655000118073,2
1,dtr,prospective_k2,3.0,0.2151427716016769,0.9680569946804256,0.0004983194662955,1.2801176309585571,0.6876825731937167,0.4823980642088974,2.3311655521392822,2.3311655521392822,"[0.39931201934814453, 0.6981064677238464, 1.1908774375915527, 0.5986260175704956, 2.3311655521392822]","[0.9186515053384523, 0.765767229283943, 0.6620745920745921, 0.8692867132867133, 0.5406666666666667]",1.4203747999999905,2
2,dtr,prospective_k2,3.0,0.2500562071800232,0.9552206969449784,0.0012213564765306,1.539619207382202,0.6761274096738314,0.7398087146384535,2.8173983097076416,2.8173983097076416,"[0.3657398223876953, 0.8392764925956726, 1.3250892162322998, 0.7081395387649536, 2.8173983097076416]","[0.9161049860950883, 0.7587293388589559, 0.620897435897436, 0.7898088578088578, 0.5266666666666666]",1.4129449000029126,2
3,dtr,prospective_k2,3.0,0.2278275787830352,0.9658331973295028,0.0007225627639166,1.4872790575027466,0.6725707207884527,0.6159978178944081,2.59102463722229,2.59102463722229,"[0.3655436635017395, 0.833761990070343, 1.6035223007202148, 0.8008240461349487, 2.59102463722229]","[0.9298043447603256, 0.7336525339434413, 0.6125058275058275, 0.7509370629370629, 0.549]",1.5366482000099495,2
4,dtr,prospective_k2,3.0,0.2427823096513748,0.966590318887263,0.0001910971439301,1.269292235374451,0.6910776333424855,0.4542726729175925,2.2851619720458984,2.2851619720458984,"[0.3442136347293854, 0.6546727418899536, 1.1492105722427368, 0.7635685801506042, 2.2851619720458984]","[0.9334347077966292, 0.7731840239588023, 0.6197902097902098, 0.8582564102564103, 0.5506666666666666]",1.542213199994876,2
5,dtr,prospective_k2,3.0,0.283981055021286,0.9684998792324656,4.020409271458294e-05,1.4734680652618408,0.6859352643271667,0.4455392983281202,2.3170766830444336,2.3170766830444336,"[0.4005052149295807, 0.968824028968811, 1.5852162837982178, 0.8249334096908569, 2.3170766830444336]","[0.9131341576825811, 0.7622726056280291, 0.6225641025641024, 0.7811841491841492, 0.5586666666666666]",1.4517462999938289,2
6,dtr,prospective_k2,3.0,0.2952068448066711,0.9646553233783816,0.0001258672264868,1.3631170988082886,0.678873652774169,0.4992068855654202,2.3237924575805664,2.3237924575805664,"[0.3460659980773926, 0.7458334565162659, 1.4301714897155762, 0.6578398942947388, 2.3237924575805664]","[0.9388583106694618, 0.7583606752644858, 0.45465034965034967, 0.6968018648018648, 0.5563333333333333]",1.3706284999934724,2
7,dtr,prospective_k2,3.0,0.2702207267284393,0.964603139345121,0.0003472966421778,1.3172821998596191,0.6933023358399583,0.4909440668461654,2.2865142822265625,2.2865142822265625,"[0.32301732897758484, 0.6995570659637451, 1.2889155149459839, 0.5827560424804688, 2.2865142822265625]","[0.9376909954943645, 0.7675081407022738, 0.6121794871794871, 0.8017062937062936, 0.5616666666666666]",1.4191671000007773,2
8,dtr,prospective_k2,3.0,0.2301660329103469,0.9709086907600576,0.0006153405310563,1.3734352588653564,0.6936943024356311,0.7304019930471011,2.672417163848877,2.672417163848877,"[0.35636642575263977, 0.6474596858024597, 1.2325323820114136, 0.46162310242652893, 2.672417163848877]","[0.9263853392343873, 0.7863919092634617, 0.6096386946386947, 0.8032634032634032, 0.5326666666666666]",1.397691899997881,2
9,dtr,prospective_k2,3.0,0.3169775307178497,0.966590318887263,0.001099930853878,1.4704821109771729,0.683868545537985,0.5100479623416044,2.4290030002593994,2.4290030002593994,"[0.34170985221862793, 0.8727693557739258, 1.5391724109649658, 0.9122288823127747, 2.4290030002593994]","[0.9307944437702267, 0.7633478744452334, 0.6310489510489511, 0.7514871794871796, 0.5583333333333333]",1.4237920000014128,2
0,dtr,prospective_k2,10.0,0.3492701947689056,0.9231121087585616,0.0001153686666408,1.2762619256973269,0.6904873113336225,0.4597458605071737,2.2297730445861816,2.2297730445861816,"[0.2787664830684662, 0.7068356275558472, 1.2646229267120361, 0.6619620323181152, 2.2297730445861816]","[0.9342719899684262, 0.772582385453938, 0.6016433566433567, 0.7856410256410256, 0.5599999999999999]",1.3227355999988504,2
1,dtr,prospective_k2,10.0,0.2297688722610473,0.968885180703748,0.0001573005878968,1.272080659866333,0.6842999117667359,0.4222200657297777,2.258240938186645,2.258240938186645,"[0.43392428755760193, 0.6907886266708374, 1.2541478872299194, 0.7280559539794922, 2.2582409381866455]","[0.9096566114843816, 0.7665275979475374, 0.6318648018648018, 0.827990675990676, 0.5353333333333333]",1.374286200007191,2
2,dtr,prospective_k2,10.0,0.2346533238887787,0.9635031032349186,0.000138655389226,1.3747947216033936,0.6795213907897285,0.6624326915922518,2.625396966934204,2.625396966934204,"[0.3668447732925415, 0.6771440505981445, 1.2767393589019775, 0.6117011308670044, 2.625396966934204]","[0.9163412743153501, 0.762287966611132, 0.6065734265734265, 0.8201678321678323, 0.5266666666666666]",1.4621736999979476,2
3,dtr,prospective_k2,10.0,0.2571903169155121,0.9540634444807984,4.8837633113618254e-05,1.349906325340271,0.664973760480409,0.5539058544840048,2.435005187988281,2.435005187988281,"[0.36684730648994446, 0.7377922534942627, 1.5093501806259155, 0.696216344833374, 2.4350051879882812]","[0.9340953051860341, 0.7274175882197038, 0.5855128205128205, 0.7714778554778554, 0.5293333333333333]",1.4440518000046725,2
4,dtr,prospective_k2,10.0,0.258926510810852,0.9660188903158344,3.887659538567925e-05,1.321397066116333,0.6831377879210885,0.4592999750115021,2.3260817527771,2.3260817527771,"[0.3532799780368805, 0.708972156047821, 1.2173779010772705, 0.8361272811889648, 2.3260817527770996]","[0.9334347077966292, 0.7644333839178397, 0.6155944055944056, 0.8422564102564103, 0.5399999999999999]",1.4166303999954837,2
5,dtr,prospective_k2,10.0,0.2828671038150787,0.950046826261007,0.0001684188298543,1.4789079427719116,0.6819513434507283,0.4550870684147393,2.3605284690856934,2.3605284690856934,"[0.4336623251438141, 0.9530903697013855, 1.55924391746521, 0.8076696395874023, 2.3605284690856934]","[0.9052475069485423, 0.7619065021974095, 0.6158974358974358, 0.774013986013986, 0.5483333333333333]",1.33389769999485,2
6,dtr,prospective_k2,10.0,0.3237316608428955,0.9552225892565636,0.0003577924827918,1.092404842376709,0.68953723199679,0.3881208543941389,1.9781564474105835,1.9781564474105835,"[0.34345048666000366, 0.49567776918411255, 1.4443410634994507, 0.6812041997909546, 1.9781564474105835]","[0.9396711935141665, 0.7781275611306798, 0.5007109557109557, 0.6793846153846154, 0.5476666666666666]",1.3592694000108168,2
7,dtr,prospective_k2,10.0,0.3094177842140198,0.9290366925562494,7.812078819905289e-05,1.3201467990875244,0.6882379123182494,0.4724173198358263,2.263646364212036,2.263646364212036,"[0.32811474800109863, 0.7104423642158508, 1.354933500289917, 0.6495142579078674, 2.263646364212036]","[0.9317845427801276, 0.7647226824329446, 0.5907808857808858, 0.7717482517482518, 0.5623333333333334]",1.365614700000151,2
8,dtr,prospective_k2,10.0,0.2416243255138397,0.9711635559003658,0.0003869728656646,1.2900933027267456,0.6930999237338564,0.57617282067823,2.442272186279297,2.442272186279297,"[0.34740811586380005, 0.6417244672775269, 1.1236034631729126, 0.5180586576461792, 2.442272186279297]","[0.922010907426521, 0.7815788012245473, 0.6464918414918415, 0.8365128205128205, 0.5349999999999999]",1.3513042999984464,2
9,dtr,prospective_k2,10.0,0.5152191519737244,0.8862241680727283,0.0007232955729765,1.580005407333374,0.6788691874207208,0.5995260735491976,2.631296873092652,2.631296873092652,"[0.3967244029045105, 0.9069463610649109, 1.6474921703338623, 0.9336908459663391, 2.6312968730926514]","[0.922366402522522, 0.7472598048087766, 0.5997435897435898, 0.7534918414918416, 0.5643333333333334]",1.355296300011105,2
0,dtr,prospective_k1,0.0,1.7042032480239868,0.7836470320514045,0.08295468145927774,2.0225579738616943,0.5859637629311999,0.6134249131897798,2.8086471557617188,2.8086471557617188,"[0.72438645362854, 1.8689525127410889, 1.3114782571792603, 0.7372349500656128, 2.8086471557617188]","[0.8579190107755948, 0.5254405773133669, 0.6137296037296037, 0.7595897435897436, 0.5586666666666666]",2.326696299991454,1
1,dtr,prospective_k1,0.0,2.0562283992767334,0.7953213394447095,0.07419804977291405,2.2161524295806885,0.5153128360864546,0.3446668855266717,2.5826306343078613,2.5826306343078613,"[1.368844747543335, 2.398021936416626, 2.0411171913146973, 1.0586926937103271, 2.5826306343078613]","[0.6942838810010132, 0.4506223395078762, 0.42099067599067597, 0.662974358974359, 0.5563333333333333]",1.433104199997615,1
2,dtr,prospective_k1,0.0,1.6869627237319946,0.8041009748009961,0.06407542385682156,1.944514513015747,0.6142630824921371,0.4800291841942107,2.536898374557495,2.536898374557495,"[0.8840228915214539, 1.9777005910873413, 1.2833821773529053, 0.6788350343704224, 2.536898374557495]","[0.8364253302185924, 0.57797476477101, 0.7434498834498835, 0.8265641025641026, 0.5626666666666666]",1.4224460999976145,1
3,dtr,prospective_k1,0.0,1.8659778833389282,0.7507677288603417,0.06055806055971624,2.527561902999878,0.46910446811138706,0.7495473513609909,3.3572216033935547,3.3572216033935547,"[1.2586003541946411, 2.5060675144195557, 2.4019927978515625, 1.0030806064605713, 3.3572216033935547]","[0.6625687548757316, 0.395354328588518, 0.3986480186480187, 0.8162051282051281, 0.5050000000000001]",1.2547060999932,1
4,dtr,prospective_k1,0.0,1.9042723178863525,0.8082932061846341,0.11381769376527134,2.0737292766571045,0.5986107734178788,0.6976821101200392,3.08307147026062,3.08307147026062,"[0.6648209095001221, 1.7429533004760742, 1.5068219900131226, 0.9792436361312866, 3.08307147026062]","[0.8722186116801078, 0.5549084343518841, 0.5397435897435897, 0.7622564102564102, 0.5656666666666667]",1.2207154000061564,1
5,dtr,prospective_k1,0.0,1.5045565366744995,0.8065874251825477,0.046970994384200486,2.0813934803009033,0.5739155389744411,0.6136065587904307,3.040943145751953,3.040943145751953,"[0.8737263679504395, 1.7851238250732422, 1.67916738986969, 0.9341806173324585, 3.040943145751953]","[0.8255205322356536, 0.5240504599107522, 0.6049184149184149, 0.7515897435897436, 0.533]",1.1944514000060735,1
6,dtr,prospective_k1,0.0,1.1176490783691406,0.8226461769879327,0.07428764708248185,1.844476342201233,0.6206362022081565,0.7405156546830575,2.981261730194092,2.981261730194092,"[0.5721825361251831, 1.3740606307983398, 1.289025068283081, 0.688867449760437, 2.981261730194092]","[0.8737208749951518, 0.6196963349206828, 0.6112004662004662, 0.7649230769230769, 0.5496666666666667]",1.237695599993458,1
7,dtr,prospective_k1,0.0,1.3238604068756104,0.8067543218321468,0.04158916394896959,2.0106263160705566,0.5863598241880131,0.447999227049082,2.6998395919799805,2.6998395919799805,"[0.8276726603507996, 1.8273518085479736, 1.4583518505096436, 0.9919731020927429, 2.6998395919799805]","[0.8240352987828713, 0.5436402219673584, 0.6000699300699301, 0.756923076923077, 0.5646666666666668]",1.1847242999938317,1
8,dtr,prospective_k1,0.0,1.6335573196411133,0.8055285798402446,0.13332363803690844,2.505066394805908,0.5825523702563831,0.9139994700264993,3.6065075397491455,3.6065075397491455,"[0.8626196980476379, 2.1656386852264404, 2.1447596549987793, 1.1954938173294067, 3.6065075397491455]","[0.7832076523525903, 0.5401698942269376, 0.602004662004662, 0.7462564102564102, 0.5566666666666666]",1.1829045000049518,1
9,dtr,prospective_k1,0.0,1.1891522407531738,0.8131489369485216,0.06827334415765456,2.2863688468933105,0.6164434439301574,0.8609508278918611,3.4053852558135986,3.4053852558135986,"[0.5844578742980957, 1.773817777633667, 2.2504546642303467, 1.4886857271194458, 3.4053852558135986]","[0.866422018503328, 0.5780054824587356, 0.5702564102564102, 0.7412307692307692, 0.5903333333333334]",1.1974588000011863,1
0,dtr,prospective_k1,0.001,1.711942434310913,0.7820665381470594,0.06686629483729233,2.001908540725708,0.587834249676377,0.5979952461941508,2.769073009490967,2.769073009490967,"[0.7274835109710693, 1.86376953125, 1.2855479717254639, 0.7203132510185242, 2.769073009490967]","[0.8591500469881248, 0.5271658786075724, 0.6070629370629371, 0.7675897435897436, 0.5596666666666666]",1.1894528999982867,1
1,dtr,prospective_k1,0.001,1.9661954641342163,0.7956866672172336,0.05244300296767749,2.177915334701538,0.5189055373001764,0.31845143515712604,2.4930171966552734,2.4930171966552734,"[1.3426616191864014, 2.3873860836029053, 2.053485870361328, 1.0796372890472412, 2.4930171966552734]","[0.6939722470501618, 0.4544269131516468, 0.4223892773892774, 0.6522051282051281, 0.5626666666666666]",1.180809199999203,1
2,dtr,prospective_k1,0.001,1.644068956375122,0.8064229504183764,0.052124064645649476,1.8609554767608643,0.6164450284318577,0.43750604132256915,2.4287054538726807,2.4287054538726807,"[0.8477553129196167, 1.8934452533721924, 1.2115732431411743, 0.6612889170646667, 2.4287054538726807]","[0.8387946332967602, 0.5768984426968748, 0.747983682983683, 0.836923076923077, 0.5693333333333334]",1.18457959999796,1
3,dtr,prospective_k1,0.001,1.8692926168441772,0.7486088175393762,0.041377671216250446,2.51301908493042,0.47044412501248595,0.7017623139492434,3.302529811859131,3.302529811859131,"[1.291473150253296, 2.475809097290039, 2.5450446605682373, 1.0626838207244873, 3.302529811859131]","[0.6418601470499684, 0.41109744277340365, 0.3772494172494173, 0.818871794871795, 0.5109999999999999]",1.19519240000227,1
4,dtr,prospective_k1,0.001,1.8314154148101807,0.8069442482428724,0.09011751634103281,2.0084667205810547,0.5977899811547667,0.6483487460825325,2.9814136028289795,2.9814136028289795,"[0.6668838262557983, 1.6996078491210938, 1.47017240524292, 0.9302014112472534, 2.9814136028289795]","[0.8724548999003694, 0.551249975678807, 0.5594172494172494, 0.7622564102564102, 0.5643333333333334]",1.2051895999902626,1
5,dtr,prospective_k1,0.001,1.5082790851593018,0.8058893449033155,0.04221216248877255,2.0688624382019043,0.575505383892103,0.6198222083887662,3.03483510017395,3.03483510017395,"[0.856602668762207, 1.7822444438934326, 1.633286476135254, 0.9191032648086548, 3.03483510017395]","[0.8324538820646892, 0.5287822338041037, 0.6063170163170163, 0.7515897435897436, 0.5309999999999999]",1.2096753000078024,1
6,dtr,prospective_k1,0.001,1.028992772102356,0.8212644447933961,0.0573722707881849,1.8399120569229126,0.6257411124858081,0.7231931287080761,2.953683853149414,2.953683853149414,"[0.5736432075500488, 1.3895560503005981, 1.2787721157073975, 0.6879096031188965, 2.953683853149414]","[0.8804001561094505, 0.6276466574855488, 0.6203962703962704, 0.7649230769230769, 0.5509999999999999]",1.2166006000043126,1
7,dtr,prospective_k1,0.001,1.4520714282989502,0.8058790483091706,0.0345549362677115,2.0195541381835938,0.5921213124166455,0.42751733508213763,2.649651288986206,2.649651288986206,"[0.803004264831543, 1.8728615045547485, 1.470115303993225, 1.0389606952667236, 2.649651288986206]","[0.8325956100669181, 0.5501741072546608, 0.6028671328671329, 0.7515897435897436, 0.5700000000000001]",1.2222774999972899,1
8,dtr,prospective_k1,0.001,1.3856594562530518,0.8130405803022596,0.3502512527591407,2.6371829509735107,0.5825019580863879,1.057640075018353,3.8724875450134277,3.8724875450134277,"[0.9304823875427246, 2.1698851585388184, 2.309480667114258, 1.245537519454956, 3.8724875450134277]","[0.7870987029362478, 0.5405363293291503, 0.5951398601398601, 0.7435897435897436, 0.5523333333333333]",1.2264103000052273,1
9,dtr,prospective_k1,0.001,1.2729809284210205,0.8114454774022235,0.059216774049609774,2.369372844696045,0.6070113882400514,0.8730034904390755,3.4919326305389404,3.4919326305389404,"[0.645014762878418, 1.8802154064178467, 2.2280592918395996, 1.500231146812439, 3.4919326305389404]","[0.8653728474383614, 0.5681042479784962, 0.5744522144522144, 0.7412307692307692, 0.5716666666666667]",1.208992900006706,1
0,dtr,prospective_k1,0.003,1.7196025848388672,0.7818893449033155,0.04446610207420318,1.9989020824432373,0.5888918906120862,0.5843859013984911,2.7390072345733643,2.7390072345733643,"[0.7371800541877747, 1.8818782567977905, 1.27512526512146, 0.7170689105987549, 2.7390072345733643]","[0.8649430045745982, 0.5279234534355619, 0.6056643356643356, 0.7782564102564102, 0.5603333333333333]",1.2014095000049565,1
1,dtr,prospective_k1,0.003,1.8814977407455444,0.7945438100743764,0.03133145330374133,2.1616268157958984,0.5127029234249565,0.295958115271568,2.444833755493164,2.444833755493164,"[1.3162034749984741, 2.380924940109253, 2.11149001121521, 1.1462606191635132, 2.444833755493164]","[0.6896818180072575, 0.4473813422351081, 0.4181934731934732, 0.6206153846153846, 0.5589999999999999]",1.2084212000045227,1
2,dtr,prospective_k1,0.003,1.698671579360962,0.80541388508546,0.036584069699416924,1.8668124675750732,0.6193478119514771,0.44552660688990836,2.431997299194336,2.431997299194336,"[0.8566979169845581, 1.9151989221572876, 1.1962730884552002, 0.6509832143783569, 2.431997299194336]","[0.8380754952350941, 0.5810514150510501, 0.7540442890442891, 0.8475897435897435, 0.5693333333333334]",1.2108973000140395,1
3,dtr,prospective_k1,0.003,1.4719514846801758,0.7567836927736924,0.024555919346985994,2.5002338886260986,0.5125431714167161,0.7391275084439461,3.4250690937042236,3.4250690937042236,"[1.1895573139190674, 2.3226466178894043, 2.4730000495910645, 1.1394184827804565, 3.4250690937042236]","[0.7492814173837292, 0.4542882353354372, 0.48531468531468536, 0.7575384615384615, 0.5106666666666666]",1.204591599991545,1
4,dtr,prospective_k1,0.003,1.6979360580444336,0.8103367720141457,0.05660498485643677,1.929739236831665,0.6053278522432597,0.6036542246728616,2.8935208320617676,2.8935208320617676,"[0.6112791895866394, 1.5757852792739868, 1.5297508239746094, 0.9697176814079285, 2.8935208320617676]","[0.8823841418518018, 0.5581402444526187, 0.5679020979020979, 0.7596923076923077, 0.577]",1.2053537000028882,1
5,dtr,prospective_k1,0.003,1.588944911956787,0.8042273944792356,0.03289572250695876,2.100137233734131,0.5747821605121067,0.5843530520260026,3.01326060295105,3.01326060295105,"[0.8891860246658325, 1.8376128673553467, 1.752557396888733, 0.9801799058914185, 3.01326060295105]","[0.8307485198908411, 0.5279087230575257, 0.6049184149184149, 0.7515897435897436, 0.532]",1.2143366000091191,1
6,dtr,prospective_k1,0.003,1.0618484020233154,0.8178376671190902,0.03999076900168211,1.872730016708374,0.6188648685887671,0.7263957601507505,2.975034236907959,2.975034236907959,"[0.5941255688667297, 1.434826135635376, 1.2824958562850952, 0.702276885509491, 2.975034236907959]","[0.877545877812954, 0.6094726933657127, 0.6148018648018648, 0.7649230769230769, 0.5516666666666666]",1.206312499998603,1
7,dtr,prospective_k1,0.003,1.3453493118286133,0.8032245191720412,0.0254771302266376,2.0323755741119385,0.5806419708906363,0.4446223148162522,2.7053382396698,2.7053382396698,"[0.8554197549819946, 1.865012764930725, 1.4612796306610107, 0.999986469745636, 2.7053382396698]","[0.8137901497543497, 0.5363982761424365, 0.5986713286713287, 0.7542564102564102, 0.5636666666666666]",1.211156299992581,1
8,dtr,prospective_k1,0.003,1.8251844644546509,0.8092575072691519,0.27325607817849995,2.882063388824463,0.581244064787583,1.1972679141284686,4.1546173095703125,4.1546173095703125,"[0.9411276578903198, 2.406424045562744, 2.72348690032959, 1.5737355947494507, 4.1546173095703125]","[0.7939639030749388, 0.5432012350449035, 0.5847552447552448, 0.7384615384615385, 0.5423333333333333]",1.2095097999990685,1
9,dtr,prospective_k1,0.003,1.3177059888839722,0.8105702038792476,0.04325667968012178,2.3501479625701904,0.6077542498124824,0.8445805201241319,3.4381020069122314,3.4381020069122314,"[0.6357095241546631, 1.8913829326629639, 2.1974143981933594, 1.482399344444275, 3.4381020069122314]","[0.8669639403997976, 0.565782672463919, 0.5814452214452215, 0.7412307692307692, 0.5740000000000001]",1.2127983999962453,1
0,dtr,prospective_k1,0.01,1.7148948907852173,0.7796542725831811,0.013649665033866349,1.9682562351226807,0.5924257579686252,0.549882015004855,2.6498332023620605,2.6498332023620605,"[0.7504550814628601, 1.9019396305084229, 1.2469966411590576, 0.6917098760604858, 2.6498332023620605]","[0.864047424432384, 0.5358320591387874, 0.6084615384615385, 0.796923076923077, 0.5596666666666666]",1.27678410000226,1
1,dtr,prospective_k1,0.01,1.5749742984771729,0.802196759008198,0.025407138675328636,2.1241049766540527,0.5166267543275938,0.2914066382099827,2.474393367767334,2.474393367767334,"[1.2582244873046875, 2.2747445106506348, 2.1287918090820312, 1.1721251010894775, 2.474393367767334]","[0.6885679504687119, 0.45997629185710115, 0.4217948717948718, 0.5968205128205128, 0.5583333333333333]",1.2929938000015682,1
2,dtr,prospective_k1,0.01,1.6904704570770264,0.8040700598172016,0.016097735966184013,1.7961441278457642,0.6230456588584266,0.4406708059349887,2.3790249824523926,2.3790249824523926,"[0.8234018087387085, 1.8196918964385986, 1.0541331768035889, 0.6016362309455872, 2.3790249824523926]","[0.8433560232878993, 0.5857641165406787, 0.7633682983682984, 0.8500512820512821, 0.5696666666666668]",1.264076000006753,1
3,dtr,prospective_k1,0.01,1.5392800569534302,0.7574152083857504,0.019012778874777963,2.432760715484619,0.507137317543384,0.7035308434502611,3.317622423171997,3.317622423171997,"[1.172803282737732, 2.296168088912964, 2.324474573135376, 1.0464619398117065, 3.317622423171997]","[0.7291951915130774, 0.45100838536340576, 0.4864452214452214, 0.7842051282051282, 0.5126666666666667]",1.2077181000058772,1
4,dtr,prospective_k1,0.01,1.5891549587249756,0.8111577028182821,0.04496373953642668,1.9315178394317627,0.6040603128847936,0.5725182257664392,2.848845958709717,2.848845958709717,"[0.6109129190444946, 1.5750430822372437, 1.5840426683425903, 1.0068517923355103, 2.848845958709717]","[0.8803448717769345, 0.5531110293933323, 0.5584382284382284, 0.7571282051282051, 0.5823333333333334]",1.2458686000027228,1
5,dtr,prospective_k1,0.01,1.6073938608169556,0.8142930399934588,0.01727149319746857,2.262267589569092,0.5722580318652513,0.6942780737397334,3.2609105110168457,3.2609105110168457,"[0.8908969759941101, 1.9267059564590454, 1.830200433731079, 1.0973596572875977, 3.2609105110168457]","[0.8147251387820742, 0.5230665201023841, 0.616853146853147, 0.748923076923077, 0.5393333333333333]",1.290722600009758,1
6,dtr,prospective_k1,0.01,1.0106613636016846,0.8230132146448115,0.01765033271577623,1.8368804454803467,0.6191510565566393,0.6721611658839003,2.88808012008667,2.88808012008667,"[0.6054018139839172, 1.4438302516937256, 1.2279558181762695, 0.7021218538284302, 2.88808012008667]","[0.8845513170328344, 0.6034273887231855, 0.6134032634032633, 0.7649230769230769, 0.5503333333333333]",1.2529756000003545,1
7,dtr,prospective_k1,0.01,1.4344103336334229,0.7961248005099593,0.010472463727487948,2.0455400943756104,0.5840314442546696,0.43300643467850597,2.6835439205169678,2.6835439205169678,"[0.839218020439148, 1.8956791162490845, 1.4883267879486084, 1.0406873226165771, 2.6835439205169678]","[0.8227395660967624, 0.535948527543426, 0.6022727272727273, 0.7515897435897436, 0.5666666666666667]",1.2290910000010626,1
8,dtr,prospective_k1,0.01,1.4900786876678467,0.8135253045634012,0.2097048308133098,2.7608273029327393,0.5818803885436841,1.2235987963759247,4.120156764984131,4.120156764984131,"[0.8846087455749512, 2.237428665161133, 2.4794564247131348, 1.4096280336380005, 4.120156764984131]","[0.7989631967786283, 0.5538984004030857, 0.576958041958042, 0.7411282051282051, 0.5293333333333334]",1.253017600000021,1
9,dtr,prospective_k1,0.01,1.3241770267486572,0.8092572935947839,0.01774131025306482,2.420520782470703,0.6089541692611385,0.8542155270259973,3.4735305309295654,3.4735305309295654,"[0.6430988907814026, 1.9552228450775146, 2.359642267227173, 1.6417672634124756, 3.4735305309295654]","[0.8636636103667943, 0.5572948219995787, 0.5674592074592074, 0.7386666666666667, 0.5933333333333334]",1.2868952999997418,1
0,dtr,prospective_k1,0.03,1.691288709640503,0.7794518578501269,0.004077643953233099,1.946807622909546,0.5969862058005251,0.5406083083700219,2.6123337745666504,2.6123337745666504,"[0.7635680437088013, 1.9009774923324585, 1.2024270296096802, 0.6635812520980835, 2.6123337745666504]","[0.8644434593767161, 0.5447246817941186, 0.6064685314685315, 0.8182564102564103, 0.5613333333333334]",1.2840054999978747,1
1,dtr,prospective_k1,0.03,1.7772586345672607,0.7924121404864437,0.06117215470522029,2.301981210708618,0.5027764895706976,0.40951841249522314,2.9093546867370605,2.9093546867370605,"[1.3564168214797974, 2.268091917037964, 1.9701331853866577, 1.1277477741241455, 2.9093546867370605]","[0.6573559009927081, 0.443316485810783, 0.4217948717948718, 0.5838806221101303, 0.5573333333333335]",1.2929221000085818,1
2,dtr,prospective_k1,0.03,1.7711375951766968,0.7966664962035722,0.005789890701388136,1.9563652276992798,0.6267238373382198,0.4896516970306598,2.53867506980896,2.53867506980896,"[0.9260261654853821, 2.006793260574341, 1.2026691436767578, 0.6633383631706238, 2.53867506980896]","[0.8353170870985606, 0.5935380247966741, 0.752972027972028, 0.850153846153846, 0.5686666666666667]",1.2831330000044545,1
3,dtr,prospective_k1,0.03,1.6395457983016968,0.753002973745336,0.05567326320051656,2.731452226638794,0.4746770580166923,0.8591541755902516,3.8257644176483154,3.8257644176483154,"[1.4293105602264404, 2.3848612308502197, 2.6258578300476074, 1.2529093027114868, 3.8257644176483154]","[0.6649573429529398, 0.4270910545926031, 0.4524592074592075, 0.7815384615384615, 0.489]",1.2914263000129722,1
4,dtr,prospective_k1,0.03,1.783569574356079,0.7931518798430145,0.007375737031300862,2.0778520107269287,0.584510078824997,0.5467806071911208,2.8693692684173584,2.8693692684173584,"[0.748316764831543, 1.887946367263794, 1.6504207849502563, 1.0351158380508423, 2.8693692684173584]","[0.859805775065707, 0.5192872336705412, 0.43531468531468526, 0.7571282051282051, 0.5753333333333334]",1.2912713999976404,1
5,dtr,prospective_k1,0.03,1.5264607667922974,0.8086779303520595,0.015428260765939093,2.077538251876831,0.5815447449569119,0.631131302407008,3.079725980758667,3.079725980758667,"[0.838778018951416, 1.7451343536376953, 1.6751540899276733, 0.9830604791641235, 3.079725980758667]","[0.8283234882725228, 0.545332713718836, 0.5996503496503497, 0.748923076923077, 0.533]",1.2253768000082346,1
6,dtr,prospective_k1,0.03,0.9930921792984009,0.8137333908448102,0.01752004456618195,1.803444266319275,0.6256621230337418,0.738083290943259,2.931617498397827,2.931617498397827,"[0.6135833859443665, 1.3770663738250732, 1.0298607349395752, 0.6079874634742737, 2.931617498397827]","[0.8918247305642071, 0.6111536674486894, 0.7071095571095571, 0.8582564102564103, 0.5319999999999999]",1.2152394000004278,1
7,dtr,prospective_k1,0.03,1.2683990001678467,0.7996421822347709,0.005502748145978637,2.022580623626709,0.5891824636895391,0.4792889443986814,2.770012617111206,2.770012617111206,"[0.8228921890258789, 1.7914329767227173, 1.4513177871704102, 0.9910049438476562, 2.770012617111206]","[0.8266550160075121, 0.5510927645712062, 0.5910839160839161, 0.756923076923077, 0.562]",1.2241501999960747,1
8,dtr,prospective_k1,0.03,1.719458818435669,0.8196008176044194,0.0057263157249968725,2.2789864540100098,0.5819274509911685,0.7053519287596283,3.176436185836792,3.176436185836792,"[0.8260650634765625, 2.0538249015808105, 1.892041802406311, 1.0183629989624023, 3.176436185836792]","[0.7993007134230875, 0.5364761773976275, 0.6008158508158508, 0.7436923076923077, 0.5583333333333333]",1.275074000004679,1
9,dtr,prospective_k1,0.03,1.2497072219848633,0.810960753141082,0.004471187177018374,2.2045090198516846,0.6070510904249093,0.7434456653007409,3.2198822498321533,3.2198822498321533,"[0.6062856912612915, 1.7787319421768188, 2.1015777587890625, 1.3687918186187744, 3.2198822498321533]","[0.8777032754362128, 0.5565653883204458, 0.566060606060606, 0.7386666666666667, 0.587]",1.22413129999768,1
0,dtr,prospective_k1,0.1,1.6855056285858154,0.7862114702289953,0.001398347916058552,1.8861576318740845,0.5905736704838412,0.4974116801661319,2.5228018760681152,2.5228018760681152,"[0.7635115385055542, 1.841067910194397, 1.1864172220230103, 0.6373894810676575, 2.5228018760681152]","[0.8619329641536012, 0.5263819941658359, 0.5994755244755245, 0.8422564102564103, 0.5616666666666668]",1.2157371999928728,1
1,dtr,prospective_k1,0.1,1.862013816833496,0.7865876241695069,0.034104789726037546,2.344862699508667,0.5161170685458656,0.33115628232016886,2.6424155235290527,2.6424155235290527,"[1.4970942735671997, 2.498048782348633, 2.1251299381256104, 1.1467115879058838, 2.6424155235290527]","[0.6579155763824942, 0.46937113097131533, 0.43857808857808855, 0.596201765447667, 0.5536666666666668]",1.2293388999969466,1
2,dtr,prospective_k1,0.1,1.6516491174697876,0.7983630146346925,0.0056653456923402385,1.867894172668457,0.6227947634963005,0.47798172973123537,2.418785810470581,2.418785810470581,"[0.9235360026359558, 1.9400736093521118, 1.0577455759048462, 0.5523804426193237, 2.418785810470581]","[0.8372972851183625, 0.5843843187129516, 0.7582983682983684, 0.8768205128205129, 0.5663333333333334]",1.2220805999968434,1
3,dtr,prospective_k1,0.1,1.9023977518081665,0.7477945025822148,0.0031003685583793576,2.601248264312744,0.49606402252010773,0.6644491151857495,3.4192042350769043,3.4192042350769043,"[1.3273783922195435, 2.5034899711608887, 2.293680429458618, 1.2070997953414917, 3.4192042350769043]","[0.6687415968647124, 0.4704207314224097, 0.5417132867132868, 0.7335384615384616, 0.518]",1.2112454000016442,1
4,dtr,prospective_k1,0.1,2.0256505012512207,0.7878027082268845,0.0032654224967760314,2.04305100440979,0.5767853530680842,0.530511067100573,2.7994236946105957,2.7994236946105957,"[0.7846509218215942, 1.9171092510223389, 1.549564003944397, 0.9320921897888184, 2.7994236946105957]","[0.8507035418851906, 0.5036782065880314, 0.3995104895104895, 0.8023589743589744, 0.5666666666666667]",1.2718025000067428,1
5,dtr,prospective_k1,0.1,1.61331045627594,0.8026885266096242,0.00232901460962531,1.9168918132781982,0.5881506973703854,0.5091632057254548,2.7973644733428955,2.7973644733428955,"[0.8099251985549927, 1.6241670846939087, 1.5279046297073364, 0.8879523277282715, 2.7973644733428955]","[0.843432848836281, 0.5520153463027915, 0.6063170163170163, 0.7595897435897436, 0.5433333333333333]",1.2590213000075892,1
6,dtr,prospective_k1,0.1,0.5604338645935059,0.8321659625666504,0.002287627431590861,1.7075011730194092,0.631809335657392,0.6220682051588062,2.748870372772217,2.748870372772217,"[0.5722371339797974, 1.2916111946105957, 1.086267113685608, 0.6357823610305786, 2.748870372772217]","[0.9003836905559777, 0.63333620755431, 0.6413752913752914, 0.8262564102564103, 0.5436666666666666]",1.2671185000072,1
7,dtr,prospective_k1,0.1,1.3888294696807861,0.7941791925074584,0.00203103069292665,1.996005654335022,0.5815122027982308,0.45071850943694985,2.692701816558838,2.692701816558838,"[0.8623959422111511, 1.8182976245880127, 1.3896329402923584, 0.935297966003418, 2.692701816558838]","[0.8236955237614942, 0.5348177753601864, 0.5816200466200466, 0.7595897435897436, 0.5640000000000001]",1.2407215999992331,1
8,dtr,prospective_k1,0.1,1.5837860107421875,0.8179846084251267,0.003248830912289796,2.397753953933716,0.5755770012484508,0.7456697816807856,3.3137245178222656,3.3137245178222656,"[0.8890842199325562, 2.1389389038085938, 2.063281536102295, 1.1100165843963623, 3.3137245178222656]","[0.7785871903063856, 0.5289239586489829, 0.591025641025641, 0.7385641025641025, 0.5549999999999999]",1.369081199998618,1
9,dtr,prospective_k1,0.1,1.0919829607009888,0.8230821204247949,0.005162346142309683,2.1095690727233887,0.6034006688171357,0.6173476053009972,3.0146000385284424,3.0146000385284424,"[0.6556618809700012, 1.7348365783691406, 2.080470323562622, 1.3242946863174438, 3.0146000385284424]","[0.8700393183790286, 0.5625670396064054, 0.566060606060606, 0.7387692307692307, 0.576]",1.3421215999987908,1
0,dtr,prospective_k1,0.3,1.6725027561187744,0.7870142210886389,0.00029572143138926706,1.8461339473724365,0.5937359064659302,0.46833110322360766,2.4884679317474365,2.4884679317474365,"[0.7319320440292358, 1.7672984600067139, 1.2174524068832397, 0.6611343622207642, 2.4884679317474365]","[0.8727058867799926, 0.527690488810205, 0.5980769230769231, 0.8395897435897435, 0.5626666666666666]",1.3032470000034664,1
1,dtr,prospective_k1,0.3,1.7338769435882568,0.7811877959003879,0.017839738861523537,2.252938985824585,0.5157929143517259,0.3147550461869287,2.5863356590270996,2.5863356590270996,"[1.455690622329712, 2.371469497680664, 1.9738550186157227, 1.076696753501892, 2.5863356590270996]","[0.6532004623143169, 0.4597955303383129, 0.43857808857808855, 0.620201765447667, 0.5586666666666666]",1.323492499999702,1
2,dtr,prospective_k1,0.3,1.7501884698867798,0.7995908153761759,0.0004997527602400799,1.8113696575164795,0.6225015910744436,0.4200600186784868,2.3513123989105225,2.3513123989105225,"[0.8808798789978027, 1.8853614330291748, 1.1141984462738037, 0.6169687509536743, 2.3513123989105225]","[0.8349870540952601, 0.5836023244417625, 0.7499067599067599, 0.8688205128205129, 0.5683333333333334]",1.3089540999935707,1
3,dtr,prospective_k1,0.3,2.116830348968506,0.7751443629726257,0.0025430238295975046,2.5171940326690674,0.5082805951272802,0.7573219681967236,3.3701648712158203,3.3701648712158203,"[1.1937323808670044, 2.513230562210083, 2.0284125804901123, 1.0013691186904907, 3.3701648712158203]","[0.7212247261048498, 0.4584019373797025, 0.5636130536130536, 0.7387692307692307, 0.507]",1.266726000001654,1
4,dtr,prospective_k1,0.3,1.8961904048919678,0.7984320979491473,0.001060297965635488,1.9003490209579468,0.592292318515867,0.4729997302056924,2.6438229084014893,2.6438229084014893,"[0.7321001887321472, 1.7688220739364624, 1.4835009574890137, 0.8719393610954285, 2.6438229084014893]","[0.8685373022403067, 0.5251316340912129, 0.5069230769230769, 0.8424615384615384, 0.5653333333333334]",1.260515200003283,1
5,dtr,prospective_k1,0.3,1.3779020309448242,0.8026217629554907,0.005959963111720458,2.089107036590576,0.5439625818453291,0.54451353299414,3.035451889038086,3.035451889038086,"[0.9564287066459656, 1.7806106805801392, 1.9107446670532227, 1.1065971851348877, 3.035451889038086]","[0.7542138971142403, 0.49245871982339995, 0.4351864801864801, 0.7515897435897436, 0.557]",1.2134481000102824,1
6,dtr,prospective_k1,0.3,1.2956236600875854,0.8043860313381416,0.0005086855387982027,1.8779033422470093,0.6168262989547975,0.6395117023413055,2.8508477210998535,2.8508477210998535,"[0.6675074696540833, 1.5601392984390259, 1.1018900871276855, 0.7344239354133606, 2.8508477210998535]","[0.8741553659155284, 0.5984245275164156, 0.6953146853146854, 0.7915897435897437, 0.5443333333333333]",1.3848953999986406,1
7,dtr,prospective_k1,0.3,1.3063242435455322,0.7793690055500451,0.002681237036063347,2.048412561416626,0.5620851671851803,0.444578586018398,2.715489387512207,2.715489387512207,"[0.9244951009750366, 1.9056332111358643, 1.4884144067764282, 0.9546846151351929, 2.715489387512207]","[0.8114219094417905, 0.5019968061586813, 0.5360256410256411, 0.7572307692307693, 0.5573333333333333]",1.3207041999994544,1
8,dtr,prospective_k1,0.3,1.558038353919983,0.8119339863633886,0.0056907999417418805,2.393930673599243,0.5799838905131365,0.7447937794415713,3.2854206562042236,3.2854206562042236,"[0.8380025625228882, 2.152195692062378, 2.006121873855591, 1.1230255365371704, 3.2854206562042236]","[0.7966979118843801, 0.5283211998258852, 0.5958158508158509, 0.7411282051282051, 0.5526666666666666]",1.2670089000021107,1
9,dtr,prospective_k1,0.3,1.1501835584640503,0.8263697599412886,0.0006924823325112033,2.0658085346221924,0.606415430358604,0.6507063604386024,3.0158939361572266,3.0158939361572266,"[0.610088050365448, 1.710397481918335, 1.8598830699920654, 1.139868974685669, 3.0158939361572266]","[0.8813444432562019, 0.5476599510689177, 0.5688578088578089, 0.7492307692307693, 0.5936666666666666]",1.2571242000121856,1
0,dtr,prospective_k1,1.0,1.6013896465301514,0.7796096216563643,0.00016145196977098293,1.9824092388153076,0.5925893807170711,0.5558670110954699,2.748154401779175,2.748154401779175,"[0.753698468208313, 1.8018776178359985, 1.3238428831100464, 0.7619210481643677, 2.748154401779175]","[0.8596762724166981, 0.5397385598726945, 0.5958741258741259, 0.804923076923077, 0.556]",1.2472712000017054,1
1,dtr,prospective_k1,1.0,2.0458571910858154,0.7953611699297107,0.0001926534222783866,2.0852084159851074,0.5141430499824382,0.29347134316153983,2.3968045711517334,2.3968045711517334,"[1.3187990188598633, 2.2703940868377686, 1.7060807943344116, 0.9809006452560425, 2.3968045711517334]","[0.6931745339193194, 0.4569369716975345, 0.4084032634032634, 0.6455843173220221, 0.5676666666666667]",1.2161196999950334,1
2,dtr,prospective_k1,1.0,1.522145390510559,0.8044645762062892,0.00025226320274204876,1.9618654251098633,0.611201747180774,0.4945776520271773,2.613285779953003,2.613285779953003,"[0.940085232257843, 1.9632984399795532, 1.3032411336898804, 0.6835311651229858, 2.613285779953003]","[0.8332778170236932, 0.5713345363466027, 0.7247202797202797, 0.842153846153846, 0.554]",1.2318148000049405,1
3,dtr,prospective_k1,1.0,1.969740867614746,0.7545505801521777,0.00019784491516864348,2.645827531814575,0.4868659297000998,0.6184483094528469,3.291388750076294,3.291388750076294,"[1.3664073944091797, 2.65263295173645, 2.5123865604400635, 1.2487907409667969, 3.291388750076294]","[0.6787884515434714, 0.43505636338623344, 0.5189160839160839, 0.7362051282051282, 0.5186666666666667]",1.2645894000015687,1
4,dtr,prospective_k1,1.0,2.0225212574005127,0.7973000669742778,5.525752802383262e-05,2.012763500213623,0.5822057714810696,0.5544155505586053,2.8182754516601562,2.8182754516601562,"[0.7481568455696106, 1.8603423833847046, 1.4882394075393677, 0.9008893966674805, 2.8182754516601562]","[0.8605595858553464, 0.5188364042011224, 0.4465034965034964, 0.8050256410256409, 0.5549999999999999]",1.2158945000119274,1
5,dtr,prospective_k1,1.0,1.844106674194336,0.8024029620322093,0.00012128954224380446,2.165971040725708,0.5676837720339707,0.5875601376692208,3.0382399559020996,3.0382399559020996,"[0.9196837544441223, 1.9193689823150635, 1.7952041625976562, 1.0021908283233643, 3.0382399559020996]","[0.8317801801643354, 0.505990823191661, 0.5501864801864802, 0.7515897435897436, 0.5493333333333333]",1.2119779999920866,1
6,dtr,prospective_k1,1.0,1.4977586269378662,0.8119736160659639,4.393265270263938e-05,1.9168288707733154,0.6165849991660546,0.6713662454530357,2.9215986728668213,2.9215986728668213,"[0.6540493369102478, 1.5750222206115723, 1.166202425956726, 0.7665767669677734, 2.9215986728668213]","[0.8966045411059632, 0.5877515446880444, 0.6553613053613053, 0.7809230769230769, 0.548]",1.2187753999896813,1
7,dtr,prospective_k1,1.0,1.561840295791626,0.7750071648564124,0.00012899532822179205,2.2362959384918213,0.5676331383719438,0.5236716612255486,2.9618372917175293,2.9618372917175293,"[0.991076648235321, 2.083603620529175, 1.5044065713882446, 1.114366054534912, 2.9618372917175293]","[0.8093376932380689, 0.5132163514514907, 0.5874242424242423, 0.7622564102564102, 0.5589999999999999]",1.2222290999925463,1
8,dtr,prospective_k1,1.0,1.4753875732421875,0.806479945179888,0.0026938272295174777,2.3936867713928223,0.5736819667627302,0.8321031599491755,3.390821933746338,3.390821933746338,"[0.8463680148124695, 2.10650897026062, 1.9769881963729858, 1.0141630172729492, 3.390821933746338]","[0.794575170427355, 0.5298298700633689, 0.595011655011655, 0.7462564102564102, 0.5316666666666666]",1.2050311000057263,1
9,dtr,prospective_k1,1.0,1.3213125467300415,0.8200331753282173,0.00014785131527716487,2.0100879669189453,0.6127493847158564,0.6017826396417888,2.9195072650909424,2.9195072650909424,"[0.591269850730896, 1.6527715921401978, 1.9297399520874023, 1.204412817955017, 2.9195072650909424]","[0.8700739911070018, 0.565086386792237, 0.566060606060606, 0.744, 0.6]",1.2137643000023672,1
0,dtr,prospective_k1,3.0,1.5726503133773804,0.793099000291557,1.437291732908767e-05,1.8570102453231812,0.5977685624770035,0.49964808272700567,2.566232681274414,2.566232681274414,"[0.6740981340408325, 1.7172019481658936, 1.2424962520599365, 0.701632022857666, 2.566232681274414]","[0.861007914946728, 0.5372078361605351, 0.6112587412587412, 0.8182564102564103, 0.5566666666666666]",1.2182394999981625,1
1,dtr,prospective_k1,3.0,1.6617056131362915,0.7994304191885199,0.0013432276469689827,2.1070849895477295,0.5125265672883985,0.2600674710068688,2.353065013885498,2.353065013885498,"[1.4065487384796143, 2.281238079071045, 1.9454307556152344, 1.033845067024231, 2.353065013885498]","[0.680370022661994, 0.4410856363492064, 0.41679487179487185, 0.6585607398066414, 0.569]",1.2146231999940937,1
2,dtr,prospective_k1,3.0,1.6162121295928955,0.8037682896813225,4.413291053087623e-05,1.9228038787841797,0.6132713008095465,0.46587227354191096,2.481884479522705,2.481884479522705,"[0.9737126231193542, 2.0122573375701904, 1.1920967102050781, 0.6403185129165649, 2.481884479522705]","[0.8295395832781395, 0.5715726039712204, 0.713904428904429, 0.8554871794871796, 0.5556666666666666]",1.2116088999900967,1
3,dtr,prospective_k1,3.0,2.319066286087036,0.7514668466091131,2.039075396004528e-05,2.591348648071289,0.4920398757090627,0.6087282416918833,3.241678237915039,3.241678237915039,"[1.4117515087127686, 2.6737473011016846, 2.220548629760742, 1.1358685493469238, 3.241678237915039]","[0.6652486405651914, 0.4550262134134919, 0.49257575757575756, 0.7388717948717949, 0.5176666666666666]",1.2253906999976607,1
4,dtr,prospective_k1,3.0,1.9189174175262451,0.8000125918534924,2.6966572102971773e-05,2.017228364944458,0.5762936778024039,0.5678966179586871,2.866182327270508,2.866182327270508,"[0.7078847885131836, 1.802473783493042, 1.6573902368545532, 0.970626711845398, 2.866182327270508]","[0.8782465296470017, 0.5006979783170775, 0.40552447552447557, 0.7998974358974358, 0.5519999999999999]",1.2121406999940518,1
5,dtr,prospective_k1,3.0,1.5340458154678345,0.8011263130794115,5.765771529246351e-06,2.0160813331604004,0.5665513073208691,0.558406605452808,2.912757158279419,2.912757158279419,"[0.8805850744247437, 1.700050711631775, 1.6258684396743774, 0.8648025393486023, 2.912757158279419]","[0.8190888107053247, 0.5175523771835048, 0.5382517482517482, 0.756923076923077, 0.5486666666666666]",1.2213252000074135,1
6,dtr,prospective_k1,3.0,1.3362891674041748,0.805832733432546,2.806861798658415e-05,1.7642539739608765,0.6419613146780128,0.6085440121782687,2.7427964210510254,2.7427964210510254,"[0.6461259126663208, 1.4340341091156006, 1.0463889837265015, 0.6282674074172974, 2.7427964210510254]","[0.9008717207625534, 0.6241699822563683, 0.7113053613053613, 0.8555897435897435, 0.5603333333333332]",1.21024000000034,1
7,dtr,prospective_k1,3.0,1.4718947410583496,0.7865516456947105,4.210889362442641e-05,1.9765796661376953,0.5622778729048225,0.3808723210381094,2.531702756881714,2.531702756881714,"[0.9377409219741821, 1.9342925548553467, 1.4140183925628662, 0.9178371429443359, 2.531702756881714]","[0.8191290631070343, 0.4985104626012606, 0.5454895104895104, 0.751897435897436, 0.555]",1.2241913000034401,1
8,dtr,prospective_k1,3.0,1.308556079864502,0.836353980182915,0.00030896701531890977,2.2062878608703613,0.5828995498700403,0.7064242612345624,3.145156145095825,3.145156145095825,"[0.8135136365890503, 1.9053577184677124, 1.7777891159057617, 0.918783962726593, 3.145156145095825]","[0.7935606720903617, 0.5454655244278369, 0.5958158508158509, 0.748923076923077, 0.545]",1.2274335999973118,1
9,dtr,prospective_k1,3.0,1.1469595432281494,0.8162287823414847,0.00018674649735107835,2.101933240890503,0.6182976628485493,0.6195691219064656,2.956616163253784,2.956616163253784,"[0.601844310760498, 1.7307571172714233, 2.2233726978302, 1.4241421222686768, 2.956616163253784]","[0.8626491120298011, 0.5784244025824125, 0.566060606060606, 0.7386666666666667, 0.6036666666666667]",1.2280308999906993,1
0,dtr,prospective_k1,10.0,1.5253779888153076,0.7864229504183765,9.29764756159627e-07,1.7985824346542358,0.6062868029903509,0.4784211121714497,2.4680657386779785,2.4680657386779785,"[0.69891357421875, 1.6983352899551392, 1.1955816745758057, 0.5918237566947937, 2.4680657386779785]","[0.8724379582933238, 0.5576282668856408, 0.6112587412587412, 0.8182564102564103, 0.5563333333333333]",1.2178715999907581,1
1,dtr,prospective_k1,10.0,2.2376837730407715,0.7987897413582823,8.183081707162131e-05,2.2478411197662354,0.5153957479378096,0.29902472085322185,2.364039659500122,2.549168109893799,"[1.4525887966156006, 2.549168109893799, 2.1913154125213623, 1.137812852859497, 2.364039659500122]","[0.7003401828945692, 0.44691082898026585, 0.3944172494172494, 0.6475897435897436, 0.5726666666666668]",1.234578400006285,1
2,dtr,prospective_k1,10.0,1.7343237400054932,0.8027789990602052,3.0044073415268594e-06,2.1150429248809814,0.5873014223285581,0.5072893084740381,2.6992249488830566,2.6992249488830566,"[0.9962932467460632, 2.1657257080078125, 1.4973948001861572, 0.8011133074760437, 2.6992249488830566]","[0.8166888429511886, 0.5347224612152618, 0.6616899766899766, 0.7972307692307693, 0.5583333333333333]",1.225901400001021,1
3,dtr,prospective_k1,10.0,2.11373233795166,0.7659551746148408,1.5299551192778374e-05,2.5264012813568115,0.48111423997010927,0.5522095294081305,3.1334457397460938,3.1334457397460938,"[1.4306831359863281, 2.602144956588745, 2.2654969692230225, 1.117150902748108, 3.1334457397460938]","[0.6684400258515798, 0.43612533633054806, 0.33897435897435896, 0.627046658259773, 0.5176666666666667]",1.2488656000059564,1
4,dtr,prospective_k1,10.0,1.992917776107788,0.795198801151493,2.409531274971403e-06,1.9855540990829468,0.5817423440954418,0.5648881799005414,2.8500373363494873,2.8500373363494873,"[0.7526429891586304, 1.787753701210022, 1.5393069982528687, 0.8846035003662109, 2.8500373363494873]","[0.8591803817870796, 0.512858409466027, 0.43582750582750585, 0.8558974358974358, 0.5506666666666666]",1.2384324000013294,1
5,dtr,prospective_k1,10.0,1.7405611276626587,0.8028405987936973,9.233946313146394e-06,2.070314407348633,0.5747732523819457,0.5612552892112541,2.9605815410614014,2.9605815410614014,"[0.8750622868537903, 1.7805871963500977, 1.6682668924331665, 0.963896632194519, 2.9605815410614014]","[0.8530268999459227, 0.5151284415227122, 0.5793240093240093, 0.7595897435897436, 0.5476666666666666]",1.2441469000041252,1
6,dtr,prospective_k1,10.0,1.3967090845108032,0.8189899858967259,5.916603215993574e-07,1.7875983715057373,0.6309946167005184,0.5923656110459922,2.7091541290283203,2.7091541290283203,"[0.627682089805603, 1.4798774719238281, 1.0707601308822632, 0.6371906995773315, 2.7091541290283203]","[0.8969737402929298, 0.603259099879717, 0.6959207459207459, 0.8235897435897435, 0.5566666666666668]",1.2594784999964759,1
7,dtr,prospective_k1,10.0,1.7536064386367798,0.7974553795202691,1.448629459427524e-05,2.0099518299102783,0.5688019375179175,0.3727786881505176,2.572242259979248,2.572242259979248,"[0.8992012739181519, 1.9493430852890015, 1.478009819984436, 1.0606237649917603, 2.572242259979248]","[0.827713796090562, 0.503996893732853, 0.5832867132867133, 0.756923076923077, 0.5603333333333333]",1.2305562000110513,1
8,dtr,prospective_k1,10.0,1.6117734909057617,0.8324875583184873,1.0911410735774432e-05,2.204590320587158,0.578707210806634,0.6835879950373089,3.1384997367858887,3.1384997367858887,"[0.8272613286972046, 1.9299983978271484, 1.8543154001235962, 0.9783955812454224, 3.1384997367858887]","[0.7836802287931136, 0.5399225050812433, 0.5896270396270397, 0.7385641025641025, 0.5493333333333333]",1.2256817000015872,1
9,dtr,prospective_k1,10.0,1.3248116970062256,0.8123947697985185,0.00010165208260770198,2.3874154090881348,0.604801541041218,0.7198859995621968,3.2461929321289062,3.2461929321289062,"[0.7063740491867065, 2.001918077468872, 2.529252767562866, 1.6859725713729858, 3.2461929321289062]","[0.8451579055094444, 0.5538448414473565, 0.566060606060606, 0.7361025641025641, 0.5993333333333333]",1.2377675000025192,1
0,dtr,prospective_k3,0.0,1.7042032480239868,0.7836470320514045,0.9274509728200151,2.0225579738616943,0.5859637629311999,0.6134249131897798,2.8086471557617188,2.8086471557617188,"[0.72438645362854, 1.8689525127410889, 1.3114782571792603, 0.7372349500656128, 2.8086471557617188]","[0.8579190107755948, 0.5254405773133669, 0.6137296037296037, 0.7595897435897436, 0.5586666666666666]",1.290108200002578,3
1,dtr,prospective_k3,0.0,2.0562283992767334,0.7953213394447095,1.3693991610052163,2.2161524295806885,0.5153128360864546,0.3446668855266717,2.5826306343078613,2.5826306343078613,"[1.368844747543335, 2.398021936416626, 2.0411171913146973, 1.0586926937103271, 2.5826306343078613]","[0.6942838810010132, 0.4506223395078762, 0.42099067599067597, 0.662974358974359, 0.5563333333333333]",1.300703799992334,3
2,dtr,prospective_k3,0.0,1.6869627237319946,0.8041009748009961,0.9404157159750354,1.944514513015747,0.6142630824921371,0.4800291841942107,2.536898374557495,2.536898374557495,"[0.8840228915214539, 1.9777005910873413, 1.2833821773529053, 0.6788350343704224, 2.536898374557495]","[0.8364253302185924, 0.57797476477101, 0.7434498834498835, 0.8265641025641026, 0.5626666666666666]",1.2932618999911938,3
3,dtr,prospective_k3,0.0,1.8659778833389282,0.7507677288603417,0.9455966086054044,2.527561902999878,0.46910446811138706,0.7495473513609909,3.3572216033935547,3.3572216033935547,"[1.2586003541946411, 2.5060675144195557, 2.4019927978515625, 1.0030806064605713, 3.3572216033935547]","[0.6625687548757316, 0.395354328588518, 0.3986480186480187, 0.8162051282051281, 0.5050000000000001]",1.3448850999993738,3
4,dtr,prospective_k3,0.0,1.9042723178863525,0.8082932061846341,1.2424753762076421,2.0737292766571045,0.5986107734178788,0.6976821101200392,3.08307147026062,3.08307147026062,"[0.6648209095001221, 1.7429533004760742, 1.5068219900131226, 0.9792436361312866, 3.08307147026062]","[0.8722186116801078, 0.5549084343518841, 0.5397435897435897, 0.7622564102564102, 0.5656666666666667]",1.2674087999912445,3
5,dtr,prospective_k3,0.0,1.5045565366744995,0.8065874251825477,0.85265788325557,2.0813934803009033,0.5739155389744411,0.6136065587904307,3.040943145751953,3.040943145751953,"[0.8737263679504395, 1.7851238250732422, 1.67916738986969, 0.9341806173324585, 3.040943145751953]","[0.8255205322356536, 0.5240504599107522, 0.6049184149184149, 0.7515897435897436, 0.533]",1.2930857000028482,3
6,dtr,prospective_k3,0.0,1.1176490783691406,0.8226461769879327,0.6801771391566398,1.844476342201233,0.6206362022081565,0.7405156546830575,2.981261730194092,2.981261730194092,"[0.5721825361251831, 1.3740606307983398, 1.289025068283081, 0.688867449760437, 2.981261730194092]","[0.8737208749951518, 0.6196963349206828, 0.6112004662004662, 0.7649230769230769, 0.5496666666666667]",1.3174571999988984,3
7,dtr,prospective_k3,0.0,1.3238604068756104,0.8067543218321468,0.8501575768239213,2.0106263160705566,0.5863598241880131,0.447999227049082,2.6998395919799805,2.6998395919799805,"[0.8276726603507996, 1.8273518085479736, 1.4583518505096436, 0.9919731020927429, 2.6998395919799805]","[0.8240352987828713, 0.5436402219673584, 0.6000699300699301, 0.756923076923077, 0.5646666666666668]",1.2810903000063263,3
8,dtr,prospective_k3,0.0,1.6335573196411133,0.8055285798402446,1.0495573287147553,2.505066394805908,0.5825523702563831,0.9139994700264993,3.6065075397491455,3.6065075397491455,"[0.8626196980476379, 2.1656386852264404, 2.1447596549987793, 1.1954938173294067, 3.6065075397491455]","[0.7832076523525903, 0.5401698942269376, 0.602004662004662, 0.7462564102564102, 0.5566666666666666]",1.2765714999986812,3
9,dtr,prospective_k3,0.0,1.1891522407531738,0.8131489369485216,0.7160863209163211,2.2863688468933105,0.6164434439301574,0.8609508278918611,3.4053852558135986,3.4053852558135986,"[0.5844578742980957, 1.773817777633667, 2.2504546642303467, 1.4886857271194458, 3.4053852558135986]","[0.866422018503328, 0.5780054824587356, 0.5702564102564102, 0.7412307692307692, 0.5903333333333334]",1.401956900008372,3
0,dtr,prospective_k3,0.001,1.7034879922866821,0.781762693195512,0.7918590655542695,1.921372652053833,0.5895810857048823,0.5504742884289863,2.6442062854766846,2.6442062854766846,"[0.7046874761581421, 1.801245927810669, 1.2263119220733643, 0.6718764305114746, 2.6442062854766846]","[0.8645608752270221, 0.529615924473952, 0.6112587412587412, 0.7808205128205128, 0.5596666666666668]",1.2901205999951344,3
1,dtr,prospective_k3,0.001,1.8513132333755493,0.802008642834614,1.0361607869466145,2.078798770904541,0.5201344969629342,0.2791132456457569,2.3439414501190186,2.3439414501190186,"[1.2309519052505493, 2.289329767227173, 2.0921616554260254, 1.1273351907730103, 2.3439414501190186]","[0.6921983135050155, 0.45905112595927255, 0.4181934731934732, 0.625948717948718, 0.5676666666666667]",1.258060900014243,3
2,dtr,prospective_k3,0.001,1.5859745740890503,0.8069943789898051,0.8053217287416812,1.7560621500015259,0.6267756529643396,0.4229292110694914,2.321739673614502,2.321739673614502,"[0.78839510679245, 1.7794513702392578, 1.0538790225982666, 0.5798513293266296, 2.321739673614502]","[0.8431441343947299, 0.594553399671132, 0.7680303030303031, 0.8608205128205129, 0.5686666666666667]",1.2969805999891832,3
3,dtr,prospective_k3,0.001,1.5649244785308838,0.757382103546092,0.7400050850071535,2.4147191047668457,0.5109899372944202,0.7003649838326078,3.2707056999206543,3.2707056999206543,"[1.166990041732788, 2.2989838123321533, 2.430143356323242, 1.0371237993240356, 3.2707056999206543]","[0.75028604054836, 0.44968744732568255, 0.4403146853146853, 0.7975384615384615, 0.5043333333333333]",1.276351100008469,3
4,dtr,prospective_k3,0.001,1.8612858057022095,0.8115879858032649,0.961496973233949,1.9189201593399048,0.5997758422828798,0.588714733278473,2.8356635570526123,2.8356635570526123,"[0.5998004674911499, 1.6169812679290771, 1.4086544513702393, 0.9257624745368958, 2.8356635570526123]","[0.8805670340709849, 0.5538511692122039, 0.6011421911421911, 0.7595897435897436, 0.5626666666666666]",1.3431697999913013,3
5,dtr,prospective_k3,0.001,1.6716785430908203,0.8096580226151004,0.7049947354038066,2.1773838996887207,0.5681130205537486,0.5828802255968492,3.0162503719329834,3.0162503719329834,"[0.8774722814559937, 1.9386227130889893, 1.9133151769638062, 1.051500916481018, 3.0162503719329834]","[0.8220914088355087, 0.5082030832887293, 0.6087878787878788, 0.748923076923077, 0.5349999999999999]",1.3583408999984385,3
6,dtr,prospective_k3,0.001,1.1404905319213867,0.8178321726115652,0.5714901582694348,1.7517340183258057,0.6230968685060674,0.6757790897636534,2.830112934112549,2.830112934112549,"[0.5537012219429016, 1.3186055421829224, 1.1519358158111572, 0.6228569746017456, 2.830112934112549]","[0.8912837841038836, 0.6152683836119224, 0.6231934731934732, 0.7755897435897436, 0.5509999999999999]",1.3515018000034615,3
7,dtr,prospective_k3,0.001,1.4535186290740967,0.8065117460272075,0.7084677425431617,1.923068642616272,0.5892329702453154,0.38995533346010036,2.516573667526245,2.516573667526245,"[0.7711330056190491, 1.7909843921661377, 1.3962442874908447, 0.9610282778739929, 2.516573667526245]","[0.8274781722530978, 0.5457794656894341, 0.6042657342657343, 0.7542564102564102, 0.5676666666666667]",1.2779804000019794,3
8,dtr,prospective_k3,0.001,1.5543967485427856,0.8129321434538739,0.8433628631717384,2.376481533050537,0.5895586985305583,0.7929982514049835,3.364962339401245,3.364962339401245,"[0.8114942312240601, 2.067811965942383, 2.1022558212280273, 1.1483559608459473, 3.364962339401245]","[0.7912607144681404, 0.5537663918912318, 0.608997668997669, 0.7462564102564102, 0.5556666666666665]",1.2952291999972658,3
9,dtr,prospective_k3,0.001,1.1746487617492676,0.8144147597333319,0.5998558468288846,2.1145331859588623,0.6189281491935168,0.7518619546288698,3.1667697429656982,3.1667697429656982,"[0.541366457939148, 1.650396704673767, 2.005457639694214, 1.2828521728515625, 3.1667697429656982]","[0.8690622825297305, 0.584983822446917, 0.5702564102564102, 0.7412307692307692, 0.5876666666666667]",1.2898816999950213,3
0,dtr,prospective_k3,0.003,1.7093851566314697,0.7812525337706917,0.6429017698813858,1.7635571956634521,0.5990333309023246,0.4876706359185368,2.4154093265533447,2.4154093265533447,"[0.6785553097724915, 1.6935608386993408, 1.0460678339004517, 0.5303559303283691, 2.4154093265533447]","[0.8696058019690444, 0.5481295225337501, 0.6154545454545455, 0.8288205128205128, 0.5596666666666666]",1.2920913999987533,3
1,dtr,prospective_k3,0.003,1.889343500137329,0.8049018333490547,0.7394456588682324,1.8135426044464111,0.52967725706014,0.21009320349000746,1.95749032497406,2.034369945526123,"[1.0492901802062988, 2.034369945526123, 1.9063589572906494, 1.0194218158721924, 1.95749032497406]","[0.6956535857530474, 0.4627019196100662, 0.42518648018648014, 0.6526153846153846, 0.5883333333333334]",1.3026550999929896,3
2,dtr,prospective_k3,0.003,1.587998628616333,0.817309327749777,0.6476370964521243,1.769270896911621,0.6244505943274111,0.4466623441131617,2.361776828765869,2.361776828765869,"[0.742512583732605, 1.7555809020996094, 1.0500986576080322, 0.5753012895584106, 2.361776828765869]","[0.845572509527963, 0.5917923832742489, 0.7540442890442891, 0.8286153846153846, 0.5746666666666667]",1.273690700007137,3
3,dtr,prospective_k3,0.003,1.164785385131836,0.7785939288863554,0.49057283126768264,2.2351582050323486,0.5218721959189598,0.6399878029157009,3.06706166267395,3.06706166267395,"[0.9483106732368469, 2.0569629669189453, 2.3613486289978027, 1.0665051937103271, 3.06706166267395]","[0.7725528371063379, 0.4663641436316812, 0.474032634032634, 0.7362051282051282, 0.513]",1.2555395999952452,3
4,dtr,prospective_k3,0.003,1.5114740133285522,0.821375007855251,0.6591234717349457,1.731621503829956,0.6115585793426577,0.5264197256358136,2.6439671516418457,2.6439671516418457,"[0.5291568040847778, 1.3690133094787598, 1.3178611993789673, 0.8174375295639038, 2.6439671516418457]","[0.8838814900301996, 0.5700177518550029, 0.5840326340326341, 0.7996923076923077, 0.5740000000000001]",1.2644807000033325,3
5,dtr,prospective_k3,0.003,1.6068601608276367,0.8129438683773287,0.5242211455670894,2.0622355937957764,0.5706282438046902,0.5371272402049578,2.860045909881592,2.860045909881592,"[0.7947980761528015, 1.8036893606185913, 1.8916654586791992, 1.009350061416626, 2.860045909881592]","[0.8177690320215725, 0.5186227423261842, 0.6087878787878788, 0.748923076923077, 0.5356666666666666]",1.2629012999968836,3
6,dtr,prospective_k3,0.003,1.1058261394500732,0.8177364358875563,0.4481932753888668,1.5732362270355225,0.6370390524542862,0.5727079547940753,2.5663864612579346,2.5663864612579346,"[0.5169602632522583, 1.1912469863891602, 0.9548341631889343, 0.5043129920959473, 2.5663864612579346]","[0.8890092012449008, 0.6361615457990906, 0.7128321678321679, 0.8601025641025641, 0.5493333333333333]",1.2656267999991542,3
7,dtr,prospective_k3,0.003,1.3011153936386108,0.8193007425886331,0.5568980385737164,1.7802295684814453,0.5924930450567739,0.3465848710169587,2.3664474487304688,2.3664474487304688,"[0.7133580446243286, 1.621179223060608, 1.2970235347747803, 0.8795174360275269, 2.3664474487304688]","[0.8298821480592388, 0.5484107384993495, 0.6126573426573427, 0.756923076923077, 0.5693333333333334]",1.3522672000108287,3
8,dtr,prospective_k3,0.003,0.8747156858444214,0.8242997360213951,0.7968956590189364,2.531524181365967,0.5180695647764323,1.395343348261362,4.142674446105957,4.142674446105957,"[0.8782750964164734, 1.9799201488494873, 2.1790060997009277, 0.9519422650337219, 4.142674446105957]","[0.6636586546512637, 0.5120013426585703, 0.4095920745920746, 0.7462564102564102, 0.5043333333333333]",1.3687770999968052,3
9,dtr,prospective_k3,0.003,1.1913849115371704,0.8191955258746498,0.46507522991164724,1.9925464391708374,0.6086808556524015,0.6137127147566014,2.870820999145508,2.870820999145508,"[0.5306984186172485, 1.657366156578064, 1.8914451599121094, 1.127606749534607, 2.870820999145508]","[0.8760980565485654, 0.5621506796465792, 0.5688578088578089, 0.743897435897436, 0.585]",1.3493577000044752,3
0,dtr,prospective_k3,0.01,1.5885374546051025,0.7957589908936065,0.3938990227970076,1.4656057357788086,0.6225561714304317,0.34754057223848844,2.0127694606781006,2.0127694606781006,"[0.6163996458053589, 1.4206559658050537, 0.8366799354553223, 0.3866864740848541, 2.0127694606781006]","[0.870707668958303, 0.5815038184886913, 0.7072960372960374, 0.908102564102564, 0.5656666666666667]",1.3543373000138672,3
1,dtr,prospective_k3,0.01,1.6373341083526611,0.8087319938818162,0.4389381565674833,1.5510177612304688,0.5791423703669998,0.192524704349959,1.8042805194854736,1.8042805194854736,"[0.7446720004081726, 1.6908670663833618, 1.5020496845245361, 0.8441341519355774, 1.8042805194854736]","[0.8372309026924312, 0.48922061748469614, 0.4413752913752914, 0.7400117696511138, 0.583]",1.3483839999971678,3
2,dtr,prospective_k3,0.01,1.0074756145477295,0.8541374312092461,0.3466478434119205,1.2855174541473389,0.6782835048295162,0.32721767471247726,1.9782695770263672,1.9782695770263672,"[0.5084630250930786, 1.0570385456085205, 0.7308931350708008, 0.37886843085289, 1.9782695770263672]","[0.8882276699856432, 0.6780239289053227, 0.7868298368298369, 0.9207179487179488, 0.5843333333333334]",1.3405187000025762,3
3,dtr,prospective_k3,0.01,0.7845461964607239,0.8131306529834555,0.28973331372924305,1.9930633306503296,0.5704830368046002,0.70652658262768,3.0339858531951904,3.0339858531951904,"[0.689173698425293, 1.593066930770874, 1.970832109451294, 0.8824386596679688, 3.0339858531951904]","[0.8359717948409265, 0.5434643083360046, 0.5644755244755244, 0.7387692307692307, 0.5126666666666666]",1.3391477999975905,3
4,dtr,prospective_k3,0.01,1.2199480533599854,0.8348637780205346,0.3700233977517964,1.5495169162750244,0.6219297657057202,0.4286361563735932,2.3535144329071045,2.3535144329071045,"[0.4350488781929016, 1.2075353860855103, 1.1376359462738037, 0.7229275703430176, 2.3535144329071045]","[0.8881719190731039, 0.5902103519163837, 0.6022144522144522, 0.7914871794871795, 0.5806666666666667]",1.3209036000043852,3
5,dtr,prospective_k3,0.01,1.5920588970184326,0.8175679444706508,0.3522507545879348,1.8184614181518555,0.590400119940573,0.4960157183474621,2.6281208992004395,2.6281208992004395,"[0.6141973733901978, 1.4999690055847168, 1.6868159770965576, 0.8708081245422363, 2.6281208992004395]","[0.8365721466277607, 0.5612827252632241, 0.6182517482517482, 0.7515897435897436, 0.5396666666666666]",1.3147198999940883,3
6,dtr,prospective_k3,0.01,0.9056797027587891,0.8303062005091769,0.26456398826567723,1.3137584924697876,0.673447265939379,0.4760405743998156,2.2676644325256348,2.2676644325256348,"[0.4259953498840332, 0.9202644228935242, 0.7859939932823181, 0.3654935657978058, 2.2676644325256348]","[0.9041565780515469, 0.7024609768825567, 0.7555827505827506, 0.9341538461538462, 0.5496666666666666]",1.3513826999987941,3
7,dtr,prospective_k3,0.01,1.1950271129608154,0.8259538906328243,0.3201812932520737,1.524807095527649,0.6122676565344571,0.25459348409109966,2.032168388366699,2.032168388366699,"[0.5614784359931946, 1.3573514223098755, 1.1838922500610352, 0.8149844408035278, 2.032168388366699]","[0.8579642679577978, 0.583936787081713, 0.6288461538461538, 0.7697435897435898, 0.5756666666666667]",1.35009939999145,3
8,dtr,prospective_k3,0.01,0.9110371470451355,0.833439549916973,0.6470432046019001,2.2605602741241455,0.6273730980060337,1.2435575240444712,3.7853989601135254,3.7853989601135254,"[0.6647363901138306, 1.6682593822479248, 1.6982476711273193, 0.8060600161552429, 3.7853989601135254]","[0.8354170756295483, 0.638044828363073, 0.6313752913752915, 0.7795897435897435, 0.538]",1.32010490000539,3
9,dtr,prospective_k3,0.01,1.0423232316970825,0.8321472364885857,0.29342485357213904,1.677243947982788,0.639171614337345,0.49120695856606966,2.5025839805603027,2.5025839805603027,"[0.42296791076660156, 1.3360803127288818, 1.5474116802215576, 0.870388388633728, 2.5025839805603027]","[0.904426206685463, 0.6131344373990629, 0.5764452214452215, 0.7543589743589745, 0.5983333333333334]",1.3478360000008252,3
0,dtr,prospective_k3,0.03,1.2244720458984375,0.8281108765995999,0.203315585729026,1.310601830482483,0.6531894906028954,0.3165947100704523,1.9313323497772217,1.9313323497772217,"[0.5014472007751465, 1.1368417739868164, 0.7755610346794128, 0.3550911843776703, 1.9313323497772217]","[0.9015856594810906, 0.6386507308679711, 0.715967365967366, 0.9130256410256411, 0.5626666666666666]",1.371998500006157,3
1,dtr,prospective_k3,0.03,1.2941697835922241,0.8088801791407596,0.22718437414601017,1.2649023532867432,0.62206289051464,0.136270921984339,1.584349274635315,1.584349274635315,"[0.5224505662918091, 1.2667460441589355, 1.2496693134307861, 0.8487041592597961, 1.584349274635315]","[0.8626807097115238, 0.5760522589246456, 0.6044988344988345, 0.8116923076923076, 0.5933333333333334]",1.3424655999988317,3
2,dtr,prospective_k3,0.03,0.6330247521400452,0.8595701653310641,0.14390547285354677,1.167608618736267,0.6955243927071126,0.3015185042131227,1.9462597370147705,1.9462597370147705,"[0.3748655915260315, 0.8082952499389648, 0.8174311518669128, 0.5507999658584595, 1.9462597370147705]","[0.9122643283140279, 0.7223424841251763, 0.7516783216783217, 0.8733426573426574, 0.5746666666666667]",1.3595461000077194,3
3,dtr,prospective_k3,0.03,0.6230390667915344,0.799088724558242,0.13715469493787474,1.8445476293563843,0.5955189563383271,0.6686000950074268,2.851714849472046,2.851714849472046,"[0.526351273059845, 1.3948471546173096, 1.8191511631011963, 0.8244597315788269, 2.851714849472046]","[0.8613893843859841, 0.5857133471897453, 0.5822727272727273, 0.7492307692307693, 0.5216666666666667]",1.3670531999960076,3
4,dtr,prospective_k3,0.03,0.8451286554336548,0.8469257867475669,0.17233678637218083,1.4028408527374268,0.641649342501994,0.37428558417808855,2.1759581565856934,2.1759581565856934,"[0.3812536597251892, 1.0441797971725464, 1.0528031587600708, 0.6537007093429565, 2.1759581565856934]","[0.898402942175414, 0.6246577552575745, 0.6175990675990676, 0.809948717948718, 0.5796666666666667]",1.356802800000878,3
5,dtr,prospective_k3,0.03,1.2798864841461182,0.8173290694189713,0.17772350782229576,1.4584118127822876,0.6248242379850911,0.34980446119365294,2.1449337005615234,2.1449337005615234,"[0.4550446569919586, 1.0988155603408813, 1.512290596961975, 0.7600372433662415, 2.1449337005615234]","[0.8874836012140805, 0.6174347082659452, 0.6216433566433566, 0.7746666666666667, 0.558]",1.4218726999970386,3
6,dtr,prospective_k3,0.03,0.6317036151885986,0.8411565154958704,0.1382883389790853,1.1773617267608643,0.7247698569713297,0.49994446706093976,2.2476158142089844,2.2476158142089844,"[0.33182191848754883, 0.6668227910995483, 0.708759069442749, 0.3749627470970154, 2.2476158142089844]","[0.9161905830084628, 0.7993975810717578, 0.8595920745920747, 0.9552820512820513, 0.5446666666666666]",1.376617100002477,3
7,dtr,prospective_k3,0.03,0.9070847630500793,0.8304855180940699,0.15826107150733226,1.1991627216339111,0.6513890820072901,0.21436894002171852,1.7735841274261475,1.7735841274261475,"[0.3990277945995331, 0.9162455797195435, 1.028133511543274, 0.6620622873306274, 1.7735841274261475]","[0.9038021457211544, 0.6500058980934156, 0.6327156177156177, 0.8414358974358974, 0.5743333333333334]",1.3494616999960272,3
8,dtr,prospective_k3,0.03,0.8834425806999207,0.8367739463462369,0.27521292368570965,1.6989787817001343,0.6244719278695315,0.6055282151861467,2.6688308715820312,2.6688308715820312,"[0.4806601107120514, 1.3324984312057495, 1.474833607673645, 0.6273780465126038, 2.6688308715820312]","[0.8532399205733745, 0.6438019031332698, 0.6327738927738927, 0.7900512820512821, 0.5206666666666666]",1.3600368999905186,3
9,dtr,prospective_k3,0.03,0.9016555547714233,0.8372506904951779,0.15115671000853487,1.6177761554718018,0.6581008546349848,0.49447706168029415,2.482109546661377,2.482109546661377,"[0.3719359040260315, 1.1880336999893188, 1.5573941469192505, 0.9324206113815308, 2.482109546661377]","[0.9098839509034645, 0.6517011203971291, 0.5856410256410256, 0.7595897435897436, 0.607]",1.373865500005195,3
0,dtr,prospective_k3,0.1,0.6665076017379761,0.8509185297329145,0.06928058220035255,1.0893646478652954,0.7061232918336342,0.2755446616384668,1.7809875011444092,1.7809875011444092,"[0.34742650389671326, 0.7846387624740601, 0.7385697960853577, 0.3455156087875366, 1.7809875011444092]","[0.9118410819104931, 0.7485151371685376, 0.777039627039627, 0.9291282051282052, 0.5723333333333332]",1.3555038000049535,3
1,dtr,prospective_k3,0.1,0.6494662761688232,0.8462745784981536,0.06695475205472468,1.0944080352783203,0.6712968991592915,0.176867425308277,1.590449571609497,1.590449571609497,"[0.3374147415161133, 0.8802436590194702, 1.1984137296676636, 0.7698216438293457, 1.590449571609497]","[0.9147517755023266, 0.6937838994557456, 0.6518181818181819, 0.7901538461538461, 0.5846666666666667]",1.376937100008945,3
2,dtr,prospective_k3,0.1,0.3910233676433563,0.8765294287084646,0.03946710417790668,1.1280114650726318,0.6837029338480974,0.2785963461592865,1.8711071014404297,1.8711071014404297,"[0.2968491315841675, 0.7667876482009888, 1.058741807937622, 0.6784006953239441, 1.8711071014404297]","[0.9190075318172577, 0.7215566892526798, 0.5637995337995337, 0.7632820512820514, 0.5730000000000001]",1.3945277000020724,3
3,dtr,prospective_k3,0.1,0.2583101987838745,0.9251832702327976,0.045547655089892475,1.333634376525879,0.645219715989887,0.49125623573277954,2.301499366760254,2.301499366760254,"[0.326410710811615, 0.8630653619766235, 1.3071779012680054, 0.5335701704025269, 2.301499366760254]","[0.9085055477667124, 0.676823630206391, 0.612925407925408, 0.8226666666666667, 0.5263333333333333]",1.33341510000173,3
4,dtr,prospective_k3,0.1,0.4464072585105896,0.8841249114740439,0.05140989994315944,1.1942164897918701,0.6778850103566922,0.3184632809109977,1.971677541732788,1.971677541732788,"[0.2930273413658142, 0.8060051202774048, 0.9258891940116882, 0.6364769339561462, 1.971677541732788]","[0.9136088596543214, 0.7014624735330418, 0.6483682983682983, 0.8677948717948718, 0.5816666666666667]",1.3899861999962013,3
5,dtr,prospective_k3,0.1,0.6156625747680664,0.8550996227168769,0.061382603743439346,1.3003253936767578,0.674813856555413,0.32302972594837576,1.9437730312347412,1.9437730312347412,"[0.32932597398757935, 0.893893837928772, 1.4903991222381592, 0.7597978115081787, 1.9437730312347412]","[0.9276821346861048, 0.7230404812127444, 0.6391724941724941, 0.7876923076923077, 0.5666666666666667]",1.423153799987631,3
6,dtr,prospective_k3,0.1,0.3428296148777008,0.8793866866826558,0.04807441175719838,1.0315515995025635,0.7206287685526049,0.34998072703715966,1.9128366708755493,1.9128366708755493,"[0.23679828643798828, 0.588570237159729, 0.7891390919685364, 0.41243475675582886, 1.9128366708755493]","[0.9302779839664573, 0.7902065534006866, 0.8107459207459208, 0.9366153846153846, 0.5543333333333333]",1.4703264999989187,3
7,dtr,prospective_k3,0.1,0.30592796206474304,0.9205969498088085,0.042399006615940926,1.1373236179351807,0.6860772235687929,0.27955281285504957,1.8459659814834595,1.8459659814834595,"[0.2739018499851227, 0.7446824312210083, 1.013514518737793, 0.628132164478302, 1.8459659814834595]","[0.9157662738393197, 0.7211818984813819, 0.6148018648018647, 0.8486153846153845, 0.5846666666666667]",1.3540357000019867,3
8,dtr,prospective_k3,0.1,0.535079836845398,0.8685577920023736,0.05713885998039089,1.5849697589874268,0.6428754039682971,0.5742542289502216,2.554260015487671,2.554260015487671,"[0.33768367767333984, 1.138551950454712, 1.3374091386795044, 0.6789968013763428, 2.554260015487671]","[0.9057466082473746, 0.6781546353290855, 0.6391724941724941, 0.7954871794871795, 0.5206666666666666]",1.3454065999976592,3
9,dtr,prospective_k3,0.1,0.4912075102329254,0.8734867066033608,0.05579517113328471,1.5137146711349487,0.6618654936954433,0.441924276880726,2.288630962371826,2.288630962371826,"[0.3024466037750244, 1.0649274587631226, 1.6688731908798218, 1.0819969177246094, 2.288630962371826]","[0.9133373673232823, 0.6696151555512242, 0.5695104895104894, 0.7515897435897436, 0.5980000000000001]",1.3627976999996463,3
0,dtr,prospective_k3,0.3,0.32566604018211365,0.9386067876413435,0.010447091403812047,1.0774370431900024,0.7018670134379649,0.28999787201961824,1.7852756977081299,1.7852756977081299,"[0.2349397838115692, 0.7175318002700806, 0.9181434512138367, 0.4251880645751953, 1.7852756977081299]","[0.9281791104537204, 0.748609011157983, 0.6484149184149184, 0.9021538461538462, 0.5863333333333334]",1.4002694999944651,3
1,dtr,prospective_k3,0.3,0.32814452052116394,0.9274653461826754,0.016968787942894203,1.0882986783981323,0.6856388041543323,0.209494523921301,1.6437723636627197,1.6437723636627197,"[0.292880117893219, 0.8225623965263367, 1.2159343957901, 0.7314567565917969, 1.6437723636627197]","[0.9259376935037602, 0.7208132967639838, 0.6987995337995339, 0.7952820512820512, 0.5740000000000001]",1.3495383999979822,3
2,dtr,prospective_k3,0.3,0.2130582630634308,0.9303587503714844,0.007887504105705292,1.3848884105682373,0.6690639863992649,0.377792579367742,2.1735339164733887,2.1735339164733887,"[0.30204492807388306, 1.0030009746551514, 1.3425285816192627, 0.8973410725593567, 2.1735339164733887]","[0.9045191582516037, 0.7102014021344495, 0.5987529137529137, 0.788009324009324, 0.5640000000000001]",1.323240799989435,3
3,dtr,prospective_k3,0.3,0.22692199051380157,0.9624294824589285,0.009766828744009198,1.34446120262146,0.6459096412947198,0.4809149919527721,2.281907558441162,2.281907558441162,"[0.3360942006111145, 0.8946565389633179, 1.3933565616607666, 0.555770754814148, 2.281907558441162]","[0.920504348612851, 0.6660104139112033, 0.6143240093240093, 0.8117575757575757, 0.5306666666666666]",1.3607386999938171,3
4,dtr,prospective_k3,0.3,0.26243969798088074,0.9651273291599505,0.00875007039234962,1.1822680234909058,0.6884313017831392,0.29072470699281877,1.9007117748260498,1.9007117748260498,"[0.26336291432380676, 0.7943528890609741, 1.0466804504394531, 0.7384929656982422, 1.9007117748260498]","[0.9420404965923342, 0.717372452018198, 0.6410955710955711, 0.8381538461538461, 0.5896666666666667]",1.3562062000128208,3
5,dtr,prospective_k3,0.3,0.26352715492248535,0.9347368786980246,0.0090368024606273,1.2670007944107056,0.6857667809514992,0.31262231355363723,1.8629577159881592,1.8629577159881592,"[0.3276176452636719, 0.9200197458267212, 1.5322630405426025, 0.6864606738090515, 1.8629577159881592]","[0.905636612006908, 0.7471932405486641, 0.6261655011655012, 0.7863123543123545, 0.5740000000000001]",1.3776619999989634,3
6,dtr,prospective_k3,0.3,0.22607307136058807,0.9673570220896085,0.012590458608949135,1.0136122703552246,0.6969249545253242,0.30007286267440575,1.8059794902801514,1.8059794902801514,"[0.2297840118408203, 0.5934123992919922, 1.0534371137619019, 0.5422630310058594, 1.8059794902801514]","[0.945670859628638, 0.7491106795185345, 0.5454662004662005, 0.7964941724941725, 0.5656666666666667]",1.3612320000102045,3
7,dtr,prospective_k3,0.3,0.16786998510360718,0.9769037733095681,0.012402005892231631,1.0297828912734985,0.7009774113800492,0.22662678677188802,1.6195666790008545,1.6195666790008545,"[0.2293500155210495, 0.6971834301948547, 1.1469045877456665, 0.6367805004119873, 1.6195666790008545]","[0.943690661608836, 0.725797765618933, 0.5504662004662004, 0.7875244755244755, 0.609]",1.3532374000060372,3
8,dtr,prospective_k3,0.3,0.29172593355178833,0.9262643616978086,0.010378659507374705,1.5679309368133545,0.6640802953286794,0.5873263546275587,2.5669193267822266,2.5669193267822266,"[0.32088643312454224, 1.0520291328430176, 1.559876799583435, 0.7979583740234375, 2.5669193267822266]","[0.9255973870995791, 0.7070985144861959, 0.5966433566433567, 0.7759160839160839, 0.5453333333333333]",1.335444099997403,3
9,dtr,prospective_k3,0.3,0.35750851035118103,0.931497121250343,0.015917417443828817,1.5892452001571655,0.6651029905723296,0.4710769965505831,2.321845531463623,2.321845531463623,"[0.3218020498752594, 1.1335855722427368, 1.8963110446929932, 1.2342466115951538, 2.321845531463623]","[0.9187604388133106, 0.6810155651774401, 0.5765034965034965, 0.748923076923077, 0.5996666666666667]",1.352362899997388,3
0,dtr,prospective_k3,1.0,0.29158174991607666,0.9679284506610373,0.0018593207492259305,1.0728445053100586,0.7006161638143237,0.27404732857932235,1.7141201496124268,1.7141201496124268,"[0.21390774846076965, 0.7205386161804199, 1.1127238273620605, 0.48511895537376404, 1.7141201496124268]","[0.9396115900762968, 0.7356417812552692, 0.6108391608391608, 0.8834871794871795, 0.6063333333333334]",1.3558746999915456,3
1,dtr,prospective_k3,1.0,0.25185078382492065,0.9635883443778235,0.002647441325119003,1.2543710470199585,0.6647349934656965,0.28030685064030847,1.8965680599212646,1.8965680599212646,"[0.3325202167034149, 0.971096396446228, 1.350330114364624, 0.7764315009117126, 1.8965680599212646]","[0.9041891252483033, 0.6931814483256838, 0.637027972027972, 0.7979487179487179, 0.5666666666666667]",1.3733065999986138,3
2,dtr,prospective_k3,1.0,0.30034154653549194,0.9208254626747753,0.0033399072080973246,1.6350549459457397,0.6651661928034455,0.5001076734096559,2.4897258281707764,2.4897258281707764,"[0.33640822768211365, 1.2112442255020142, 1.7601476907730103, 1.2683167457580566, 2.4897258281707764]","[0.9020902517355662, 0.7079842847706604, 0.5461655011655011, 0.7618275058275058, 0.562]",1.3454853000002913,3
3,dtr,prospective_k3,1.0,0.24289003014564514,0.9632359340718317,0.00308248376159511,1.426823377609253,0.6521405489745951,0.47322475889385435,2.2702600955963135,2.2702600955963135,"[0.3625355362892151, 1.0422699451446533, 1.6864007711410522, 0.6916495561599731, 2.2702600955963135]","[0.899814162057633, 0.6802039932368361, 0.5871794871794871, 0.7498368298368299, 0.5423333333333333]",1.3494631000066875,3
4,dtr,prospective_k3,1.0,0.25615745782852173,0.9689122945046436,0.0011331111867241407,1.1916892528533936,0.6781431889935797,0.2579391747933626,1.8343814611434937,1.8343814611434937,"[0.2736833393573761, 0.8621109127998352, 1.121717095375061, 0.8160608410835266, 1.8343814611434937]","[0.9358630829298624, 0.6976105472562932, 0.6308391608391608, 0.8505174825174826, 0.5863333333333334]",1.442217099989648,3
5,dtr,prospective_k3,1.0,0.2721896767616272,0.9674655924102389,0.0007930862038959691,1.2755205631256104,0.6912313961030895,0.31360450249354355,1.8924005031585693,1.8924005031585693,"[0.3437405526638031, 0.9337126612663269, 1.4994440078735352, 0.6684269905090332, 1.8924005031585693]","[0.9064489634688087, 0.7537011770566006, 0.6296153846153847, 0.780009324009324, 0.5763333333333334]",1.3755018999945605,3
6,dtr,prospective_k3,1.0,0.26347801089286804,0.9684275702435017,0.0018354840423344585,1.1450079679489136,0.683164670510541,0.3703860941186302,1.9714142084121704,1.9714142084121704,"[0.2337912768125534, 0.6764229536056519, 1.166266679763794, 0.5253580808639526, 1.9714142084121704]","[0.9501629041638306, 0.7306545820745216, 0.5602447552447553, 0.821911421911422, 0.5693333333333334]",1.3461180000012973,3
7,dtr,prospective_k3,1.0,0.25431695580482483,0.9693572703552276,0.002405634939425276,1.2287044525146484,0.6845397460805024,0.32536177746101574,1.933956503868103,1.933956503868103,"[0.26324933767318726, 0.855091392993927, 1.3155972957611084, 0.6967378854751587, 1.933956503868103]","[0.9364640768813975, 0.7104419647207875, 0.5996386946386947, 0.8144335664335666, 0.5826666666666667]",1.3685636000009254,3
8,dtr,prospective_k3,1.0,0.14908084273338318,0.9731042957310372,0.004290369496424012,1.365142822265625,0.6690008613220981,0.5959259726250105,2.4684653282165527,2.4684653282165527,"[0.2699141502380371, 0.8412097096443176, 1.3001468181610107, 0.5413366556167603, 2.4684653282165527]","[0.935793737473916, 0.7135578078809732, 0.62009324009324, 0.8318508158508159, 0.5393333333333332]",1.338444499997422,3
9,dtr,prospective_k3,1.0,0.3480214476585388,0.9507531387558135,0.0031892390530786395,1.7000539302825928,0.6735168257825024,0.48948035008654917,2.3887712955474854,2.3887712955474854,"[0.3435552418231964, 1.2919267416000366, 1.9818322658538818, 1.2652077674865723, 2.3887712955474854]","[0.9074298518434369, 0.6975593439792835, 0.5778088578088578, 0.7462564102564102, 0.6036666666666667]",1.3175731999945128,3
0,dtr,prospective_k3,3.0,0.3144528269767761,0.9553634372987305,0.0005437223999588578,1.1848698854446411,0.6903790664762189,0.32806757201746617,1.8848159313201904,1.8848159313201904,"[0.25181490182876587, 0.7828596830368042, 1.282562494277954, 0.5750232934951782, 1.8848159313201904]","[0.9380448964419529, 0.7366274443377065, 0.5988461538461538, 0.8384615384615385, 0.586]",1.3412796999909915,3
1,dtr,prospective_k3,3.0,0.200761079788208,0.9662358993571705,0.001206316544440548,1.0950305461883545,0.6639116141380704,0.22259088241785552,1.7172377109527588,1.7172377109527588,"[0.3298380374908447, 0.8378796577453613, 1.1824105978012085, 0.6796002388000488, 1.7172377109527588]","[0.8965734354624992, 0.681903926564291, 0.6412237762237762, 0.8904149184149185, 0.5556666666666668]",1.3350617999967653,3
2,dtr,prospective_k3,3.0,0.3047310709953308,0.9174049484590041,0.0013309008300059126,1.5707979202270508,0.6616259541834664,0.5051641072542521,2.4760680198669434,2.4760680198669434,"[0.3208690583705902, 1.1149548292160034, 1.5282204151153564, 0.9857381582260132, 2.4760680198669434]","[0.9115089233759759, 0.7004907315880905, 0.6142307692307692, 0.7724941724941725, 0.5493333333333333]",1.3343828999932157,3
3,dtr,prospective_k3,3.0,0.22720018029212952,0.9632338427732874,0.0004549246710636979,1.3709537982940674,0.6644355771438611,0.47510102897347367,2.2772176265716553,2.2772176265716553,"[0.3262244462966919, 0.9478667378425598, 1.5091590881347656, 0.6431905627250671, 2.2772176265716553]","[0.9161635267673496, 0.701614643518454, 0.6292307692307693, 0.7818088578088578, 0.5416666666666666]",1.3350747999938903,3
4,dtr,prospective_k3,3.0,0.25339213013648987,0.966590318887263,0.0003582504290489503,1.123794436454773,0.6764183790837976,0.25199448293525817,1.7865254878997803,1.7865254878997803,"[0.25926095247268677, 0.769219696521759, 1.09950852394104, 0.7807613611221313, 1.7865254878997803]","[0.9285183540922933, 0.7121061949777474, 0.6336363636363637, 0.8914871794871795, 0.5576666666666668]",1.3329279000026872,3
5,dtr,prospective_k3,3.0,0.27452796697616577,0.9687785026947028,0.00035331879623632864,1.3087213039398193,0.6881627821431311,0.32499378088683584,1.9359573125839233,1.9359573125839233,"[0.35535627603530884, 0.9664214849472046, 1.5524355173110962, 0.7137061953544617, 1.9359573125839233]","[0.8931040371339639, 0.7495895384434513, 0.612086247086247, 0.7763729603729603, 0.5726666666666665]",1.3382968000078108,3
6,dtr,prospective_k3,3.0,0.28487542271614075,0.965375304012387,0.00028979287716586894,1.3242433071136475,0.6604451142440961,0.4591158584289639,2.203132152557373,2.203132152557373,"[0.26377764344215393, 0.8185641169548035, 1.3493316173553467, 0.5976511240005493, 2.203132152557373]","[0.9346020229717265, 0.7127027131549107, 0.5799184149184149, 0.7904242424242425, 0.538]",1.3333638000040082,3
7,dtr,prospective_k3,3.0,0.25244367122650146,0.9669379155165178,0.0008485987782478333,1.1733088493347168,0.678760317578224,0.30040393554220657,1.8489017486572266,1.8489017486572266,"[0.26404261589050293, 0.795299768447876, 1.2910943031311035, 0.6576482653617859, 1.8489017486572266]","[0.9342719899684262, 0.71011950782977, 0.580990675990676, 0.8356550116550115, 0.576]",1.3334644999995362,3
8,dtr,prospective_k3,3.0,0.2261953353881836,0.9720624561453459,0.001237048702352822,1.3442524671554565,0.670624639874003,0.5677244401816969,2.4178643226623535,2.4178643226623535,"[0.27499204874038696, 0.8131716847419739, 1.2554020881652832, 0.531328558921814, 2.4178643226623535]","[0.9396950614584545, 0.7136678949265443, 0.6110489510489511, 0.8220139860139859, 0.5386666666666666]",1.329062899996643,3
9,dtr,prospective_k3,3.0,0.36039620637893677,0.9351464024735101,0.0010137823966059666,1.7284433841705322,0.6624758439465708,0.4738226894878892,2.3613524436950684,2.3613524436950684,"[0.3707364797592163, 1.3926697969436646, 2.0398192405700684, 1.2770512104034424, 2.3613524436950684]","[0.9067697858368364, 0.6697022011221406, 0.5923310023310023, 0.7535011655011654, 0.592]",1.3261388999962946,3
0,dtr,prospective_k3,10.0,0.2979392111301422,0.9518371217175166,0.0002568955820651702,1.1698486804962158,0.6860989290910318,0.32449323341912706,1.8792972564697266,1.8792972564697266,"[0.23440587520599365, 0.7696031332015991, 1.2658050060272217, 0.6115553975105286, 1.8792972564697266]","[0.9418280763163607, 0.7343873009685309, 0.5935780885780886, 0.8302564102564102, 0.5756666666666667]",1.2780482999951346,3
1,dtr,prospective_k3,10.0,0.20016460120677948,0.9724621529379508,5.888333639950173e-05,1.2427541017532349,0.6644973880994056,0.2616582614585846,1.8780601024627686,1.8780601024627686,"[0.31538259983062744, 0.9428712725639343, 1.3049960136413574, 0.948296844959259, 1.8780601024627686]","[0.9005679728472723, 0.6879152067545011, 0.5953030303030303, 0.8245780885780887, 0.5613333333333334]",1.2791847000044072,3
2,dtr,prospective_k3,10.0,0.2551451623439789,0.9583148372296246,0.00017644669247384915,1.4288321733474731,0.6534219649914059,0.441554688220234,2.312920093536377,2.312920093536377,"[0.32683348655700684, 1.0245734453201294, 1.3551890850067139, 0.8021770715713501, 2.312920093536377]","[0.9216125917328828, 0.675024781767302, 0.5974475524475525, 0.8112447552447553, 0.5443333333333333]",1.251941700000316,3
3,dtr,prospective_k3,10.0,0.22860555350780487,0.9664673532453101,7.480592275260653e-05,1.324286699295044,0.6557904790941956,0.4042325424006597,2.1289219856262207,2.1289219856262207,"[0.3617625832557678, 0.9404627680778503, 1.557276725769043, 0.6667027473449707, 2.1289219856262207]","[0.8947205921881007, 0.6903320014293604, 0.5907808857808858, 0.7757109557109557, 0.5383333333333333]",1.2586147999973036,3
4,dtr,prospective_k3,10.0,0.2342662513256073,0.9674655924102389,6.314189414735194e-05,1.1657063961029053,0.6723004128164836,0.23368935445334374,1.7770423889160156,1.7770423889160156,"[0.3044290244579315, 0.8456465005874634, 1.2098324298858643, 0.8856310844421387, 1.7770423889160156]","[0.9167054486638193, 0.7051681509429292, 0.5939044289044288, 0.8568205128205129, 0.5603333333333333]",1.3316523999965284,3
5,dtr,prospective_k3,10.0,0.2733888328075409,0.9639644983183351,0.00030476829504647864,1.4100122451782227,0.6694446695219678,0.3641895301039989,2.108903408050537,2.108903408050537,"[0.406852662563324, 1.027480125427246, 1.6892837285995483, 0.8848005533218384, 2.108903408050537]","[0.8902274848872995, 0.7397430863974085, 0.448962703962704, 0.5847179487179487, 0.5516666666666666]",1.3576527999975951,3
6,dtr,prospective_k3,10.0,0.3153436779975891,0.9549296525474474,0.000562716490079346,1.1183853149414062,0.6851447862893763,0.401880467383088,1.9672092199325562,1.9672092199325562,"[0.2669054865837097, 0.5965631008148193, 1.4598872661590576, 0.5939314365386963, 1.9672092199325562]","[0.9466609586385388, 0.7520316408407237, 0.4299766899766899, 0.8502750582750582, 0.5546666666666666]",1.3623054999916349,3
7,dtr,prospective_k3,10.0,0.2703709304332733,0.9689811164147158,0.0005795392111986262,1.227118730545044,0.6727311628935648,0.31621975558756876,1.909219741821289,1.909219741821289,"[0.26650509238243103, 0.8453167080879211, 1.3577196598052979, 0.7404689788818359, 1.909219741821289]","[0.9240160361562195, 0.6959515610811781, 0.5870629370629371, 0.8030303030303031, 0.583]",1.3411620999977458,3
8,dtr,prospective_k3,10.0,0.23004312813282013,0.9723192135972395,0.0002783759470277853,1.2306104898452759,0.6895574220406095,0.39532197043059564,2.1040844917297363,2.1040844917297363,"[0.2700786590576172, 0.7873698472976685, 1.1532824039459229, 0.6031880378723145, 2.1040844917297363]","[0.9391634129628657, 0.7144641058840455, 0.7164219114219115, 0.8541538461538462, 0.5716666666666667]",1.357188199996017,3
9,dtr,prospective_k3,10.0,0.37416648864746094,0.9219513692154905,0.0007692628804548287,1.4839813709259033,0.6572108723851207,0.38574049390617604,2.154353380203247,2.154353380203247,"[0.3366064429283142, 1.1299419403076172, 1.6765788793563843, 0.9667742848396301, 2.154353380203247]","[0.9049424046551383, 0.6626463895502, 0.5720979020979021, 0.7413053613053614, 0.5923333333333333]",1.3459335999941686,3
0,dtr,prospective_k4,0.0,1.7042032480239868,0.7836470320514045,1.1859930061999662,2.0225579738616943,0.5859637629311999,0.6134249131897798,2.8086471557617188,2.8086471557617188,"[0.72438645362854, 1.8689525127410889, 1.3114782571792603, 0.7372349500656128, 2.8086471557617188]","[0.8579190107755948, 0.5254405773133669, 0.6137296037296037, 0.7595897435897436, 0.5586666666666666]",1.3326498999958858,4
1,dtr,prospective_k4,0.0,2.0562283992767334,0.7953213394447095,1.7897631641278051,2.2161524295806885,0.5153128360864546,0.3446668855266717,2.5826306343078613,2.5826306343078613,"[1.368844747543335, 2.398021936416626, 2.0411171913146973, 1.0586926937103271, 2.5826306343078613]","[0.6942838810010132, 0.4506223395078762, 0.42099067599067597, 0.662974358974359, 0.5563333333333333]",1.3576666000008117,4
2,dtr,prospective_k4,0.0,1.6869627237319946,0.8041009748009961,1.2619079307273582,1.944514513015747,0.6142630824921371,0.4800291841942107,2.536898374557495,2.536898374557495,"[0.8840228915214539, 1.9777005910873413, 1.2833821773529053, 0.6788350343704224, 2.536898374557495]","[0.8364253302185924, 0.57797476477101, 0.7434498834498835, 0.8265641025641026, 0.5626666666666666]",1.3572483000025386,4
3,dtr,prospective_k4,0.0,1.8659778833389282,0.7507677288603417,1.2262908715770078,2.527561902999878,0.46910446811138706,0.7495473513609909,3.3572216033935547,3.3572216033935547,"[1.2586003541946411, 2.5060675144195557, 2.4019927978515625, 1.0030806064605713, 3.3572216033935547]","[0.6625687548757316, 0.395354328588518, 0.3986480186480187, 0.8162051282051281, 0.5050000000000001]",1.3421054000064032,4
4,dtr,prospective_k4,0.0,1.9042723178863525,0.8082932061846341,1.6293853006245178,2.0737292766571045,0.5986107734178788,0.6976821101200392,3.08307147026062,3.08307147026062,"[0.6648209095001221, 1.7429533004760742, 1.5068219900131226, 0.9792436361312866, 3.08307147026062]","[0.8722186116801078, 0.5549084343518841, 0.5397435897435897, 0.7622564102564102, 0.5656666666666667]",1.3354094000096666,4
5,dtr,prospective_k4,0.0,1.5045565366744995,0.8065874251825477,1.3490810315795396,2.0813934803009033,0.5739155389744411,0.6136065587904307,3.040943145751953,3.040943145751953,"[0.8737263679504395, 1.7851238250732422, 1.67916738986969, 0.9341806173324585, 3.040943145751953]","[0.8255205322356536, 0.5240504599107522, 0.6049184149184149, 0.7515897435897436, 0.533]",1.3154614999948535,4
6,dtr,prospective_k4,0.0,1.1176490783691406,0.8226461769879327,1.0208795806508006,1.844476342201233,0.6206362022081565,0.7405156546830575,2.981261730194092,2.981261730194092,"[0.5721825361251831, 1.3740606307983398, 1.289025068283081, 0.688867449760437, 2.981261730194092]","[0.8737208749951518, 0.6196963349206828, 0.6112004662004662, 0.7649230769230769, 0.5496666666666667]",1.3108534999919357,4
7,dtr,prospective_k4,0.0,1.3238604068756104,0.8067543218321468,1.0992174344788854,2.0106263160705566,0.5863598241880131,0.447999227049082,2.6998395919799805,2.6998395919799805,"[0.8276726603507996, 1.8273518085479736, 1.4583518505096436, 0.9919731020927429, 2.6998395919799805]","[0.8240352987828713, 0.5436402219673584, 0.6000699300699301, 0.756923076923077, 0.5646666666666668]",1.365002699996694,4
8,dtr,prospective_k4,0.0,1.6335573196411133,0.8055285798402446,1.2158031071164481,2.505066394805908,0.5825523702563831,0.9139994700264993,3.6065075397491455,3.6065075397491455,"[0.8626196980476379, 2.1656386852264404, 2.1447596549987793, 1.1954938173294067, 3.6065075397491455]","[0.7832076523525903, 0.5401698942269376, 0.602004662004662, 0.7462564102564102, 0.5566666666666666]",1.3861824000050547,4
9,dtr,prospective_k4,0.0,1.1891522407531738,0.8131489369485216,0.9805609777631092,2.2863688468933105,0.6164434439301574,0.8609508278918611,3.4053852558135986,3.4053852558135986,"[0.5844578742980957, 1.773817777633667, 2.2504546642303467, 1.4886857271194458, 3.4053852558135986]","[0.866422018503328, 0.5780054824587356, 0.5702564102564102, 0.7412307692307692, 0.5903333333333334]",1.4751461999985622,4
0,dtr,prospective_k4,0.001,1.6675291061401367,0.7791368726265843,0.942951940214683,1.8493797779083252,0.593432889547501,0.5028036946871964,2.5249392986297607,2.5249392986297607,"[0.7014683485031128, 1.7568126916885376, 1.1907706260681152, 0.6270796060562134, 2.5249392986297607]","[0.8649776773025714, 0.5332863300340864, 0.6112587412587412, 0.8074871794871795, 0.5616666666666666]",1.3360586000053445,4
1,dtr,prospective_k4,0.001,1.8702647686004639,0.7977156240510542,1.3175519307454426,2.1343016624450684,0.5162062482076843,0.29457543544938514,2.3962814807891846,2.3962814807891846,"[1.2719045877456665, 2.366219997406006, 2.071443796157837, 1.125563621520996, 2.3962814807891846]","[0.6947243083190063, 0.46168551909215505, 0.42518648018648014, 0.6254358974358973, 0.5533333333333333]",1.3395931999984896,4
2,dtr,prospective_k4,0.001,1.452671766281128,0.8091825627972451,0.9951726183479215,1.8594518899917603,0.6118194112346327,0.4670634512786728,2.47169828414917,2.47169828414917,"[0.8132160305976868, 1.8458356857299805, 1.1466953754425049, 0.6377867460250854, 2.47169828414917]","[0.841764930326463, 0.5726126889633354, 0.740990675990676, 0.8021538461538462, 0.5693333333333332]",1.333759300003294,4
3,dtr,prospective_k4,0.001,1.6252079010009766,0.7489333036348857,0.9407474847487461,2.437499523162842,0.4866908644786876,0.7102198534385844,3.2110016345977783,3.2110016345977783,"[1.135923147201538, 2.428751230239868, 2.40592622756958, 1.0019614696502686, 3.2110016345977783]","[0.7275225959396872, 0.3988453303143614, 0.41564102564102556, 0.7975384615384615, 0.5066666666666666]",1.402983399995719,4
4,dtr,prospective_k4,0.001,1.7336175441741943,0.812658533957158,1.2082977294921875,1.8038402795791626,0.6037103884348971,0.5485642790301688,2.7241780757904053,2.7241780757904053,"[0.5739108920097351, 1.4788137674331665, 1.3568599224090576, 0.8532719612121582, 2.7241780757904053]","[0.8807442502361813, 0.5585248686371335, 0.5885547785547786, 0.7810256410256411, 0.5673333333333334]",1.3691163999901619,4
5,dtr,prospective_k4,0.001,1.56874680519104,0.8050140713803395,1.0050474410194428,1.9732379913330078,0.5769562361758072,0.5425074703448979,2.828883647918701,2.828883647918701,"[0.8347877264022827, 1.742896318435669, 1.5341520309448242, 0.8233331441879272, 2.828883647918701]","[0.8470821423078375, 0.5311782670886006, 0.6091142191142191, 0.7541538461538462, 0.5313333333333333]",1.3586429999995744,4
6,dtr,prospective_k4,0.001,1.094550609588623,0.8181812127511812,0.8047759680100429,1.7540349960327148,0.6203991666095374,0.668950650794838,2.8214449882507324,2.8214449882507324,"[0.5509088635444641, 1.3243978023529053, 1.1738508939743042, 0.6274579763412476, 2.8214449882507324]","[0.8867357683266961, 0.6147646585537959, 0.6181934731934733, 0.7674871794871795, 0.5506666666666666]",1.391130100004375,4
7,dtr,prospective_k4,0.001,1.3562566041946411,0.8095752033576232,0.8557264696913982,1.898014783859253,0.5905910676228286,0.3778411385325603,2.488701343536377,2.488701343536377,"[0.7616256475448608, 1.7562134265899658, 1.388458013534546, 0.9590253829956055, 2.488701343536377]","[0.8266999621363663, 0.5491178128413405, 0.6042657342657343, 0.7515897435897436, 0.5696666666666667]",1.3635625000024447,4
8,dtr,prospective_k4,0.001,1.513358473777771,0.8148527436414325,0.9725765966093589,2.3396155834198,0.5911615606494893,0.7808227813887805,3.329436779022217,3.329436779022217,"[0.8054683804512024, 2.029694080352783, 2.0669798851013184, 1.1106321811676025, 3.329436779022217]","[0.7931471677049038, 0.5576695885062929, 0.6153962703962704, 0.7462564102564102, 0.5536666666666666]",1.3540100999962306,4
9,dtr,prospective_k4,0.001,1.211366891860962,0.8135865737100098,0.7704264872358659,2.1198554039001465,0.6145656562120978,0.7419949201313785,3.153778076171875,3.153778076171875,"[0.5448756217956543, 1.6721765995025635, 1.9967644214630127, 1.278550148010254, 3.153778076171875]","[0.8824662809196406, 0.5711170677327047, 0.5744522144522144, 0.7412307692307692, 0.5873333333333333]",1.3840598999959184,4
0,dtr,prospective_k4,0.003,1.5697858333587646,0.7842689036014537,0.6853749938462497,1.6104869842529297,0.6052135058938737,0.39742212187748094,2.185803174972534,2.185803174972534,"[0.6642374396324158, 1.5685663223266602, 1.0005518198013306, 0.45445650815963745, 2.185803174972534]","[0.8684654097264822, 0.5554581667887273, 0.6087878787878788, 0.8634871794871796, 0.5640000000000001]",1.3690408000111347,4
1,dtr,prospective_k4,0.003,1.7794437408447266,0.8021640869805298,0.8696579952789433,1.8365848064422607,0.521332359877824,0.19545989562824162,1.978306531906128,2.078057289123535,"[1.1027495861053467, 2.078057289123535, 1.8625047206878662, 1.0607099533081055, 1.978306531906128]","[0.6924363512460718, 0.4624611559232445, 0.4371794871794871, 0.635897435897436, 0.564]",1.334457699995255,4
2,dtr,prospective_k4,0.003,1.5547757148742676,0.8121409368859218,0.731699609952699,1.7144790887832642,0.6261312783647146,0.4281677830466316,2.2815582752227783,2.2815582752227783,"[0.7399986982345581, 1.7190662622451782, 0.9730954170227051, 0.5289337038993835, 2.2815582752227783]","[0.8456662543110017, 0.593345669001947, 0.7661655011655012, 0.8366153846153846, 0.5740000000000001]",1.3317017999943346,4
3,dtr,prospective_k4,0.003,1.0415337085723877,0.773436607239674,0.5749348220511229,2.193417549133301,0.5326640202497924,0.6257982690707331,3.0779314041137695,3.0779314041137695,"[0.9292985200881958, 1.946683645248413, 2.234177589416504, 1.0647954940795898, 3.0779314041137695]","[0.7727526840998746, 0.49171423318789775, 0.5234965034965036, 0.7335384615384616, 0.5189999999999999]",1.360784299991792,4
4,dtr,prospective_k4,0.003,1.5508373975753784,0.8223840731881674,0.827854140795798,1.7596817016601562,0.6049854072899739,0.48012719616608823,2.574716806411743,2.574716806411743,"[0.5393754243850708, 1.4806385040283203, 1.2720253467559814, 0.8804815411567688, 2.574716806411743]","[0.8775132656591242, 0.5583641384736695, 0.6022144522144522, 0.7595897435897436, 0.5770000000000001]",1.3560993999999482,4
5,dtr,prospective_k4,0.003,1.4180160760879517,0.8200851947189485,0.7005770961934157,2.023719549179077,0.5726252028264749,0.5987938868004983,2.918780565261841,2.918780565261841,"[0.7847093343734741, 1.7239090204238892, 1.6151788234710693, 0.8402293920516968, 2.918780565261841]","[0.8147346380983068, 0.5280338891713043, 0.6196503496503497, 0.748923076923077, 0.5343333333333333]",1.3702294000104303,4
6,dtr,prospective_k4,0.003,0.9723237752914429,0.8173442079885052,0.5558533688140995,1.5248183012008667,0.6378146795863332,0.5449615449271221,2.4894843101501465,2.4894843101501465,"[0.5081675052642822, 1.1645150184631348, 0.9075128436088562, 0.46525129675865173, 2.4894843101501465]","[0.8957876088589078, 0.6371767040203724, 0.7085081585081585, 0.86, 0.5493333333333332]",1.3340916000015568,4
7,dtr,prospective_k4,0.003,1.33310866355896,0.8118609176433376,0.6200920073583783,1.8057873249053955,0.5909614210247931,0.32049563347819454,2.3082613945007324,2.3082613945007324,"[0.7233400344848633, 1.7008416652679443, 1.3443336486816406, 0.9245353937149048, 2.3082613945007324]","[0.8335477152063197, 0.5439921087116656, 0.6154545454545455, 0.7541538461538462, 0.5726666666666667]",1.357789400004549,4
8,dtr,prospective_k4,0.003,1.35951828956604,0.8310101567101235,0.7530300470046055,2.2626423835754395,0.5968443148542925,0.8048912267781112,3.289503574371338,3.289503574371338,"[0.7315723299980164, 1.902321219444275, 1.9089431762695312, 0.9950671195983887, 3.289503574371338]","[0.8045249591805493, 0.5710802080186073, 0.622983682983683, 0.7488205128205128, 0.546]",1.3808253000024706,4
9,dtr,prospective_k4,0.003,1.1357158422470093,0.8277058989738382,0.5483635717949259,1.8599656820297241,0.6115450643792437,0.5679371352031966,2.72806453704834,2.72806453704834,"[0.4949818551540375, 1.5305485725402832, 1.7155735492706299, 0.9759007692337036, 2.72806453704834]","[0.8817682210425406, 0.5587726361482512, 0.5702564102564102, 0.743897435897436, 0.5966666666666667]",1.355706200003624,4
0,dtr,prospective_k4,0.01,1.4808754920959473,0.8022908501375949,0.39691094606501576,1.4465223550796509,0.6164111386754331,0.3242140790023265,1.9202373027801514,1.9202373027801514,"[0.6037174463272095, 1.4518463611602783, 0.8580272793769836, 0.36681443452835083, 1.9202373027801514]","[0.870714067461465, 0.5724363177372103, 0.6266433566433567, 0.8785641025641026, 0.5733333333333333]",1.3430307999951765,4
1,dtr,prospective_k4,0.01,1.2078489065170288,0.8244034349918185,0.4913146956957907,1.538088083267212,0.5425235806821546,0.19524799766557294,1.934380292892456,1.934380292892456,"[0.7605282068252563, 1.5103931427001953, 1.5078659057617188, 0.8569628000259399, 1.934380292892456]","[0.772286647194124, 0.48655576699589814, 0.44277389277389273, 0.6599831862126944, 0.5546666666666666]",1.3497744999913266,4
2,dtr,prospective_k4,0.01,1.0385212898254395,0.8515026767839158,0.37531929644046985,1.2602380514144897,0.6704028835528513,0.28053941298729,1.8353837728500366,1.8353837728500366,"[0.532538890838623, 1.1388604640960693, 0.6685976982116699, 0.3684832453727722, 1.8353837728500366]","[0.878062139813949, 0.6596651793382627, 0.8667365967365969, 0.893948717948718, 0.5836666666666667]",1.3294819000002462,4
3,dtr,prospective_k4,0.01,0.527535080909729,0.8345408517350815,0.32226993419505934,1.996545433998108,0.5664034134852194,0.8129553153605367,3.1465234756469727,3.1465234756469727,"[0.6295394897460938, 1.541120171546936, 1.976919412612915, 0.8325867652893066, 3.1465234756469727]","[0.8332018951655218, 0.5526392416042878, 0.5160839160839161, 0.7415384615384616, 0.5033333333333333]",1.3303290999901947,4
4,dtr,prospective_k4,0.01,1.3257516622543335,0.828145461089516,0.40974702560362014,1.584702491760254,0.6038920145258692,0.3588258212845526,2.2427141666412354,2.2427141666412354,"[0.5001319050788879, 1.3832066059112549, 1.1438013315200806, 0.7748671174049377, 2.2427141666412354]","[0.8742930858657525, 0.5569783561010092, 0.6008158508158508, 0.7595897435897436, 0.5783333333333334]",1.348753600002965,4
5,dtr,prospective_k4,0.01,1.4790935516357422,0.8216964046201289,0.33461372155711483,1.7428261041641235,0.5865134043911738,0.3831313876917938,2.3629841804504395,2.3629841804504395,"[0.6575777530670166, 1.5282002687454224, 1.5622841119766235, 0.7697640061378479, 2.3629841804504395]","[0.8457511865329937, 0.5444245117921074, 0.6224475524475526, 0.7514871794871796, 0.5503333333333333]",1.3349194000038551,4
6,dtr,prospective_k4,0.01,0.812806248664856,0.8340750918953299,0.2791664610183779,1.3258975744247437,0.6784679314191292,0.5069882729780668,2.3051130771636963,2.3051130771636963,"[0.4409029483795166, 0.921866238117218, 0.7566959261894226, 0.3165270686149597, 2.3051130771636963]","[0.9032602238246845, 0.7038325304246953, 0.7555827505827506, 0.9288205128205128, 0.557]",1.3137614000006579,4
7,dtr,prospective_k4,0.01,0.9768285751342773,0.8302414295962681,0.3764105824286064,1.5438783168792725,0.6077109944798474,0.306041963442143,2.1648812294006348,2.1648812294006348,"[0.5671774744987488, 1.3252283334732056, 1.1316927671432495, 0.7773555517196655, 2.1648812294006348]","[0.8577734572491943, 0.5919431926195564, 0.6285780885780886, 0.7805128205128204, 0.5563333333333332]",1.2910658000037074,4
8,dtr,prospective_k4,0.01,1.1602826118469238,0.8474862575510833,0.37899536949126317,1.9238799810409546,0.6098819486992694,0.5827555372347376,2.7693164348602295,2.7693164348602295,"[0.5695687532424927, 1.6201114654541016, 1.652902364730835, 0.8681894540786743, 2.7693164348602295]","[0.853960121400649, 0.5830263861949658, 0.6285780885780886, 0.7718974358974359, 0.5493333333333333]",1.2939972000021953,4
9,dtr,prospective_k4,0.01,1.055351972579956,0.8306861390728585,0.31816078704080464,1.8496074676513672,0.6246927566595758,0.5319119777373397,2.641139268875122,2.641139268875122,"[0.4398579001426697, 1.550372838973999, 1.60751473903656, 1.0193169116973877, 2.641139268875122]","[0.8875174730105391, 0.5824311102905962, 0.6038228438228438, 0.748923076923077, 0.6006666666666667]",1.344828499990399,4
0,dtr,prospective_k4,0.03,1.114264726638794,0.8302122391842376,0.20414803744343574,1.1812373399734497,0.6565307683183648,0.2459623852734532,1.6942646503448486,1.6942646503448486,"[0.4850899577140808, 1.0676661729812622, 0.7492958903312683, 0.27862071990966797, 1.6942646503448486]","[0.8940501199349182, 0.6411641690794614, 0.6886480186480187, 0.9181538461538462, 0.5793333333333333]",1.3047229000076186,4
1,dtr,prospective_k4,0.03,0.9804214239120483,0.8161718169547916,0.2445152188524788,1.283726692199707,0.6313012566837892,0.14186283759336932,1.600670576095581,1.600670576095581,"[0.5375385880470276, 1.2528505325317383, 1.3365740776062012, 0.8468977808952332, 1.600670576095581]","[0.8862791076034782, 0.5880431439171048, 0.49923076923076926, 0.7903589743589744, 0.609]",1.3477158000023337,4
2,dtr,prospective_k4,0.03,0.619796872138977,0.8624635695198732,0.14915691972269443,1.153512716293335,0.6913121681151582,0.28114987403996766,1.8705883026123047,1.8705883026123047,"[0.377871036529541, 0.829867959022522, 0.7885777354240417, 0.4773833155632019, 1.8705883026123047]","[0.917781675969899, 0.7099108919513892, 0.8272494172494174, 0.8432820512820512, 0.5783333333333334]",1.3411154999921564,4
3,dtr,prospective_k4,0.03,0.3971279561519623,0.8760917919469765,0.13700274871700585,1.7212378978729248,0.6233020452132438,0.5938371311215563,2.688373327255249,2.688373327255249,"[0.4413071572780609, 1.213483452796936, 1.6823657751083374, 0.8730007410049438, 2.688373327255249]","[0.8681844862764228, 0.6265078776698965, 0.6126573426573427, 0.7515897435897436, 0.5583333333333333]",1.3502124000078766,4
4,dtr,prospective_k4,0.03,0.7384493350982666,0.8509983094108993,0.16950032936692727,1.3093760013580322,0.6331805474525315,0.2940722465071849,1.9688447713851929,1.9688447713851929,"[0.3601047992706299, 1.029189944267273, 1.014318823814392, 0.6517255902290344, 1.9688447713851929]","[0.9027285753290958, 0.6101722295381848, 0.6078088578088578, 0.7888205128205128, 0.5763333333333333]",1.3524345000041649,4
5,dtr,prospective_k4,0.03,1.2829495668411255,0.8353841024395751,0.19322479114610963,1.4082273244857788,0.6250435914353211,0.29561768337414435,2.0114550590515137,2.0114550590515137,"[0.4572322964668274, 1.1158937215805054, 1.3306224346160889, 0.6730276346206665, 2.0114550590515137]","[0.8829882355363615, 0.6205344118549873, 0.6286363636363637, 0.7823589743589744, 0.5626666666666666]",1.3423635000071954,4
6,dtr,prospective_k4,0.03,0.2754759192466736,0.8921504287121662,0.1443320301825127,1.355913758277893,0.6952731427633485,0.8167273525072083,2.721865177154541,2.721865177154541,"[0.2881694436073303, 0.6609404683113098, 0.7826517820358276, 0.3217651844024658, 2.721865177154541]","[0.9193971682584274, 0.7848174084954126, 0.7712937062937063, 0.9127179487179488, 0.5136666666666667]",1.3312676000059582,4
7,dtr,prospective_k4,0.03,0.8659619092941284,0.8341347993172368,0.15441309964215313,1.225198745727539,0.6410626900495806,0.1913152020257917,1.7197160720825195,1.7197160720825195,"[0.41204261779785156, 0.992817759513855, 1.073009729385376, 0.7007043957710266, 1.7197160720825195]","[0.8824951122940764, 0.6403513190293231, 0.6352447552447552, 0.7908717948717948, 0.5803333333333334]",1.3454887999978382,4
8,dtr,prospective_k4,0.03,0.959031879901886,0.8562460490130691,0.17688822648162214,1.72532057762146,0.6176974236744414,0.5523763280363697,2.6221771240234375,2.6221771240234375,"[0.4600923955440521, 1.3722608089447021, 1.4462196826934814, 0.7641624212265015, 2.6221771240234375]","[0.8958808222591422, 0.6154135913660623, 0.622983682983683, 0.7772307692307693, 0.5296666666666667]",1.4593002000037814,4
9,dtr,prospective_k4,0.03,0.7945069670677185,0.8370008576755865,0.1527478057170601,1.4619958400726318,0.6536260876418927,0.41429546420726326,2.2402169704437256,2.2402169704437256,"[0.32968345284461975, 1.0855867862701416, 1.3526283502578735, 0.7440705895423889, 2.2402169704437256]","[0.9240720489028525, 0.6409601916217553, 0.5932284382284382, 0.7595897435897436, 0.5966666666666667]",1.6010287999961292,4
0,dtr,prospective_k4,0.1,0.5185908079147339,0.8642681286977808,0.07450467765085982,1.0584243535995483,0.7093702990959286,0.25403681024909386,1.6977592706680298,1.6977592706680298,"[0.3288536071777344, 0.7713474035263062, 0.7653142809867859, 0.30643707513809204, 1.6977592706680298]","[0.9204219399963017, 0.7491501643125861, 0.7826340326340326, 0.9131282051282051, 0.5846666666666668]",1.3540192999935243,4
1,dtr,prospective_k4,0.1,0.5658134818077087,0.8466036449390113,0.06657252880771464,0.9716412425041199,0.6779534286832443,0.13540043401040608,1.4028908014297485,1.4028908014297485,"[0.3278537392616272, 0.7967727780342102, 1.0859646797180176, 0.6495044231414795, 1.4028908014297485]","[0.922013032957738, 0.690030687106723, 0.7254662004662005, 0.8192820512820512, 0.5860000000000001]",1.3534383999940474,4
2,dtr,prospective_k4,0.1,0.313603013753891,0.8956912712146275,0.05017295884497372,1.210841178894043,0.674033744584856,0.3082832901452027,1.9821590185165405,1.9821590185165405,"[0.3072940707206726, 0.8402199745178223, 1.2085322141647339, 0.8187530636787415, 1.9821590185165405]","[0.9192600937130437, 0.7164583944014866, 0.5504662004662004, 0.6069184149184149, 0.568]",1.3588155999896117,4
3,dtr,prospective_k4,0.1,0.23841610550880432,0.9340435611490457,0.0717935248166936,1.6061012744903564,0.614507065815187,0.6168871466628504,2.6384618282318115,2.6384618282318115,"[0.3906812369823456, 1.0739613771438599, 1.6359672546386719, 0.750318169593811, 2.6384618282318115]","[0.8971560081434895, 0.641724730564025, 0.5760839160839161, 0.7545641025641026, 0.5076666666666667]",1.347949899995001,4
4,dtr,prospective_k4,0.1,0.2629237771034241,0.9303587503714844,0.04772354055334021,1.1988685131072998,0.6680826822067949,0.287576583531486,1.8948310613632202,1.8948310613632202,"[0.26900559663772583, 0.8295122385025024, 1.0345075130462646, 0.7054167985916138, 1.8948310613632202]","[0.9260319696696031, 0.6851193342593395, 0.6287878787878788, 0.7752820512820513, 0.5783333333333334]",1.355472600000212,4
5,dtr,prospective_k4,0.1,0.598263680934906,0.865338676851674,0.07115472981959213,1.2275922298431396,0.6770806091797918,0.24839458285594224,1.7673518657684326,1.7673518657684326,"[0.330279141664505, 0.8832963705062866, 1.3755208253860474, 0.7694516777992249, 1.7673518657684326]","[0.9263376033458112, 0.7134908688665219, 0.630034965034965, 0.7797948717948718, 0.5833333333333334]",1.3661375000083353,4
6,dtr,prospective_k4,0.1,0.22581548988819122,0.9321435678801976,0.047426019676428274,0.9720178842544556,0.7139125663033201,0.3028827982189237,1.7655872106552124,1.7655872106552124,"[0.22000756859779358, 0.5433825254440308, 0.8389531970024109, 0.3606506288051605, 1.7655872106552124]","[0.9442087155610176, 0.7774185349675068, 0.7422144522144523, 0.9152820512820513, 0.563]",1.3316177000087919,4
7,dtr,prospective_k4,0.1,0.2919035851955414,0.9018037905541363,0.044180699827249155,1.0696477890014648,0.6864667651590942,0.22949187722220105,1.6891539096832275,1.6891539096832275,"[0.2645394802093506, 0.716465413570404, 1.0164467096328735, 0.6144141554832458, 1.6891539096832275]","[0.9216483272264643, 0.7189444372544525, 0.6216083916083915, 0.8167179487179487, 0.595]",1.3240217999991728,4
8,dtr,prospective_k4,0.1,0.6012275218963623,0.8625577445191807,0.0611233358029966,1.6323902606964111,0.6414618211392835,0.5211916297042286,2.5084359645843506,2.5084359645843506,"[0.3574608266353607, 1.2252241373062134, 1.5047340393066406, 0.8411461114883423, 2.5084359645843506]","[0.9027172391626064, 0.6588085303678903, 0.6163170163170164, 0.7743216783216783, 0.545]",1.348200899999938,4
9,dtr,prospective_k4,0.1,0.5021616816520691,0.876651263565386,0.05664311318731112,1.4802234172821045,0.6661759184169818,0.4164807528867783,2.2136597633361816,2.2136597633361816,"[0.2975080609321594, 1.0446550846099854, 1.637513518333435, 1.0165225267410278, 2.2136597633361816]","[0.9160152035392309, 0.6726421953168031, 0.5787062937062937, 0.7515897435897436, 0.6056666666666667]",1.4174915000039618,4
0,dtr,prospective_k4,0.3,0.1700439155101776,0.9700986204683384,0.012590046527454391,0.9775377511978149,0.7104027339366127,0.24534048707886086,1.6269880533218384,1.6269880533218384,"[0.22689160704612732, 0.6183742880821228, 0.91429603099823, 0.3762803077697754, 1.6269880533218384]","[0.9400012265174669, 0.7650683045527602, 0.6428088578088578, 0.905025641025641, 0.5853333333333334]",1.3599863999988884,4
1,dtr,prospective_k4,0.3,0.29558438062667847,0.9323660548693298,0.01813839271725941,0.9986336827278137,0.6948124058096617,0.18346343720801742,1.5170079469680786,1.5170079469680786,"[0.2854427695274353, 0.7418810129165649, 1.1666263341903687, 0.6406757235527039, 1.5170079469680786]","[0.9386913679051465, 0.7272621759329286, 0.7121328671328672, 0.8006153846153847, 0.5866666666666667]",1.370787299994845,4
2,dtr,prospective_k4,0.3,0.14440222084522247,0.9658469448626426,0.008028432052321885,1.2848542928695679,0.679246743225969,0.3343136735755871,2.0330116748809814,2.0330116748809814,"[0.27585989236831665, 0.9244604110717773, 1.277527928352356, 0.8479989767074585, 2.0330116748809814]","[0.9269868645687266, 0.7132377409918587, 0.6854662004662004, 0.7853426573426574, 0.5680000000000001]",1.359495299999253,4
3,dtr,prospective_k4,0.3,0.19129113852977753,0.9646215182765729,0.014842075330239755,1.3905837535858154,0.6553500596880528,0.4665917850318378,2.2629714012145996,2.2629714012145996,"[0.31210651993751526, 0.9168168902397156, 1.5203580856323242, 0.7017729878425598, 2.2629714012145996]","[0.9268936511684924, 0.6810821294375529, 0.6223892773892774, 0.7646153846153847, 0.5516666666666666]",1.3611959999980172,4
4,dtr,prospective_k4,0.3,0.17152617871761322,0.9723663010968933,0.008333908064375199,1.1135656833648682,0.6867967455158914,0.233823244735149,1.7262341976165771,1.7262341976165771,"[0.24713747203350067, 0.7785571217536926, 1.0834602117538452, 0.7797182202339172, 1.7262341976165771]","[0.9383510615009651, 0.7252654371692477, 0.6154545454545455, 0.8064615384615385, 0.5896666666666667]",1.3439409999991767,4
5,dtr,prospective_k4,0.3,0.24635334312915802,0.9503144098808882,0.009630089679372653,1.2832573652267456,0.6921133927430454,0.30369001456009587,1.840542197227478,1.840542197227478,"[0.31912511587142944, 0.9247674942016602, 1.6036264896392822, 0.824379563331604, 1.840542197227478]","[0.9316073266149314, 0.7578768042967439, 0.6061655011655012, 0.774983682983683, 0.5863333333333334]",1.3935147000011057,4
6,dtr,prospective_k4,0.3,0.16741226613521576,0.9728291593476917,0.012356398895444203,0.9641649127006531,0.7052952206190891,0.2730687517191498,1.6857149600982666,1.6857149600982666,"[0.21080617606639862, 0.5526099801063538, 1.0243051052093506, 0.4487153887748718, 1.6857149600982666]","[0.9508229701704314, 0.7638597834611869, 0.5774009324009324, 0.8403729603729604, 0.5733333333333334]",1.389136999991024,4
7,dtr,prospective_k4,0.3,0.18623590469360352,0.9712342701220239,0.008731500479419535,1.0477464199066162,0.703893919678141,0.26912698115482386,1.7253262996673584,1.7253262996673584,"[0.21493589878082275, 0.639325737953186, 1.034678339958191, 0.5342426300048828, 1.7253262996673584]","[0.9419814245372689, 0.7419653240888988, 0.6191375291375292, 0.8433846153846154, 0.6043333333333333]",1.3277946000016527,4
8,dtr,prospective_k4,0.3,0.2462460696697235,0.9521860302572079,0.012392699718475342,1.4827591180801392,0.6690717506350927,0.5100726694226052,2.404813289642334,2.404813289642334,"[0.3136046230792999, 0.9984321594238281, 1.493687391281128, 0.7683768272399902, 2.404813289642334]","[0.9316907979970889, 0.7121599584186077, 0.5941724941724942, 0.7638321678321678, 0.5523333333333333]",1.3370279999944614,4
9,dtr,prospective_k4,0.3,0.309738427400589,0.9304805852284058,0.019611785441269108,1.52144193649292,0.6804293150025972,0.4401697468516881,2.2224440574645996,2.2224440574645996,"[0.2815447449684143, 1.0774266719818115, 1.7907612323760986, 1.1502997875213623, 2.2224440574645996]","[0.9238984234288928, 0.7060923700929549, 0.5998018648018648, 0.748923076923077, 0.6093333333333334]",1.3650272999948356,4
0,dtr,prospective_k4,1.0,0.21900871396064758,0.9699177411587441,0.0015018777346905367,1.0990123748779297,0.6984661460078059,0.2841700361756614,1.7622592449188232,1.7622592449188232,"[0.22252199053764343, 0.7178835272789001, 1.1489498615264893, 0.545968770980835, 1.7622592449188232]","[0.9478282738136361, 0.7454395283110807, 0.6044405594405594, 0.8381538461538461, 0.5993333333333333]",1.345404800013057,4
1,dtr,prospective_k4,1.0,0.18408234417438507,0.974203552453132,0.00225666245070014,1.1133671998977661,0.6838790066646121,0.23405791808005544,1.695374846458435,1.695374846458435,"[0.2901487946510315, 0.8462017774581909, 1.264284610748291, 0.6855152249336243, 1.695374846458435]","[0.931843614835193, 0.7038445462322277, 0.7307342657342657, 0.7952820512820512, 0.5826666666666667]",1.3558027999970363,4
2,dtr,prospective_k4,1.0,0.19503134489059448,0.9658815293525587,0.002312147874891022,1.4745794534683228,0.6740785255131961,0.42775027021698636,2.281578779220581,2.281578779220581,"[0.2940092086791992, 1.0604511499404907, 1.5406758785247803, 1.0490665435791016, 2.281578779220581]","[0.9283655372541892, 0.7141593845087657, 0.5903613053613054, 0.7763729603729603, 0.569]",1.3677069999976084,4
3,dtr,prospective_k4,1.0,0.16237059235572815,0.9668508462749175,0.002708573185612635,1.1219862699508667,0.6718079803561616,0.35748850709656294,1.9128398895263672,1.9128398895263672,"[0.28724393248558044, 0.7541119456291199, 1.3935089111328125, 0.5156785249710083, 1.9128398895263672]","[0.9391292716176967, 0.7056136194529138, 0.613100233100233, 0.8164755244755245, 0.556]",1.3422981000039726,4
4,dtr,prospective_k4,1.0,0.20455050468444824,0.97245300540718,0.0009724719779481613,1.148266315460205,0.6830941963194481,0.24227088648286582,1.7717841863632202,1.7717841863632202,"[0.2659824788570404, 0.812217116355896, 1.1256860494613647, 0.8136035799980164, 1.7717841863632202]","[0.9433606286055356, 0.7136448534518898, 0.6224475524475526, 0.8293892773892775, 0.5880000000000001]",1.342858999996679,4
5,dtr,prospective_k4,1.0,0.18169324100017548,0.97348393675044,0.0011473513005201708,1.2148950099945068,0.6952168097406984,0.2749270511371967,1.7519252300262451,1.7519252300262451,"[0.3175371289253235, 0.9058464169502258, 1.5130250453948975, 0.717352032661438, 1.7519252300262451]","[0.9191338237970526, 0.7591466455665852, 0.646013986013986, 0.7737062937062937, 0.5846666666666666]",1.352437399997143,4
6,dtr,prospective_k4,1.0,0.1957048773765564,0.9737188281919902,0.0018319780075991595,1.151138424873352,0.6802620212785278,0.35661193551832415,1.9479058980941772,1.9479058980941772,"[0.24012383818626404, 0.6841793656349182, 1.2213079929351807, 0.5753436088562012, 1.9479058980941772]","[0.9488774448786026, 0.7435040135015771, 0.5683100233100233, 0.7819114219114219, 0.5603333333333332]",1.344554600000265,4
7,dtr,prospective_k4,1.0,0.17654946446418762,0.9712962691312589,0.003137087564409515,1.117341160774231,0.6903831080491374,0.26108524032013575,1.7203350067138672,1.7203350067138672,"[0.23559033870697021, 0.7761445641517639, 1.300039529800415, 0.7288671731948853, 1.7203350067138672]","[0.9453408266253376, 0.7185781499683653, 0.6251981351981353, 0.7986759906759907, 0.5896666666666668]",1.3238984999916283,4
8,dtr,prospective_k4,1.0,0.19835062325000763,0.9735923754711457,0.0019337227069791943,1.3861191272735596,0.6714194567510655,0.49378636256748704,2.2987875938415527,2.2987875938415527,"[0.26286235451698303, 0.892031192779541, 1.3956201076507568, 0.6523405909538269, 2.2987875938415527]","[0.9365475482635552, 0.733440040343851, 0.6205128205128205, 0.78395337995338, 0.539]",1.3617853000032483,4
9,dtr,prospective_k4,1.0,0.27047377824783325,0.955588463085806,0.005145133768089514,1.611769437789917,0.6546711466186786,0.4690922143074845,2.3600454330444336,2.3600454330444336,"[0.30622902512550354, 1.1709245443344116, 1.7112144231796265, 1.0733076333999634, 2.3600454330444336]","[0.9233218288044499, 0.6872342031702717, 0.5868298368298368, 0.7542564102564102, 0.5706666666666667]",1.3430012000026181,4
0,dtr,prospective_k4,3.0,0.23955273628234863,0.9722358647659195,0.000446029743294657,1.1240469217300415,0.6954959882871155,0.2980449305669236,1.7768253087997437,1.7768253087997437,"[0.23007185757160187, 0.7295117974281311, 1.289291501045227, 0.5921645760536194, 1.7768253087997437]","[0.9500447600536999, 0.7511794156638714, 0.5941724941724942, 0.8222564102564103, 0.5896666666666667]",1.3709230999957072,4
1,dtr,prospective_k4,3.0,0.17684981226921082,0.9761241526406905,0.0002591003062119209,1.1734864711761475,0.6573472467556147,0.2526862154949905,1.8103415966033936,1.8103415966033936,"[0.31706732511520386, 0.9070587158203125, 1.2955780029296875, 0.7833278775215149, 1.8103415966033936]","[0.9248538497108207, 0.6757800301031954, 0.5844405594405595, 0.8173053613053615, 0.5526666666666668]",1.3441582000086783,4
2,dtr,prospective_k4,3.0,0.2029859721660614,0.9606368128470051,0.0013026614125373431,1.5350106954574585,0.6658879489150065,0.5020294644043708,2.4472923278808594,2.4472923278808594,"[0.31180399656295776, 1.0620739459991455, 1.5538957118988037, 0.9833388328552246, 2.4472923278808594]","[0.9301343777636258, 0.7069372241636154, 0.5906293706293707, 0.7635244755244756, 0.5546666666666666]",1.3874074000050314,4
3,dtr,prospective_k4,3.0,0.15832147002220154,0.9707895771283093,0.000602172894610299,1.3130638599395752,0.6721137443532177,0.41831038437138107,2.1504178047180176,2.1504178047180176,"[0.2929026186466217, 0.9160577654838562, 1.4496893882751465, 0.6749092936515808, 2.1504178047180176]","[0.938503346956265, 0.7081763434672508, 0.6414918414918416, 0.7818088578088578, 0.556]",1.3682437000097707,4
4,dtr,prospective_k4,3.0,0.1907515525817871,0.9700224594691693,0.0001781841494725565,1.0699633359909058,0.685035155000733,0.22754887865212567,1.6826550960540771,1.6826550960540771,"[0.2519935071468353, 0.7189418077468872, 1.1261281967163086, 0.753091037273407, 1.6826550960540771]","[0.9426414905438696, 0.7274415764421611, 0.6185780885780885, 0.8595897435897435, 0.5766666666666667]",1.3803694999951404,4
5,dtr,prospective_k4,3.0,0.18833377957344055,0.9744459145837029,0.00041934676131103263,1.218915581703186,0.6984240934602071,0.29487739273990743,1.8135515451431274,1.8135515451431274,"[0.3123435378074646, 0.8830394744873047, 1.5010172128677368, 0.709211528301239, 1.8135515451431274]","[0.9270204745310915, 0.758429784219181, 0.691002331002331, 0.7763729603729603, 0.5773333333333334]",1.3375623999891104,4
6,dtr,prospective_k4,3.0,0.2361617535352707,0.9692960208656398,0.0003699535281692513,1.262242317199707,0.6583153258831529,0.4034258932306594,2.052908420562744,2.052908420562744,"[0.2685861885547638, 0.7842356562614441, 1.435118556022644, 0.6218968629837036, 2.052908420562744]","[0.9407794366341984, 0.7286192518133849, 0.5585198135198135, 0.764065268065268, 0.5286666666666667]",1.3431351000035647,4
7,dtr,prospective_k4,3.0,0.19488295912742615,0.9732706481193845,0.0006302111234071324,1.0959851741790771,0.6926951355185564,0.2873269733911576,1.779301643371582,1.779301643371582,"[0.24234378337860107, 0.6894252896308899, 1.2299365997314453, 0.6198352575302124, 1.779301643371582]","[0.9436315895537705, 0.7324927797191709, 0.59497668997669, 0.8495477855477856, 0.5886666666666667]",1.3604156999936095,4
8,dtr,prospective_k4,3.0,0.198102205991745,0.97590701199943,0.0005890400811968517,1.2843595743179321,0.6749554323034621,0.5089708586560542,2.2726900577545166,2.2726900577545166,"[0.2546483278274536, 0.7810264229774475, 1.2836003303527832, 0.5069059729576111, 2.2726900577545166]","[0.947227279862101, 0.7263637474611063, 0.6138461538461538, 0.8292867132867133, 0.5373333333333333]",1.3448741000029258,4
9,dtr,prospective_k4,3.0,0.23084604740142822,0.9593392583973767,0.001084693113472236,1.6786667108535767,0.6680732553446964,0.4725582016197064,2.3193562030792236,2.3193562030792236,"[0.3486892879009247, 1.2819249629974365, 2.0285823345184326, 1.273592233657837, 2.3193562030792236]","[0.9153165025774758, 0.6963688677888074, 0.5597435897435897, 0.7334079254079254, 0.59]",1.3445449999999255,4
0,dtr,prospective_k4,10.0,0.2243594378232956,0.9734149832404428,0.00029186935091214905,1.072528600692749,0.6943409750370987,0.2780689781449189,1.7131153345108032,1.7131153345108032,"[0.2214118242263794, 0.6798115372657776, 1.2661011219024658, 0.6063534021377563, 1.7131153345108032]","[0.9489365169336681, 0.7534374801800005, 0.5911072261072261, 0.8302564102564102, 0.5826666666666668]",1.3253849999891827,4
1,dtr,prospective_k4,10.0,0.1766764521598816,0.9727733369785942,0.000130379290814385,1.2316707372665405,0.6660468538363109,0.26114854521948505,1.8438316583633423,1.8438316583633423,"[0.3182471990585327, 0.9386685490608215, 1.4043020009994507, 0.9478980898857117, 1.8438316583633423]","[0.931843614835193, 0.6974748585722175, 0.5861655011655011, 0.7627599067599068, 0.5613333333333334]",1.3363761000073282,4
2,dtr,prospective_k4,10.0,0.18137291073799133,0.9732197086095258,9.26359583443575e-05,1.3212813138961792,0.6631278643642963,0.38888912441921153,2.1364550590515137,2.1364550590515137,"[0.304437518119812, 0.9158975481987, 1.347718596458435, 0.7216906547546387, 2.1364550590515137]","[0.9305234828219916, 0.6927539164319205, 0.6163752913752913, 0.7988811188811189, 0.5506666666666666]",1.3648550999932922,4
3,dtr,prospective_k4,10.0,0.1728825867176056,0.9671363943694565,0.00011639840854906741,1.3111329078674316,0.6674330832256358,0.4137720142849858,2.157076358795166,2.157076358795166,"[0.3184061646461487, 0.8883892893791199, 1.4846738576889038, 0.7145096063613892, 2.157076358795166]","[0.9285183540922933, 0.7161205318953102, 0.5875058275058275, 0.7600932400932401, 0.5423333333333333]",1.373831800010521,4
4,dtr,prospective_k4,10.0,0.17989137768745422,0.9728654206793577,7.326687099757018e-05,1.1327589750289917,0.6790338499013755,0.24342981855709525,1.7796428203582764,1.7796428203582764,"[0.2792738080024719, 0.7903248071670532, 1.1574342250823975, 0.8391810655593872, 1.7796428203582764]","[0.9452817545702722, 0.7158030715778498, 0.6505944055944056, 0.8381538461538461, 0.5613333333333334]",1.363100000002305,4
5,dtr,prospective_k4,10.0,0.18492577970027924,0.9748835513451908,0.00031444254818031327,1.368577003479004,0.6823040061692677,0.34924686425637647,2.057849645614624,2.057849645614624,"[0.3544566035270691, 0.9816190600395203, 1.586472749710083, 0.8802894353866577, 2.057849645614624]","[0.9122372720729146, 0.7526182122785767, 0.5598251748251748, 0.7192634032634032, 0.5593333333333332]",1.3406897999957437,4
6,dtr,prospective_k4,10.0,0.2484731674194336,0.9712956213430758,0.0006064366733218417,1.028408408164978,0.6876313985657149,0.3256940170883331,1.7541582584381104,1.7541582584381104,"[0.2620985507965088, 0.5563850998878479, 1.399224042892456, 0.5468152761459351, 1.7541582584381104]","[0.9469319195867738, 0.7656927215547233, 0.48223776223776227, 0.8485780885780885, 0.5513333333333333]",1.3481772000086494,4
7,dtr,prospective_k4,10.0,0.19430390000343323,0.973599714560242,0.0009013267057668034,1.1913700103759766,0.6785971509959137,0.30151498664136506,1.8432986736297607,1.8432986736297607,"[0.2416781634092331, 0.7979771494865417, 1.3228737115859985, 0.7218722105026245, 1.8432986736297607]","[0.9411685416925641, 0.7102347152030418, 0.5862587412587412, 0.7826666666666667, 0.591]",1.3556446000002325,4
8,dtr,prospective_k4,10.0,0.1902323067188263,0.97590701199943,0.0002535197101993325,1.0707659721374512,0.6958075561477364,0.3006052179861568,1.842647910118103,1.842647910118103,"[0.24727146327495575, 0.6651164293289185, 1.1016533374786377, 0.5950103402137756, 1.842647910118103]","[0.9460599646870037, 0.7350606240612088, 0.666993006993007, 0.8726153846153846, 0.5740000000000001]",1.3637183999962872,4
9,dtr,prospective_k4,10.0,0.3044218122959137,0.9445745574029996,0.0006732108079111625,1.370499849319458,0.6680131649180808,0.34113907322805465,2.0055723190307617,2.0055723190307617,"[0.29044395685195923, 1.002396821975708, 1.573134422302246, 0.9618110656738281, 2.0055723190307617]","[0.9302525218737567, 0.6897457239075989, 0.5804895104895105, 0.7558508158508159, 0.5923333333333334]",1.3768326999997953,4
