seed,method,basis,lambda,val_ce,val_macro_accuracy,val_directional_gain,deploy_ce,deploy_macro_accuracy,volatility,terminal_ce,worst_block_ce,block_ce,block_macro_accuracy,seconds
0,standard,standard,0.0,1.7042032480239868,0.7836470320514045,0.5703297681769226,2.0225579738616943,0.5859637629311999,0.6134249131897798,2.8086471557617188,2.8086471557617188,"[0.72438645362854, 1.8689525127410889, 1.3114782571792603, 0.7372349500656128, 2.8086471557617188]","[0.8579190107755948, 0.5254405773133669, 0.6137296037296037, 0.7595897435897436, 0.5586666666666666]",1.62056450000091
1,standard,standard,0.0,2.0562283992767334,0.7953213394447095,0.8433445353566864,2.2161524295806885,0.5153128360864546,0.3446668855266717,2.5826306343078613,2.5826306343078613,"[1.368844747543335, 2.398021936416626, 2.0411171913146973, 1.0586926937103271, 2.5826306343078613]","[0.6942838810010132, 0.4506223395078762, 0.42099067599067597, 0.662974358974359, 0.5563333333333333]",0.611033099994529
2,standard,standard,0.0,1.6869627237319946,0.8041009748009961,0.6454488181282954,1.944514513015747,0.6142630824921371,0.4800291841942107,2.536898374557495,2.536898374557495,"[0.8840228915214539, 1.9777005910873413, 1.2833821773529053, 0.6788350343704224, 2.536898374557495]","[0.8364253302185924, 0.57797476477101, 0.7434498834498835, 0.8265641025641026, 0.5626666666666666]",0.6035892000072636
3,standard,standard,0.0,1.8659778833389282,0.7507677288603417,0.5549965611210576,2.527561902999878,0.46910446811138706,0.7495473513609909,3.3572216033935547,3.3572216033935547,"[1.2586003541946411, 2.5060675144195557, 2.4019927978515625, 1.0030806064605713, 3.3572216033935547]","[0.6625687548757316, 0.395354328588518, 0.3986480186480187, 0.8162051282051281, 0.5050000000000001]",0.596210699994117
4,standard,standard,0.0,1.9042723178863525,0.8082932061846341,0.6870594338625057,2.0737292766571045,0.5986107734178788,0.6976821101200392,3.08307147026062,3.08307147026062,"[0.6648209095001221, 1.7429533004760742, 1.5068219900131226, 0.9792436361312866, 3.08307147026062]","[0.8722186116801078, 0.5549084343518841, 0.5397435897435897, 0.7622564102564102, 0.5656666666666667]",0.5926379000011366
5,standard,standard,0.0,1.5045565366744995,0.8065874251825477,0.5752057675962094,2.0813934803009033,0.5739155389744411,0.6136065587904307,3.040943145751953,3.040943145751953,"[0.8737263679504395, 1.7851238250732422, 1.67916738986969, 0.9341806173324585, 3.040943145751953]","[0.8255205322356536, 0.5240504599107522, 0.6049184149184149, 0.7515897435897436, 0.533]",0.6072769999882439
6,standard,standard,0.0,1.1176490783691406,0.8226461769879327,0.4325815365638262,1.844476342201233,0.6206362022081565,0.7405156546830575,2.981261730194092,2.981261730194092,"[0.5721825361251831, 1.3740606307983398, 1.289025068283081, 0.688867449760437, 2.981261730194092]","[0.8737208749951518, 0.6196963349206828, 0.6112004662004662, 0.7649230769230769, 0.5496666666666667]",0.603298599991831
7,standard,standard,0.0,1.3238604068756104,0.8067543218321468,0.5024527404533983,2.0106263160705566,0.5863598241880131,0.447999227049082,2.6998395919799805,2.6998395919799805,"[0.8276726603507996, 1.8273518085479736, 1.4583518505096436, 0.9919731020927429, 2.6998395919799805]","[0.8240352987828713, 0.5436402219673584, 0.6000699300699301, 0.756923076923077, 0.5646666666666668]",0.6013937999960035
8,standard,standard,0.0,1.6335573196411133,0.8055285798402446,0.6450550252027473,2.505066394805908,0.5825523702563831,0.9139994700264993,3.6065075397491455,3.6065075397491455,"[0.8626196980476379, 2.1656386852264404, 2.1447596549987793, 1.1954938173294067, 3.6065075397491455]","[0.7832076523525903, 0.5401698942269376, 0.602004662004662, 0.7462564102564102, 0.5566666666666666]",0.5837502999929711
9,standard,standard,0.0,1.1891522407531738,0.8131489369485216,0.3955445623201598,2.2863688468933105,0.6164434439301574,0.8609508278918611,3.4053852558135986,3.4053852558135986,"[0.5844578742980957, 1.773817777633667, 2.2504546642303467, 1.4886857271194458, 3.4053852558135986]","[0.866422018503328, 0.5780054824587356, 0.5702564102564102, 0.7412307692307692, 0.5903333333333334]",0.5869383000099333
0,isotropic,isotropic,0.0,1.7042032480239868,0.7836470320514045,0.5703297681769226,2.0225579738616943,0.5859637629311999,0.6134249131897798,2.8086471557617188,2.8086471557617188,"[0.72438645362854, 1.8689525127410889, 1.3114782571792603, 0.7372349500656128, 2.8086471557617188]","[0.8579190107755948, 0.5254405773133669, 0.6137296037296037, 0.7595897435897436, 0.5586666666666666]",1.2302854000008665
1,isotropic,isotropic,0.0,2.0562283992767334,0.7953213394447095,0.8433445353566864,2.2161524295806885,0.5153128360864546,0.3446668855266717,2.5826306343078613,2.5826306343078613,"[1.368844747543335, 2.398021936416626, 2.0411171913146973, 1.0586926937103271, 2.5826306343078613]","[0.6942838810010132, 0.4506223395078762, 0.42099067599067597, 0.662974358974359, 0.5563333333333333]",1.2426930999936303
2,isotropic,isotropic,0.0,1.6869627237319946,0.8041009748009961,0.6454488181282954,1.944514513015747,0.6142630824921371,0.4800291841942107,2.536898374557495,2.536898374557495,"[0.8840228915214539, 1.9777005910873413, 1.2833821773529053, 0.6788350343704224, 2.536898374557495]","[0.8364253302185924, 0.57797476477101, 0.7434498834498835, 0.8265641025641026, 0.5626666666666666]",1.393935900006909
3,isotropic,isotropic,0.0,1.8659778833389282,0.7507677288603417,0.5549965611210576,2.527561902999878,0.46910446811138706,0.7495473513609909,3.3572216033935547,3.3572216033935547,"[1.2586003541946411, 2.5060675144195557, 2.4019927978515625, 1.0030806064605713, 3.3572216033935547]","[0.6625687548757316, 0.395354328588518, 0.3986480186480187, 0.8162051282051281, 0.5050000000000001]",1.2950654000014765
4,isotropic,isotropic,0.0,1.9042723178863525,0.8082932061846341,0.6870594338625057,2.0737292766571045,0.5986107734178788,0.6976821101200392,3.08307147026062,3.08307147026062,"[0.6648209095001221, 1.7429533004760742, 1.5068219900131226, 0.9792436361312866, 3.08307147026062]","[0.8722186116801078, 0.5549084343518841, 0.5397435897435897, 0.7622564102564102, 0.5656666666666667]",1.253044899989618
5,isotropic,isotropic,0.0,1.5045565366744995,0.8065874251825477,0.5752057675962094,2.0813934803009033,0.5739155389744411,0.6136065587904307,3.040943145751953,3.040943145751953,"[0.8737263679504395, 1.7851238250732422, 1.67916738986969, 0.9341806173324585, 3.040943145751953]","[0.8255205322356536, 0.5240504599107522, 0.6049184149184149, 0.7515897435897436, 0.533]",1.3282987999991747
6,isotropic,isotropic,0.0,1.1176490783691406,0.8226461769879327,0.4325815365638262,1.844476342201233,0.6206362022081565,0.7405156546830575,2.981261730194092,2.981261730194092,"[0.5721825361251831, 1.3740606307983398, 1.289025068283081, 0.688867449760437, 2.981261730194092]","[0.8737208749951518, 0.6196963349206828, 0.6112004662004662, 0.7649230769230769, 0.5496666666666667]",1.452085700002499
7,isotropic,isotropic,0.0,1.3238604068756104,0.8067543218321468,0.5024527404533983,2.0106263160705566,0.5863598241880131,0.447999227049082,2.6998395919799805,2.6998395919799805,"[0.8276726603507996, 1.8273518085479736, 1.4583518505096436, 0.9919731020927429, 2.6998395919799805]","[0.8240352987828713, 0.5436402219673584, 0.6000699300699301, 0.756923076923077, 0.5646666666666668]",1.6840687999938382
8,isotropic,isotropic,0.0,1.6335573196411133,0.8055285798402446,0.6450550252027473,2.505066394805908,0.5825523702563831,0.9139994700264993,3.6065075397491455,3.6065075397491455,"[0.8626196980476379, 2.1656386852264404, 2.1447596549987793, 1.1954938173294067, 3.6065075397491455]","[0.7832076523525903, 0.5401698942269376, 0.602004662004662, 0.7462564102564102, 0.5566666666666666]",2.088539899996249
9,isotropic,isotropic,0.0,1.1891522407531738,0.8131489369485216,0.3955445623201598,2.2863688468933105,0.6164434439301574,0.8609508278918611,3.4053852558135986,3.4053852558135986,"[0.5844578742980957, 1.773817777633667, 2.2504546642303467, 1.4886857271194458, 3.4053852558135986]","[0.866422018503328, 0.5780054824587356, 0.5702564102564102, 0.7412307692307692, 0.5903333333333334]",1.614922699998715
0,isotropic,isotropic,0.001,1.4722492694854736,0.7695891529750138,0.38758244926546825,1.5131226778030396,0.5934996953823377,0.2658908810470473,1.9723316431045532,1.9723316431045532,"[0.7304314374923706, 1.51300048828125, 1.0936942100524902, 0.5624459981918335, 1.9723316431045532]","[0.8551850658431807, 0.5405713862776396, 0.48047785547785543, 0.8875897435897435, 0.5586666666666666]",1.9703343000001041
1,isotropic,isotropic,0.001,1.714677095413208,0.7852671611215787,0.52113730819137,1.854487419128418,0.5004090657002453,0.20292006422293923,2.0459859371185303,2.088355779647827,"[1.160957932472229, 2.088355779647827, 1.6999105215072632, 0.9880182147026062, 2.0459859371185303]","[0.6957040467528568, 0.4396724568422738, 0.4153962703962704, 0.6393846153846153, 0.5373333333333333]",1.5372793999995338
2,isotropic,isotropic,0.001,1.3244779109954834,0.8003398498526755,0.4322105219334732,1.537737488746643,0.6225749428652303,0.287161667110349,1.9499847888946533,1.9499847888946533,"[0.7520545721054077, 1.6102336645126343, 0.8845437169075012, 0.5540216565132141, 1.9499847888946533]","[0.838947450134864, 0.5855847160314462, 0.7557692307692309, 0.8712820512820514, 0.57]",1.3809056999889435
3,isotropic,isotropic,0.001,1.3735265731811523,0.7641051520794038,0.3425608701666687,2.0321731567382812,0.5097105740626359,0.5243018384825234,2.817809581756592,2.817809581756592,"[1.0157438516616821, 1.9436671733856201, 1.6526176929473877, 0.7727016806602478, 2.817809581756592]","[0.7183672374477242, 0.4585953895141059, 0.5014918414918415, 0.8242051282051281, 0.49933333333333324]",2.021054099997855
4,isotropic,isotropic,0.001,1.3727924823760986,0.8078557830975143,0.4131285977461701,1.643148422241211,0.6027862123844523,0.41671234094859955,2.4251389503479004,2.4251389503479004,"[0.5725381970405579, 1.3755311965942383, 1.2322614192962646, 0.7696719765663147, 2.4251389503479004]","[0.8801784603954234, 0.5498009229394316, 0.573018648018648, 0.8131282051282052, 0.568]",1.4219295000075363
5,isotropic,isotropic,0.001,1.3163858652114868,0.7780251441418897,0.3872188678003633,1.954941749572754,0.5300067853556512,0.4524075162565987,2.702700614929199,2.702700614929199,"[0.921875, 1.8043416738510132, 1.5165951251983643, 0.8617928624153137, 2.702700614929199]","[0.7294256863731339, 0.47908473156149467, 0.5248601398601399, 0.7515897435897436, 0.53]",1.542596900006174
6,isotropic,isotropic,0.001,1.02786386013031,0.7867071339028533,0.319320976979448,1.490429162979126,0.6195100306920229,0.44312419476052245,2.346436023712158,2.346436023712158,"[0.6200337409973145, 1.2172315120697021, 0.8205190896987915, 0.5170009732246399, 2.346436023712158]","[0.8796121391718612, 0.5960775377107086, 0.7341491841491841, 0.8901538461538461, 0.538]",1.4980383000074653
7,isotropic,isotropic,0.001,1.3562122583389282,0.7700449403061767,0.3857998161158935,1.7915147542953491,0.53650236142998,0.25903235174806183,2.2064504623413086,2.2064504623413086,"[0.9231645464897156, 1.7830559015274048, 1.2380609512329102, 0.9049333333969116, 2.2064504623413086]","[0.7217608032533506, 0.49814622505276923, 0.4666783216783217, 0.7622564102564102, 0.5596666666666666]",1.390578699996695
8,isotropic,isotropic,0.001,1.340010166168213,0.8202774610175112,0.44796012752831227,1.8911001682281494,0.5854563645300723,0.4872847601433136,2.6647789478302,2.6647789478302,"[0.7314997911453247, 1.6406720876693726, 1.4172676801681519, 0.8119417428970337, 2.6647789478302]","[0.7877105016714683, 0.5469166597025167, 0.5914102564102564, 0.7515897435897436, 0.562]",1.3902944000001298
9,isotropic,isotropic,0.001,1.2883177995681763,0.7883562396338367,0.33285846631713367,2.0164308547973633,0.5883014156399176,0.5129909357147289,2.8313217163085938,2.8313217163085938,"[0.6670856475830078, 1.7108142375946045, 1.738337755203247, 1.210094690322876, 2.8313217163085938]","[0.8306146111156014, 0.5385764226660891, 0.5687179487179488, 0.7412307692307692, 0.5753333333333334]",1.4405523000023095
0,isotropic,isotropic,0.003,1.3360360860824585,0.7677048141191214,0.2846640951839494,1.3910839557647705,0.568826416430094,0.1387885787054722,1.616830825805664,1.616830825805664,"[0.7958081960678101, 1.4947160482406616, 1.2806732654571533, 0.6835132837295532, 1.616830825805664]","[0.8262628516407139, 0.48761211300125307, 0.5171561771561771, 0.8079983186212694, 0.5643333333333335]",1.5046610999997938
1,isotropic,isotropic,0.003,1.4209505319595337,0.7769887513337097,0.3151109326523518,1.5685113668441772,0.5085755046718842,0.1178544581058952,1.6758102178573608,1.779510259628296,"[1.0022474527359009, 1.779510259628296, 1.4746551513671875, 0.9433966875076294, 1.6758102178573608]","[0.7062873086114227, 0.4586568607262976, 0.42099067599067597, 0.6657435897435897, 0.5296666666666667]",1.5263689999992494
2,isotropic,isotropic,0.003,1.032774567604065,0.797348915185592,0.2927130004506052,1.3491730690002441,0.6113517592189489,0.16180176979533142,1.6199918985366821,1.6199918985366821,"[0.7029765844345093, 1.4375749826431274, 0.8604779243469238, 0.6286214590072632, 1.6199918985366821]","[0.8365781470566965, 0.568116477447844, 0.7149883449883451, 0.8580512820512821, 0.5663333333333334]",1.7493407000001753
3,isotropic,isotropic,0.003,1.1607340574264526,0.7490422586672605,0.2256645901212967,1.888047218322754,0.47079033997853703,0.3370625210810724,2.433053493499756,2.433053493499756,"[0.99029141664505, 1.8895305395126343, 1.5919098854064941, 0.8606050610542297, 2.433053493499756]","[0.717262126299399, 0.38842333782483174, 0.43751748251748246, 0.8162051282051281, 0.4716666666666667]",1.8571249000087846
4,isotropic,isotropic,0.003,1.2044885158538818,0.8027057381225061,0.2755843268500434,1.421208143234253,0.5877921368163943,0.2096956651512926,1.8745834827423096,1.8745834827423096,"[0.6178649663925171, 1.3504894971847534, 1.208784818649292, 0.7065460681915283, 1.8745834827423096]","[0.8484235884101704, 0.520063136577807, 0.49059440559440554, 0.8772307692307691, 0.5603333333333333]",1.9537044000026071
5,isotropic,isotropic,0.003,1.2697346210479736,0.7702998678639081,0.2745466664004228,1.7813103199005127,0.5039352106954234,0.31626158016140155,2.368374824523926,2.368374824523926,"[0.9930092096328735, 1.68296217918396, 1.3553369045257568, 0.7664585113525391, 2.368374824523926]","[0.7119901088659552, 0.4750100828641014, 0.41120046620046624, 0.7622564102564102, 0.4993333333333333]",1.6618521999916993
6,isotropic,isotropic,0.003,0.8561968803405762,0.7791789260100541,0.2425712440239549,1.3604624271392822,0.6265642856132457,0.2987244136547781,2.0365371704101562,2.0365371704101562,"[0.647555947303772, 1.1655842065811157, 0.775013267993927, 0.5291575193405151, 2.0365371704101562]","[0.8504536591215215, 0.6172287435912747, 0.7743006993006993, 0.9008205128205129, 0.5379999999999999]",1.3459434999967925
7,isotropic,isotropic,0.003,1.3897058963775635,0.7653468600269446,0.31880297091762716,1.8813492059707642,0.5071159486886899,0.2140537150377418,2.113654136657715,2.113654136657715,"[1.1158459186553955, 1.9645824432373047, 1.2718369960784912, 0.9717921018600464, 2.113654136657715]","[0.6930992989706266, 0.449487494499561, 0.4176340326340326, 0.7622564102564102, 0.5469999999999999]",1.2801300999999512
8,isotropic,isotropic,0.003,1.2777159214019775,0.7930683994117701,0.2870889122103467,1.6707451343536377,0.531694645895813,0.27100795156694774,2.1277928352355957,2.1277928352355957,"[0.7801095843315125, 1.593919038772583, 1.301424503326416, 0.7400911450386047, 2.1277928352355957]","[0.694664398456558, 0.4920956542090124, 0.5482983682983683, 0.743897435897436, 0.563]",1.336199099998339
9,isotropic,isotropic,0.003,1.1105005741119385,0.7753621285709037,0.2678893014727306,1.8345935344696045,0.5820880386432055,0.380962631170828,2.479261875152588,2.479261875152588,"[0.6349376440048218, 1.6258147954940796, 1.3845802545547485, 1.0671223402023315, 2.479261875152588]","[0.8292414073219782, 0.5319407974930119, 0.587972027972028, 0.7437948717948718, 0.5643333333333332]",1.2819129999988945
0,isotropic,isotropic,0.01,1.0956175327301025,0.7668675956820772,0.1889122778496134,1.2489570379257202,0.532798746121703,0.06450504409161453,1.2021595239639282,1.563743233680725,"[0.8669338226318359, 1.4349199533462524, 1.563743233680725, 1.037771224975586, 1.2021595239639282]","[0.6950753749163878, 0.4890946487447307, 0.5350815850815851, 0.717025641025641, 0.5573333333333333]",1.2722859999921639
1,isotropic,isotropic,0.01,1.1994109153747559,0.7710068819995428,0.16611556457393944,1.541758418083191,0.4854401007574342,0.08740038517819129,1.6529533863067627,1.6902306079864502,"[0.9694579839706421, 1.6902306079864502, 1.5248308181762695, 1.1024160385131836, 1.6529533863067627]","[0.6907600151635871, 0.4293481049659289, 0.3852564102564103, 0.5517948717948717, 0.5343333333333333]",1.254281000001356
2,isotropic,isotropic,0.01,0.9588257670402527,0.7784807324860934,0.16380038673495068,1.2738354206085205,0.5461680260834747,0.08648255382075774,1.3554158210754395,1.4249624013900757,"[0.7589154243469238, 1.4249624013900757, 1.0233350992202759, 0.7134997248649597, 1.3554158210754395]","[0.7200373944307487, 0.5133620947664662, 0.5298251748251748, 0.8619722572509458, 0.5376666666666667]",1.2437672999949427
3,isotropic,isotropic,0.01,0.9533292651176453,0.7589567593195132,0.12501031969800408,1.559120774269104,0.4827925854327648,0.168052087360075,1.8489679098129272,1.8489679098129272,"[0.899308979511261, 1.6264889240264893, 1.3497216701507568, 0.7810777425765991, 1.8489679098129272]","[0.7188669336978031, 0.402577313619651, 0.45136363636363636, 0.8642051282051282, 0.4733333333333333]",1.2939463999937288
4,isotropic,isotropic,0.01,1.0516849756240845,0.7949896093752951,0.18785607961960782,1.364383339881897,0.5339546518888914,0.10471492193630069,1.4789440631866455,1.485817551612854,"[0.7775949239730835, 1.485817551612854, 1.4189420938491821, 0.8288790583610535, 1.4789440631866455]","[0.7044341700130777, 0.4905412681968556, 0.5198251748251749, 0.6832786885245901, 0.5533333333333333]",1.306998800006113
5,isotropic,isotropic,0.01,1.167867660522461,0.7640086590706687,0.1700587468873326,1.541508674621582,0.48980843031380006,0.1129282718846946,1.66304612159729,1.66304612159729,"[1.078555703163147, 1.6458237171173096, 1.4577229022979736, 0.8061298131942749, 1.66304612159729]","[0.6843024299176078, 0.4432600353294722, 0.3697086247086247, 0.8192198402690206, 0.4946666666666667]",1.2610603000066476
6,isotropic,isotropic,0.01,0.6953607797622681,0.7743706151281708,0.15400599648432475,1.2820584774017334,0.619408007587801,0.15778429319997483,1.7749385833740234,1.7749385833740234,"[0.7006969451904297, 1.1530075073242188, 0.9978761672973633, 0.6908977031707764, 1.7749385833740234]","[0.8360118258331344, 0.596670876393167, 0.5998951048951049, 0.8681361916771753, 0.5313333333333333]",1.582491499997559
7,isotropic,isotropic,0.01,0.872313380241394,0.7642117069044969,0.1896345546706714,1.6135454177856445,0.48836897784793704,0.0877678841787167,1.7384227514266968,1.7384227514266968,"[1.1357052326202393, 1.6676769256591797, 1.3842339515686035, 0.9702202081680298, 1.7384227514266968]","[0.6823412305302712, 0.4596801528030932, 0.40055944055944054, 0.5812307692307692, 0.5003333333333334]",1.9217119999957504
8,isotropic,isotropic,0.01,1.0418479442596436,0.7734263880951977,0.16501406681390457,1.4871841669082642,0.49434640933215057,0.11590175914132375,1.6437044143676758,1.6437044143676758,"[0.8839398622512817, 1.5507866144180298, 1.3442615270614624, 0.8127470016479492, 1.6437044143676758]","[0.6779588744223353, 0.4305636584725335, 0.3858974358974359, 0.7946666666666666, 0.5373333333333333]",1.4554468999995152
9,isotropic,isotropic,0.01,0.8964031934738159,0.7811516147708454,0.17899361755622267,1.4804565906524658,0.5163303835517471,0.14273355310857086,1.7763471603393555,1.7763471603393555,"[0.7665303349494934, 1.4381130933761597, 1.2866630554199219, 0.8372489213943481, 1.7763471603393555]","[0.7166935109115132, 0.4629049338972794, 0.39230769230769236, 0.7493333333333333, 0.5473333333333333]",1.2988592000037897
0,isotropic,isotropic,0.03,0.9819149971008301,0.7659599605676537,0.1136918195481163,1.3040632009506226,0.5063432059812072,0.07282349851985487,1.1335129737854004,1.739914894104004,"[0.9827653765678406, 1.5111806392669678, 1.739914894104004, 1.2656620740890503, 1.1335129737854004]","[0.6804357786610424, 0.4613655140801122, 0.4533682983682984, 0.6638974358974359, 0.547]",1.3253979999863077
1,isotropic,isotropic,0.03,1.3069794178009033,0.7484677657409018,0.10651179400000553,1.489272117614746,0.48434805454530655,0.053199271910037836,1.4702810049057007,1.6879768371582031,"[1.063231348991394, 1.6879768371582031, 1.5244815349578857, 1.1753787994384766, 1.4702810049057007]","[0.6808156843558921, 0.4500256016385049, 0.3881818181818182, 0.6053333333333333, 0.502]",1.3145731999975396
2,isotropic,isotropic,0.03,0.809219479560852,0.7629920409742879,0.09402689325466078,1.2586349248886108,0.5258053162268892,0.04000981006953651,1.2348387241363525,1.4099781513214111,"[0.8701751828193665, 1.4099781513214111, 1.299096941947937, 0.9908326268196106, 1.2348387241363525]","[0.683878276275139, 0.5094978211536052, 0.5396153846153846, 0.6932307692307692, 0.511]",1.2938436999975238
3,isotropic,isotropic,0.03,1.0253193378448486,0.7482160323425581,0.07945861541685253,1.5322891473770142,0.45116356427170956,0.11050674016231936,1.638680100440979,1.6938709020614624,"[0.9679460525512695, 1.6938709020614624, 1.2880284786224365, 0.8847471475601196, 1.638680100440979]","[0.6955602291611094, 0.3289267639256489, 0.46090909090909093, 0.8722051282051282, 0.45499999999999996]",1.2958616000105394
4,isotropic,isotropic,0.03,1.0648680925369263,0.7879911219447473,0.12762113657507876,1.3259522914886475,0.5626852117953981,0.06741761016584547,1.2381212711334229,1.549842119216919,"[0.9405967593193054, 1.515496850013733, 1.549842119216919, 0.9651210904121399, 1.2381212711334229]","[0.6913970141574144, 0.538399077722243, 0.5268181818181819, 0.6958974358974359, 0.5693333333333334]",1.2806958000001032
5,isotropic,isotropic,0.03,0.9990695714950562,0.7621497884210597,0.10377631462159961,1.3137105703353882,0.5074233060903117,0.053576371646440746,1.2987030744552612,1.434692144393921,"[0.9873323440551758, 1.434692144393921, 1.4158124923706055, 0.8664458394050598, 1.2987030744552612]","[0.6677489071322025, 0.49340675821379454, 0.5015151515151516, 0.6931282051282052, 0.489]",1.3277963000000454
6,isotropic,isotropic,0.03,0.7561214566230774,0.777980493215073,0.09700774557796525,1.2842897176742554,0.5456001776011922,0.08685075421592445,1.5660299062728882,1.5660299062728882,"[0.7736493945121765, 1.2613633871078491, 1.1713823080062866, 0.815437912940979, 1.5660299062728882]","[0.681110771525369, 0.5320237766367178, 0.5456759906759907, 0.7370777637662884, 0.5253333333333333]",1.322692100002314
7,isotropic,isotropic,0.03,0.9648577570915222,0.758059570754355,0.1162670600561448,1.400462031364441,0.5405523578039971,0.0424772370358653,1.2683547735214233,1.5752614736557007,"[1.1204745769500732, 1.5752614736557007, 1.4955267906188965, 1.0447362661361694, 1.2683547735214233]","[0.6613640108570843, 0.5245230051218747, 0.532878787878788, 0.6985641025641026, 0.5429999999999999]",1.271633100011968
8,isotropic,isotropic,0.03,0.9215553402900696,0.7671842742302457,0.10689933898517624,1.432714819908142,0.4709699912807608,0.07073455167562544,1.480107307434082,1.5435497760772705,"[0.9176232218742371, 1.5435497760772705, 1.3801199197769165, 0.9545660018920898, 1.480107307434082]","[0.6615480013815722, 0.41807745929415274, 0.36318181818181816, 0.6440218579234973, 0.513]",1.3116184000100475
9,isotropic,isotropic,0.03,0.9868465662002563,0.7736107722683843,0.13229572625807773,1.3135770559310913,0.49949475051074377,0.08117082805004201,1.4489052295684814,1.4489052295684814,"[0.7911010980606079, 1.3493036031723022, 1.305385947227478, 0.7971383929252625, 1.4489052295684814]","[0.6893786443680499, 0.4357316825388626, 0.3727156177156177, 0.8180546448087431, 0.5416666666666666]",1.345055500001763
0,isotropic,isotropic,0.1,1.1589210033416748,0.7607771560272799,0.07092805752538359,1.3897172212600708,0.5531945317240424,0.056903728980475986,1.1641969680786133,1.7198413610458374,"[1.160588026046753, 1.6478462219238281, 1.7198413610458374, 1.3112642765045166, 1.1641969680786133]","[0.665630590933658, 0.5520859147674273, 0.5339393939393939, 0.712, 0.518]",1.3092223999992711
1,isotropic,isotropic,0.1,0.9757895469665527,0.7649506962477781,0.06448951228655905,1.331535816192627,0.5512806438823935,0.04969093015233398,1.0933866500854492,1.6403013467788696,"[1.121281385421753, 1.5421093702316284, 1.6403013467788696, 1.2425382137298584, 1.0933866500854492]","[0.6686044632337799, 0.5311264720942142, 0.5389393939393939, 0.7016410256410256, 0.5529999999999999]",1.34013500000583
2,isotropic,isotropic,0.1,0.7839674353599548,0.7612798796011513,0.05913485322960119,1.2969869375228882,0.4880935304795355,0.036502177023319295,1.2498910427093506,1.4315986633300781,"[0.8877755999565125, 1.4315986633300781, 1.3269093036651611, 1.0866292715072632, 1.2498910427093506]","[0.5803877809383726, 0.4757646691200925, 0.5296969696969697, 0.6455384615384616, 0.534]",1.3520055999979377
3,isotropic,isotropic,0.1,0.9935228228569031,0.7314941708636746,0.05606231179256989,1.4339298009872437,0.43693443751793126,0.04608746287133613,1.3195087909698486,1.6237930059432983,"[1.05093252658844, 1.6237930059432983, 1.421983003616333, 1.0802208185195923, 1.3195087909698486]","[0.5909852142225571, 0.3184072118637834, 0.3918181818181818, 0.8135821773854561, 0.517]",1.3078399999940302
4,isotropic,isotropic,0.1,0.7682454586029053,0.7881574743330945,0.06416117409129202,1.2491801977157593,0.5767583087354254,0.06072608099953527,1.1125528812408447,1.6621150970458984,"[0.9544528722763062, 1.3932974338531494, 1.6621150970458984, 1.164608120918274, 1.1125528812408447]","[0.688920766586888, 0.555394265232975, 0.548939393939394, 0.7015384615384616, 0.5766666666666667]",1.321076299995184
5,isotropic,isotropic,0.1,0.8111492991447449,0.7761841443023776,0.05590733775386104,1.1796977519989014,0.5733399593786611,0.04802696386127593,1.0756162405014038,1.5501638650894165,"[0.9436028599739075, 1.2995834350585938, 1.5501638650894165, 1.031562089920044, 1.0756162405014038]","[0.6581227528791465, 0.5646740393197853, 0.54, 0.7118974358974359, 0.5713333333333334]",1.3402410999988206
6,isotropic,isotropic,0.1,0.7185021042823792,0.7878031355756206,0.054485253836392376,1.181809902191162,0.5197485653813756,0.032605205114450656,1.180779218673706,1.2800484895706177,"[0.7906575202941895, 1.2800484895706177, 1.200943946838379, 0.9594516754150391, 1.180779218673706]","[0.6733995416109082, 0.4759269371290122, 0.5236363636363637, 0.6693333333333333, 0.5449999999999999]",1.3035543000005418
7,isotropic,isotropic,0.1,0.9364264607429504,0.7711135153758658,0.07151260003140925,1.3588199615478516,0.5480635479357222,0.04864727597841579,1.1961722373962402,1.575940728187561,"[1.0594466924667358, 1.575940728187561, 1.504455327987671, 1.057259202003479, 1.1961722373962402]","[0.6531570578660653, 0.5259003423349002, 0.5378787878787878, 0.6828717948717948, 0.5609999999999999]",1.4115190000011353
8,isotropic,isotropic,0.1,0.7759837508201599,0.768497316114634,0.06445876953533157,1.2772185802459717,0.49566223015708494,0.034804607602453644,1.2517213821411133,1.3835783004760742,"[0.9028979539871216, 1.354556679725647, 1.3835783004760742, 1.0373109579086304, 1.2517213821411133]","[0.5788557600320018, 0.46638100193981524, 0.49757575757575756, 0.6533198823034889, 0.5656666666666667]",1.3854515999992145
9,isotropic,isotropic,0.1,0.7931239008903503,0.7845386477023807,0.061827790589980135,1.3618754148483276,0.4459280032600576,0.04591627472912933,1.336816430091858,1.5509285926818848,"[0.9518089294433594, 1.4129447937011719, 1.5509285926818848, 1.1132614612579346, 1.336816430091858]","[0.6088186169448708, 0.4059370199692781, 0.3510606060606061, 0.41907356031946186, 0.536]",1.3579343000019435
0,isotropic,isotropic,0.3,0.9091108441352844,0.7619289139839347,0.04079224052743166,1.3048760890960693,0.5373094425280726,0.04049821418215401,1.0721927881240845,1.5831232070922852,"[1.1370289325714111, 1.512282371520996, 1.5831232070922852, 1.2821463346481323, 1.0721927881240845]","[0.58539577302678, 0.5507954839019062, 0.5349999999999999, 0.7042051282051282, 0.5413333333333333]",1.3604173000057926
1,isotropic,isotropic,0.3,0.7887502908706665,0.7800519766345614,0.03664884179707908,1.3656013011932373,0.5180960871003437,0.039953369343320444,1.1383659839630127,1.6088464260101318,"[1.1521437168121338, 1.5704421997070312, 1.6088464260101318, 1.324839472770691, 1.1383659839630127]","[0.6151207176466775, 0.5260445313817306, 0.548939393939394, 0.5729230769230769, 0.5153333333333333]",1.429354299994884
2,isotropic,isotropic,0.3,0.7606571912765503,0.7476411248825521,0.03566182076685713,1.3207871913909912,0.4885212068938878,0.035259609555779434,1.2191979885101318,1.4788541793823242,"[0.9737100601196289, 1.4724482297897339, 1.4788541793823242, 1.2317978143692017, 1.2191979885101318]","[0.5701567578360623, 0.4979843157091963, 0.5418181818181818, 0.6510769230769231, 0.49899999999999994]",1.3738560000056168
3,isotropic,isotropic,0.3,0.9200690388679504,0.7206999706973348,0.040278206636876236,1.3098700046539307,0.5056411059606941,0.03156049549864633,1.1794524192810059,1.5076591968536377,"[0.9934584498405457, 1.5076591968536377, 1.3053293228149414, 1.0981000661849976, 1.1794524192810059]","[0.6429666847431499, 0.43847794970379417, 0.47287878787878784, 0.8242488440521228, 0.5383333333333333]",1.3562239000020782
4,isotropic,isotropic,0.3,0.7735785245895386,0.7736291842424412,0.037198505774446965,1.254051923751831,0.5201620295615443,0.04111966335771286,1.1452763080596924,1.5905683040618896,"[0.9865449666976929, 1.3489770889282227, 1.5905683040618896, 1.237992525100708, 1.1452763080596924]","[0.5856683089911778, 0.5172726210972971, 0.548939393939394, 0.6803076923076923, 0.5463333333333333]",1.350338999996893
5,isotropic,isotropic,0.3,0.7679131031036377,0.7728191336077428,0.036636670430501304,1.2219699621200562,0.5620761524789705,0.0466833470493475,1.051372766494751,1.615861177444458,"[1.0491039752960205, 1.3886936902999878, 1.615861177444458, 1.2123017311096191, 1.051372766494751]","[0.6463883809983786, 0.5530918580601847, 0.5216666666666667, 0.7095384615384616, 0.5496666666666667]",1.357363000002806
6,isotropic,isotropic,0.3,0.7760636210441589,0.7683668797836605,0.036184063418902485,1.2545700073242188,0.5235425995963784,0.026743522505944382,1.1845289468765259,1.394774317741394,"[0.9220247268676758, 1.394774317741394, 1.3132916688919067, 1.1208192110061646, 1.1845289468765259]","[0.6533250746677455, 0.4983120321513265, 0.5378787878787878, 0.6615384615384615, 0.5283333333333334]",1.3531017000059364
7,isotropic,isotropic,0.3,0.960099995136261,0.7737588608423279,0.04631220852887189,1.3346641063690186,0.5104915118521371,0.0304483381633213,1.202491044998169,1.5067741870880127,"[1.013506531715393, 1.5067741870880127, 1.3253824710845947, 1.0924079418182373, 1.202491044998169]","[0.5886386060208808, 0.49309697838788563, 0.5318181818181819, 0.6615384615384615, 0.5589999999999999]",1.4279895999934524
8,isotropic,isotropic,0.3,0.853890061378479,0.7517666110441056,0.04645924411192843,1.308412790298462,0.5185289938413552,0.029936321060343968,1.161576509475708,1.5415688753128052,"[1.0803070068359375, 1.4334884881973267, 1.5415688753128052, 1.216538429260254, 1.161576509475708]","[0.5650973180399427, 0.5082710695297188, 0.5228787878787878, 0.5572307692307692, 0.581]",1.7081114999891724
9,isotropic,isotropic,0.3,0.801501452922821,0.7676996190281951,0.03595579259189559,1.3647823333740234,0.49293278868858315,0.02360963227522234,1.2218654155731201,1.4833717346191406,"[1.086230993270874, 1.4833717346191406, 1.4132251739501953, 1.1438268423080444, 1.2218654155731201]","[0.5938489876862251, 0.4730005120327701, 0.4622727272727273, 0.5386666666666666, 0.5546666666666666]",1.4802229000051739
0,isotropic,isotropic,1.0,0.7810114622116089,0.7641748798590914,0.019218073582943574,1.2636816501617432,0.5342000963011665,0.018650766481968048,1.1269372701644897,1.4207561016082764,"[1.0798351764678955, 1.3857192993164062, 1.4207561016082764, 1.208314299583435, 1.1269372701644897]","[0.5839260232643474, 0.538307267616789, 0.54, 0.6988717948717948, 0.5533333333333333]",1.4673758999997517
1,isotropic,isotropic,1.0,0.7984572649002075,0.7647156585188943,0.01981169328768067,1.2918236255645752,0.507568253603317,0.02088705047675262,1.138803243637085,1.4781105518341064,"[1.104899287223816, 1.400767207145691, 1.4781105518341064, 1.2837321758270264, 1.138803243637085]","[0.5693838721851279, 0.5145844490542864, 0.543939393939394, 0.5832820512820514, 0.5326666666666667]",1.4666061000025366
2,isotropic,isotropic,1.0,0.7713654637336731,0.7711844236148708,0.017866450327414053,1.2590049505233765,0.5202814282734713,0.021375499607120218,1.1131064891815186,1.4196093082427979,"[1.0473284721374512, 1.385230302810669, 1.4196093082427979, 1.2216708660125732, 1.1131064891815186]","[0.571800922252504, 0.5234707623100567, 0.54, 0.5653333333333334, 0.561]",2.057931000003009
3,isotropic,isotropic,1.0,0.9029677510261536,0.6193358464621151,0.02157048850393099,1.4375652074813843,0.3916055109526374,0.02102576751870288,1.2667492628097534,1.5869539976119995,"[1.2312462329864502, 1.5869539976119995, 1.5503815412521362, 1.3635432720184326, 1.2667492628097534]","[0.5152872708873675, 0.3403806445425196, 0.3739393939393939, 0.1278974358974359, 0.4833333333333334]",1.743002000002889
4,isotropic,isotropic,1.0,0.7764358520507812,0.7613936830249244,0.02388665901780619,1.2767328023910522,0.5053515910769318,0.027110597801655555,1.1556354761123657,1.5395309925079346,"[1.063103437423706, 1.3477040529251099, 1.5395309925079346, 1.3144299983978271, 1.1556354761123657]","[0.583850127172996, 0.51643543204892, 0.543939393939394, 0.5519999999999999, 0.5256666666666666]",1.4828527999925427
5,isotropic,isotropic,1.0,0.7722375988960266,0.7716910550727175,0.019932600941677644,1.2140114307403564,0.5356676166863812,0.023541885443986534,1.0771026611328125,1.4144967794418335,"[1.0221092700958252, 1.362345576286316, 1.4144967794418335, 1.211796522140503, 1.0771026611328125]","[0.6123949816584446, 0.5150273419311524, 0.5216666666666667, 0.5677575757575758, 0.5683333333333334]",1.3828641000000061
6,isotropic,isotropic,1.0,0.7494717836380005,0.7687158721932625,0.018444973990750412,1.2608152627944946,0.5065451267150813,0.014487819050250436,1.1533775329589844,1.3580119609832764,"[1.0372034311294556, 1.3580119609832764, 1.3419427871704102, 1.1931304931640625, 1.1533775329589844]","[0.5645401961798967, 0.5030892978963342, 0.5349999999999999, 0.6695384615384615, 0.541]",1.3889704000030179
7,isotropic,isotropic,1.0,0.7392611503601074,0.768775462702654,0.019845063303723747,1.2469313144683838,0.5034735733625769,0.015018260977387853,1.1458971500396729,1.3815901279449463,"[1.0349708795547485, 1.3160111904144287, 1.3815901279449463, 1.2129685878753662, 1.1458971500396729]","[0.5784015823185106, 0.49940266195163374, 0.5312121212121212, 0.5272413924872941, 0.5483333333333333]",1.349141700004111
8,isotropic,isotropic,1.0,0.8996793031692505,0.7617090344816054,0.023127102802810356,1.267853021621704,0.5039962595653031,0.024895531678716908,1.080542802810669,1.475515604019165,"[1.1119617223739624, 1.4145355224609375, 1.475515604019165, 1.2951843738555908, 1.080542802810669]","[0.5625599981600947, 0.5011742953361704, 0.5349999999999999, 0.5510303030303031, 0.538]",1.4124860000010813
9,isotropic,isotropic,1.0,0.5873055458068848,0.7996226211973398,0.01659808678882112,1.1561305522918701,0.5169639616498369,0.025011525570469078,1.1270256042480469,1.4059953689575195,"[0.9090539216995239, 1.1712653636932373, 1.4059953689575195, 1.1791574954986572, 1.1270256042480469]","[0.6052153019637705, 0.5030304295970411, 0.5168181818181818, 0.5438974358974359, 0.5636666666666666]",1.4296592000027886
0,isotropic,isotropic,3.0,0.7346243858337402,0.7899403995302228,0.0074338792773431224,1.2282956838607788,0.5536223484440154,0.015991058546720748,1.12758207321167,1.4472246170043945,"[1.1139854192733765, 1.2582060098648071, 1.4472246170043945, 1.3380324840545654, 1.12758207321167]","[0.6055805580558056, 0.5453353814644137, 0.5389393939393939, 0.568, 0.5976666666666667]",1.4146582999965176
1,isotropic,isotropic,3.0,0.7765344381332397,0.7745445202799823,0.007413099332110872,1.2441279888153076,0.5183801296241202,0.013807273251538844,1.172132134437561,1.3986018896102905,"[1.069045066833496, 1.2923446893692017, 1.3986018896102905, 1.32988440990448, 1.172132134437561]","[0.5855182706410393, 0.519981992711391, 0.34454545454545454, 0.35116939890710386, 0.5726666666666667]",1.6283221000048798
2,isotropic,isotropic,3.0,0.7973873019218445,0.771560924701995,0.009181233590522421,1.2959712743759155,0.5204138906760186,0.020957480145742693,1.1575077772140503,1.5391533374786377,"[1.1670825481414795, 1.3562037944793701, 1.5391533374786377, 1.3955587148666382, 1.1575077772140503]","[0.570810823242603, 0.5079868913423148, 0.3324242424242424, 0.3413333333333333, 0.597]",1.4366470999957528
3,isotropic,isotropic,3.0,0.8626006841659546,0.7091307355261464,0.013176731366679502,1.3016468286514282,0.46354681989213786,0.01607870209630505,1.200425624847412,1.484402060508728,"[1.1306616067886353, 1.3792301416397095, 1.484402060508728, 1.3423891067504883, 1.200425624847412]","[0.5604057827385527, 0.45083885199468476, 0.43560606060606055, 0.34901218999579653, 0.5203333333333333]",1.4090402000001632
4,isotropic,isotropic,3.0,0.7052289843559265,0.8199369268961518,0.007797537394511847,1.2148394584655762,0.5549702898651088,0.017336513689656385,1.133376121520996,1.4512544870376587,"[1.0950748920440674, 1.2195117473602295, 1.4512544870376587, 1.3376429080963135, 1.133376121520996]","[0.5932773416714493, 0.5539887352790578, 0.55, 0.5723636363636364, 0.6046666666666667]",1.4267782000097213
5,isotropic,isotropic,3.0,0.8056648373603821,0.7714395881717782,0.00860425339314182,1.233320951461792,0.5292414417259277,0.015683188706137798,1.1797664165496826,1.4661338329315186,"[1.091330647468567, 1.2526590824127197, 1.4661338329315186, 1.292359471321106, 1.1797664165496826]","[0.5766065247639747, 0.5303371836341333, 0.5349999999999999, 0.592, 0.5503333333333333]",1.4958440000045812
6,isotropic,isotropic,3.0,0.7567689418792725,0.7543563385148304,0.008740705349808368,1.2431366443634033,0.517715946867623,0.01052075702826869,1.202268362045288,1.343730092048645,"[1.0431873798370361, 1.274780035018921, 1.343730092048645, 1.2749507427215576, 1.202268362045288]","[0.5856516147147464, 0.5240627755455909, 0.6674242424242425, 0.5271794871794871, 0.558]",1.3743382000102429
7,isotropic,isotropic,3.0,0.75696861743927,0.7647971150386292,0.008676137821173963,1.2523421049118042,0.4982404237891596,0.015879061873746422,1.140792727470398,1.4402210712432861,"[1.096035361289978, 1.3103892803192139, 1.4402210712432861, 1.3173267841339111, 1.140792727470398]","[0.5731210542657054, 0.5008849504132615, 0.45060606060606057, 0.3435628415300546, 0.549]",1.355669399999897
8,isotropic,isotropic,3.0,0.8706051707267761,0.7298239196839662,0.008683986624572503,1.2933940887451172,0.49750682452221673,0.01690910577358181,1.174985647201538,1.4803969860076904,"[1.1368463039398193, 1.3951189517974854, 1.4803969860076904, 1.3273972272872925, 1.174985647201538]","[0.5585936015204307, 0.4839699942609016, 0.4883333333333333, 0.368, 0.5503333333333333]",1.386056000003009
9,isotropic,isotropic,3.0,0.7661739587783813,0.7659337252058275,0.00868606101338265,1.2575006484985352,0.49274418706943035,0.01706097632479441,1.1797149181365967,1.4383938312530518,"[1.0602627992630005, 1.292532205581665, 1.4383938312530518, 1.338087797164917, 1.1797149181365967]","[0.5694966918294617, 0.4703431888325653, 0.4904545454545454, 0.6613333333333333, 0.5606666666666668]",1.345624299996416
0,isotropic,isotropic,10.0,0.9277865290641785,0.7934454446832928,0.0031453781289818845,1.2948166131973267,0.5235048883109382,0.016917207172108418,1.252357840538025,1.5624254941940308,"[1.235500693321228, 1.276341199874878, 1.5624254941940308, 1.4578392505645752, 1.252357840538025]","[0.5880126813594492, 0.5391901683520434, 0.34954545454545455, 0.3546666666666667, 0.548]",1.3786800000088988
1,isotropic,isotropic,10.0,0.9449575543403625,0.8504788905934901,0.0025947346302216926,1.300135850906372,0.523530498355224,0.012845527510743296,1.2632935047149658,1.5172131061553955,"[1.239174723625183, 1.2779130935668945, 1.5172131061553955, 1.4561766386032104, 1.2632935047149658]","[0.5848218271304482, 0.5364610336874248, 0.3516666666666667, 0.37333333333333335, 0.5559999999999999]",1.4201621999964118
2,isotropic,isotropic,10.0,0.9646957516670227,0.7719935089921034,0.003286091388498314,1.3168222904205322,0.5253135526591235,0.01661379154282713,1.2263143062591553,1.5578973293304443,"[1.2593200206756592, 1.3329071998596191, 1.5578973293304443, 1.4862947463989258, 1.2263143062591553]","[0.5818515301007452, 0.536151253861516, 0.33999999999999997, 0.37333333333333335, 0.568]",1.38062219999847
3,isotropic,isotropic,10.0,1.0614206790924072,0.6948331796724451,0.004286449019310406,1.3586835861206055,0.46197581973200563,0.011567838596712362,1.2867227792739868,1.532134771347046,"[1.2515243291854858, 1.389190912246704, 1.532134771347046, 1.4784491062164307, 1.2867227792739868]","[0.5827418837275476, 0.46106920486415665, 0.3239393939393939, 0.2910601092896175, 0.5016666666666667]",1.3462615000025835
4,isotropic,isotropic,10.0,0.9189117550849915,0.8601086073582603,0.0025901202679661567,1.301565170288086,0.5101815495917394,0.01258080464824957,1.248109221458435,1.5036629438400269,"[1.2074778079986572, 1.3136193752288818, 1.5036629438400269, 1.4371417760849, 1.248109221458435]","[0.5829007011657117, 0.5111034646805519, 0.3516666666666667, 0.3579453551912568, 0.5666666666666667]",1.3753307000006316
5,isotropic,isotropic,10.0,0.9380313158035278,0.7887689654190883,0.003921227567970998,1.2868419885635376,0.5093120796026599,0.015593630967250647,1.2584764957427979,1.5222203731536865,"[1.206146240234375, 1.2823301553726196, 1.5222203731536865, 1.4711501598358154, 1.2584764957427979]","[0.5907965625350232, 0.5382914270863789, 0.35, 0.36533333333333334, 0.5086666666666667]",1.345782299991697
6,isotropic,isotropic,10.0,1.0326018333435059,0.7362401876045636,0.0027361885632997676,1.3302843570709229,0.4861686783761335,0.015568082644815604,1.2650742530822754,1.5655088424682617,"[1.2531402111053467, 1.3392231464385986, 1.5655088424682617, 1.4918323755264282, 1.2650742530822754]","[0.5717413188146344, 0.4984578996137324, 0.33954545454545454, 0.3655081967213115, 0.5206666666666666]",1.3250390000030166
7,isotropic,isotropic,10.0,0.9111852645874023,0.8609904197721848,0.0029861494101614617,1.290091872215271,0.5343046880501603,0.011724930119853528,1.2493369579315186,1.4874775409698486,"[1.1993556022644043, 1.2956745624542236, 1.4874775409698486, 1.425304651260376, 1.2493369579315186]","[0.5994013993470169, 0.5476834072462823, 0.5445454545454546, 0.528, 0.554]",1.3691554999968503
8,isotropic,isotropic,10.0,0.9963309168815613,0.834821009198096,0.0029682643374297846,1.3542497158050537,0.48056049134285395,0.008515382352552479,1.2879329919815063,1.5247215032577515,"[1.287467360496521, 1.3648767471313477, 1.5247215032577515, 1.4462617635726929, 1.2879329919815063]","[0.5755013062281839, 0.4841081657624879, 0.338939393939394, 0.32389071038251366, 0.5163333333333333]",1.344880499993451
9,isotropic,isotropic,10.0,0.9484702348709106,0.7784369728902879,0.002839557427928281,1.327946662902832,0.4869106644745157,0.009667347468638354,1.3055026531219482,1.4977190494537354,"[1.2167956829071045, 1.3215728998184204, 1.4977190494537354, 1.4278451204299927, 1.3055026531219482]","[0.5958826378170566, 0.4990322493526248, 0.2212121212121212, 0.45600000000000007, 0.5133333333333334]",1.3731234000006225
0,dtr,prospective,0.0,1.7042032480239868,0.7836470320514045,0.5703297681769226,2.0225579738616943,0.5859637629311999,0.6134249131897798,2.8086471557617188,2.8086471557617188,"[0.72438645362854, 1.8689525127410889, 1.3114782571792603, 0.7372349500656128, 2.8086471557617188]","[0.8579190107755948, 0.5254405773133669, 0.6137296037296037, 0.7595897435897436, 0.5586666666666666]",1.372654999999213
1,dtr,prospective,0.0,2.0562283992767334,0.7953213394447095,0.8433445353566864,2.2161524295806885,0.5153128360864546,0.3446668855266717,2.5826306343078613,2.5826306343078613,"[1.368844747543335, 2.398021936416626, 2.0411171913146973, 1.0586926937103271, 2.5826306343078613]","[0.6942838810010132, 0.4506223395078762, 0.42099067599067597, 0.662974358974359, 0.5563333333333333]",1.3545980000053532
2,dtr,prospective,0.0,1.6869627237319946,0.8041009748009961,0.6454488181282954,1.944514513015747,0.6142630824921371,0.4800291841942107,2.536898374557495,2.536898374557495,"[0.8840228915214539, 1.9777005910873413, 1.2833821773529053, 0.6788350343704224, 2.536898374557495]","[0.8364253302185924, 0.57797476477101, 0.7434498834498835, 0.8265641025641026, 0.5626666666666666]",1.3443194999999832
3,dtr,prospective,0.0,1.8659778833389282,0.7507677288603417,0.5549965611210576,2.527561902999878,0.46910446811138706,0.7495473513609909,3.3572216033935547,3.3572216033935547,"[1.2586003541946411, 2.5060675144195557, 2.4019927978515625, 1.0030806064605713, 3.3572216033935547]","[0.6625687548757316, 0.395354328588518, 0.3986480186480187, 0.8162051282051281, 0.5050000000000001]",1.380758799990872
4,dtr,prospective,0.0,1.9042723178863525,0.8082932061846341,0.6870594338625057,2.0737292766571045,0.5986107734178788,0.6976821101200392,3.08307147026062,3.08307147026062,"[0.6648209095001221, 1.7429533004760742, 1.5068219900131226, 0.9792436361312866, 3.08307147026062]","[0.8722186116801078, 0.5549084343518841, 0.5397435897435897, 0.7622564102564102, 0.5656666666666667]",1.3380643999989843
5,dtr,prospective,0.0,1.5045565366744995,0.8065874251825477,0.5752057675962094,2.0813934803009033,0.5739155389744411,0.6136065587904307,3.040943145751953,3.040943145751953,"[0.8737263679504395, 1.7851238250732422, 1.67916738986969, 0.9341806173324585, 3.040943145751953]","[0.8255205322356536, 0.5240504599107522, 0.6049184149184149, 0.7515897435897436, 0.533]",1.3480381000117632
6,dtr,prospective,0.0,1.1176490783691406,0.8226461769879327,0.4325815365638262,1.844476342201233,0.6206362022081565,0.7405156546830575,2.981261730194092,2.981261730194092,"[0.5721825361251831, 1.3740606307983398, 1.289025068283081, 0.688867449760437, 2.981261730194092]","[0.8737208749951518, 0.6196963349206828, 0.6112004662004662, 0.7649230769230769, 0.5496666666666667]",1.371986600002856
7,dtr,prospective,0.0,1.3238604068756104,0.8067543218321468,0.5024527404533983,2.0106263160705566,0.5863598241880131,0.447999227049082,2.6998395919799805,2.6998395919799805,"[0.8276726603507996, 1.8273518085479736, 1.4583518505096436, 0.9919731020927429, 2.6998395919799805]","[0.8240352987828713, 0.5436402219673584, 0.6000699300699301, 0.756923076923077, 0.5646666666666668]",1.4150883999973303
8,dtr,prospective,0.0,1.6335573196411133,0.8055285798402446,0.6450550252027473,2.505066394805908,0.5825523702563831,0.9139994700264993,3.6065075397491455,3.6065075397491455,"[0.8626196980476379, 2.1656386852264404, 2.1447596549987793, 1.1954938173294067, 3.6065075397491455]","[0.7832076523525903, 0.5401698942269376, 0.602004662004662, 0.7462564102564102, 0.5566666666666666]",1.373410200001672
9,dtr,prospective,0.0,1.1891522407531738,0.8131489369485216,0.3955445623201598,2.2863688468933105,0.6164434439301574,0.8609508278918611,3.4053852558135986,3.4053852558135986,"[0.5844578742980957, 1.773817777633667, 2.2504546642303467, 1.4886857271194458, 3.4053852558135986]","[0.866422018503328, 0.5780054824587356, 0.5702564102564102, 0.7412307692307692, 0.5903333333333334]",1.3729540999920573
0,dtr,prospective,0.001,1.6826099157333374,0.7888511583408699,0.49712542153189704,1.8546569347381592,0.5986474160653759,0.5397654554819121,2.5984835624694824,2.5984835624694824,"[0.6917937397956848, 1.7148174047470093, 1.1632353067398071, 0.6157385110855103, 2.5984835624694824]","[0.8761359856162839, 0.5395033082030665, 0.6056643356643356, 0.820923076923077, 0.5646666666666667]",1.39776669999992
1,dtr,prospective,0.001,1.9436079263687134,0.8045619407402095,0.7245973029744969,2.1425364017486572,0.5234895029670811,0.293780812242162,2.4041905403137207,2.4041905403137207,"[1.2736093997955322, 2.353302478790283, 2.1498513221740723, 1.1516510248184204, 2.4041905403137207]","[0.6941378385222009, 0.4639666405522064, 0.4195920745920746, 0.6152820512820513, 0.572]",1.3972912000026554
2,dtr,prospective,0.001,1.418816328048706,0.8068243258481983,0.5687967151280784,1.8595011234283447,0.6243434723087489,0.5066144745919743,2.539170026779175,2.539170026779175,"[0.8169237971305847, 1.820870041847229, 1.0994031429290771, 0.6058523058891296, 2.539170026779175]","[0.8440751613495653, 0.5929389895384057, 0.7680303030303031, 0.8394871794871795, 0.5646666666666667]",1.33211050000682
3,dtr,prospective,0.001,1.7389978170394897,0.770358608300602,0.48087978755495675,2.5207340717315674,0.4982519019535596,0.761481101305111,3.3914008140563965,3.3914008140563965,"[1.1914337873458862, 2.410879611968994, 2.4264743328094482, 1.0458673238754272, 3.3914008140563965]","[0.7025018623284799, 0.4381520551314605, 0.4464452214452215, 0.7895384615384615, 0.518]",1.4211247000057483
4,dtr,prospective,0.001,1.801836609840393,0.8118447432551583,0.5904901292588975,1.9636281728744507,0.6019315457698841,0.6519964179515034,2.9628114700317383,2.9628114700317383,"[0.6261471509933472, 1.6177133321762085, 1.437106728553772, 0.9173498153686523, 2.9628114700317383]","[0.8719476507318727, 0.562041610998456, 0.5727505827505828, 0.7622564102564102, 0.565]",1.457305499992799
5,dtr,prospective,0.001,1.682084321975708,0.806862148904566,0.4999604637240186,2.027711868286133,0.576703615845478,0.5191181966285063,2.8397812843322754,2.8397812843322754,"[0.8598319888114929, 1.8056116104125977, 1.7019141912460327, 0.9208120107650757, 2.8397812843322754]","[0.8470453442029399, 0.5242012568854123, 0.6049184149184149, 0.7515897435897436, 0.5379999999999999]",1.3924151999963215
6,dtr,prospective,0.001,1.1766694784164429,0.8173945358500772,0.3782756789721579,1.7689645290374756,0.6234320254312617,0.7031765274140218,2.8774471282958984,2.8774471282958984,"[0.5416668057441711, 1.311018943786621, 1.1945078372955322, 0.6352139711380005, 2.8774471282958984]","[0.8870658013299965, 0.620295839298208, 0.6167948717948718, 0.7729230769230769, 0.5526666666666668]",1.4049839999934193
7,dtr,prospective,0.001,1.2918790578842163,0.8159697016383362,0.43479678464033966,1.8799762725830078,0.5934643739731399,0.40009528444816966,2.544339179992676,2.544339179992676,"[0.7475066184997559, 1.6755918264389038, 1.3920320272445679, 0.9443048238754272, 2.544339179992676]","[0.8362259731032218, 0.5531656054593903, 0.6014685314685315, 0.7542564102564102, 0.567]",1.4605462000035914
8,dtr,prospective,0.001,1.6052467823028564,0.8218384121627681,0.58089610284248,2.439422607421875,0.5920487687508809,0.8604187268599981,3.494206190109253,3.494206190109253,"[0.8313784599304199, 2.086430549621582, 2.176483631134033, 1.1777620315551758, 3.494206190109253]","[0.7947035879383668, 0.5574003692440376, 0.6034032634032634, 0.7436923076923077, 0.5573333333333333]",1.392109199994593
9,dtr,prospective,0.001,1.3223158121109009,0.8105702038792476,0.35838657347753705,2.2798688411712646,0.6156606005200895,0.8391435619314928,3.3709113597869873,3.3709113597869873,"[0.5743024945259094, 1.781365990638733, 2.200610637664795, 1.485579013824463, 3.3709113597869873]","[0.8669639403997976, 0.5772387390266013, 0.5716550116550116, 0.7412307692307692, 0.5876666666666667]",1.3566501999885077
0,dtr,prospective,0.003,1.7090234756469727,0.7958510268643559,0.41271044099281845,1.73941969871521,0.6060973366113356,0.48266452785148034,2.4250996112823486,2.4250996112823486,"[0.6479339599609375, 1.631418228149414, 1.0674703121185303, 0.5484492182731628, 2.4250996112823486]","[0.8803413492829103, 0.5525048734927674, 0.6154545454545455, 0.834153846153846, 0.568]",1.3619547999987844
1,dtr,prospective,0.003,2.07796049118042,0.8040736473257326,0.6402434439325528,1.9136550426483154,0.5332350590599356,0.23082194354992341,2.1119489669799805,2.116307258605957,"[1.1392483711242676, 2.116307258605957, 1.8463751077651978, 0.9987556338310242, 2.1119489669799805]","[0.6990370113120785, 0.4811605772179295, 0.427983682983683, 0.6571282051282051, 0.5763333333333334]",1.4105619000038132
2,dtr,prospective,0.003,1.5725938081741333,0.8088858579478346,0.4695469891583478,1.700405478477478,0.6300733090203738,0.41838480071374934,2.3102097511291504,2.3102097511291504,"[0.727645218372345, 1.6669809818267822, 1.0333465337753296, 0.5610173940658569, 2.3102097511291504]","[0.8471045304343339, 0.6019148174890835, 0.7708275058275058, 0.8474871794871796, 0.5733333333333333]",1.3389303000003565
3,dtr,prospective,0.003,1.4045153856277466,0.7750676133051412,0.35775537059140305,2.329195499420166,0.5213360224737157,0.6696280887525426,3.2311127185821533,3.2311127185821533,"[1.0621116161346436, 2.113489866256714, 2.3593273162841797, 1.0974490642547607, 3.2311127185821533]","[0.7570992653163823, 0.4702178548927223, 0.5014452214452214, 0.7442051282051282, 0.5173333333333333]",1.311119799996959
4,dtr,prospective,0.003,1.5558582544326782,0.82197165791599,0.42002000533994827,1.784406065940857,0.613555706093386,0.5851748772757958,2.7822861671447754,2.7822861671447754,"[0.5144842863082886, 1.351824164390564, 1.4559762477874756, 0.9248784780502319, 2.7822861671447754]","[0.8858026159949361, 0.5752039100865413, 0.5731701631701631, 0.7597948717948718, 0.5836666666666666]",1.3193863999913447
5,dtr,prospective,0.003,1.7874424457550049,0.8044587167674507,0.415162804685993,1.8645191192626953,0.5886921441132874,0.40144321812035544,2.5235769748687744,2.5235769748687744,"[0.789853036403656, 1.6918249130249023, 1.6040359735488892, 0.8614481091499329, 2.5235769748687744]","[0.8585071608159363, 0.544280161438234, 0.6063170163170163, 0.7515897435897436, 0.5519999999999999]",1.3025138999946648
6,dtr,prospective,0.003,1.5940496921539307,0.8179803597428285,0.32057823369532457,1.749526023864746,0.6272886505440958,0.6336701416804749,2.737964630126953,2.737964630126953,"[0.570792555809021, 1.3831323385238647, 1.0698407888412476, 0.5832089185714722, 2.737964630126953]","[0.8783526732078457, 0.607680708848195, 0.7091025641025641, 0.8342564102564103, 0.5533333333333335]",1.2995361000066623
7,dtr,prospective,0.003,1.4223897457122803,0.8185592608755977,0.37377019968543035,1.82623291015625,0.5966366907584816,0.3760006406032588,2.45328688621521,2.45328688621521,"[0.7149396538734436, 1.6373012065887451, 1.3397467136383057, 0.908155620098114, 2.45328688621521]","[0.8335715831506079, 0.5544332971326243, 0.60986013986014, 0.756923076923077, 0.5753333333333333]",1.3511689999868395
8,dtr,prospective,0.003,1.5419790744781494,0.807881431935561,0.6958542498050894,2.5510661602020264,0.5271118593802242,1.3607758766628786,4.146952152252197,4.146952152252197,"[1.002996563911438, 2.0012476444244385, 2.0063977241516113, 0.9040179252624512, 4.146952152252197]","[0.6595454417735558, 0.5362162520429713, 0.45771561771561775, 0.7462564102564102, 0.5056666666666667]",1.4764417999977013
9,dtr,prospective,0.003,1.2371876239776611,0.8227833242768403,0.2878875810913588,1.8753169775009155,0.617679690164542,0.6504108983578236,2.878901720046997,2.878901720046997,"[0.4873376786708832, 1.44087815284729, 1.798663854598999, 1.014806866645813, 2.878901720046997]","[0.879138230417019, 0.5761356003209475, 0.561060606060606, 0.7466666666666667, 0.5956666666666667]",1.4240980000031414
0,dtr,prospective,0.01,1.627788782119751,0.8046503383751222,0.27671203299314395,1.5214605331420898,0.6236075274496304,0.39967467142382473,2.163146495819092,2.163146495819092,"[0.5585569739341736, 1.4070285558700562, 0.8940901756286621, 0.43774786591529846, 2.163146495819092]","[0.8722011422389816, 0.5812530289404714, 0.6670745920745922, 0.8660512820512821, 0.5833333333333334]",1.4659997999988263
1,dtr,prospective,0.01,1.828416109085083,0.806898196561864,0.4425200631098492,1.692328691482544,0.5414684407971381,0.19196309999963207,1.9660927057266235,1.9660927057266235,"[0.8908520936965942, 1.794093370437622, 1.6446129083633423, 0.9760410189628601, 1.9660927057266235]","[0.6997995473333022, 0.49302113568944217, 0.4413752913752914, 0.6280992013451029, 0.591]",1.4286261999950511
2,dtr,prospective,0.01,1.2033790349960327,0.8501844201515804,0.26834944344351813,1.3499120473861694,0.6706604443405005,0.4019104129387352,2.148960590362549,2.148960590362549,"[0.4775288701057434, 1.0525578260421753, 0.7618135213851929, 0.3982110023498535, 2.148960590362549]","[0.8836277547412003, 0.6700841665232422, 0.7914918414918415, 0.9021538461538462, 0.5846666666666667]",1.3605340999929467
3,dtr,prospective,0.01,1.1606824398040771,0.8125684130523061,0.3301222294936945,1.906306266784668,0.5839125491738024,0.7620530774933494,3.0632684230804443,3.0632684230804443,"[0.7044958472251892, 1.4276642799377441, 1.7452266216278076, 0.6807268261909485, 3.0632684230804443]","[0.8513602867492649, 0.5533299766571129, 0.5542657342657342, 0.8054358974358975, 0.5136666666666667]",1.3815372999961255
4,dtr,prospective,0.01,1.3130462169647217,0.8227293121448845,0.3816596451119631,1.7562987804412842,0.6516285164314584,0.6784251596682059,2.852356433868408,2.852356433868408,"[0.39927560091018677, 1.114070177078247, 1.583937644958496, 0.9920434951782227, 2.852356433868408]","[0.9037761522456496, 0.6627132851720438, 0.596946386946387, 0.7515897435897436, 0.5863333333333334]",1.4889854999928502
5,dtr,prospective,0.01,1.8539355993270874,0.8060392106717957,0.2918976599296915,1.6687736511230469,0.5987534031198336,0.35000339202490466,2.280925750732422,2.280925750732422,"[0.6791977286338806, 1.484548568725586, 1.3786184787750244, 0.6981205940246582, 2.280925750732422]","[0.8592201240983272, 0.5653738513171713, 0.6252447552447553, 0.7618461538461538, 0.5576666666666666]",1.5256846999982372
6,dtr,prospective,0.01,0.8840414881706238,0.8206547640213969,0.19564803245136278,1.2915452718734741,0.6674683273559766,0.4828867110976189,2.2781710624694824,2.2781710624694824,"[0.3460385203361511, 0.8377276659011841, 0.8604763150215149, 0.4352012574672699, 2.2781710624694824]","[0.9054176380096827, 0.6946830255343485, 0.7335431235431236, 0.8813333333333333, 0.5599999999999999]",1.577541000006022
7,dtr,prospective,0.01,1.2529219388961792,0.825212408919789,0.25232751084943855,1.5703246593475342,0.6173167351404641,0.341855468045795,2.2393054962158203,2.2393054962158203,"[0.5291740298271179, 1.2894538640975952, 1.1791434288024902, 0.7867321372032166, 2.2393054962158203]","[0.8587874242033834, 0.5956835249438145, 0.6140559440559441, 0.7595897435897436, 0.5833333333333333]",2.0881222000025446
8,dtr,prospective,0.01,1.2871748208999634,0.8524449950224279,0.28087440930276253,2.0506505966186523,0.6093411691299206,0.9115046098991769,3.3168017864227295,3.3168017864227295,"[0.5860843658447266, 1.4964892864227295, 1.7031400203704834, 0.8508860468864441, 3.3168017864227295]","[0.8299072116148363, 0.6044142080201853, 0.6117948717948718, 0.7515897435897436, 0.5333333333333334]",1.9592725999973482
9,dtr,prospective,0.01,1.3754993677139282,0.8267870250300998,0.21049085664160458,1.8043277263641357,0.6344875851641533,0.6051230450899665,2.7542412281036377,2.7542412281036377,"[0.4408673346042633, 1.3649505376815796, 1.7718995809555054, 1.0062384605407715, 2.7542412281036377]","[0.8979706584068998, 0.5945953284307577, 0.5688578088578089, 0.744, 0.6113333333333333]",1.539675799998804
0,dtr,prospective,0.03,1.1078064441680908,0.8265084015678628,0.15660446857719265,1.2652204036712646,0.6657920181158034,0.3846225767954492,2.0841801166534424,2.0841801166534424,"[0.38062572479248047, 0.9038200378417969, 0.793405294418335, 0.4093645513057709, 2.0841801166534424]","[0.9035311847729194, 0.6635247502936581, 0.7432051282051282, 0.8767179487179486, 0.5863333333333334]",1.5187792000069749
1,dtr,prospective,0.03,1.2760921716690063,0.8132077989739643,0.20286263752376102,1.3827064037322998,0.6225573125761652,0.20960841149216894,1.9228839874267578,1.9228839874267578,"[0.5880273580551147, 1.211900234222412, 1.3189058303833008, 0.8255487680435181, 1.9228839874267578]","[0.8824987432556126, 0.5887138082502049, 0.45783216783216785, 0.789849516603615, 0.587]",1.42519410001114
2,dtr,prospective,0.03,0.7421777844429016,0.8549151742539476,0.11158783838091564,1.1363650560379028,0.7153996335577816,0.4164516123333136,2.082524299621582,2.082524299621582,"[0.3522370755672455, 0.6413203477859497, 0.7044230103492737, 0.34634608030319214, 2.082524299621582]","[0.9388447161260547, 0.7621641556672007, 0.7997435897435897, 0.9179487179487179, 0.5706666666666667]",1.4808870999986539
3,dtr,prospective,0.03,0.6450393795967102,0.8300770071868862,0.12666123786580907,1.8622372150421143,0.6158781920297659,0.7527560964798325,3.0574371814727783,3.0574371814727783,"[0.5929812788963318, 1.231796383857727, 1.7668129205703735, 0.8895394206047058, 3.0574371814727783]","[0.8794272179560043, 0.6121731418817639, 0.5986713286713287, 0.7441025641025641, 0.542]",1.4436934999976074
4,dtr,prospective,0.03,0.7916703224182129,0.855812313787267,0.1462102485782325,1.577231764793396,0.6611023056970451,0.6025226278136382,2.657808780670166,2.657808780670166,"[0.36854371428489685, 0.9363327026367188, 1.3892892599105835, 0.8812316060066223, 2.657808780670166]","[0.9230616726399002, 0.6802333266395975, 0.5882284382284382, 0.7516923076923077, 0.591]",1.5344558999931905
5,dtr,prospective,0.03,1.4361741542816162,0.8283784602194812,0.15068768866268206,1.6268539428710938,0.6352783943489746,0.41200669672070606,2.380559206008911,2.380559206008911,"[0.5239773988723755, 1.2278047800064087, 1.519529938697815, 0.8131182789802551, 2.380559206008911]","[0.8864960705543998, 0.6376466259272887, 0.6413752913752914, 0.7515897435897436, 0.5766666666666667]",1.4403451000107452
6,dtr,prospective,0.03,0.9374361038208008,0.8297421440694496,0.10602760805514615,1.0042365789413452,0.7256502775010997,0.35240525221589525,1.9008411169052124,1.9008411169052124,"[0.2606879770755768, 0.5255672931671143, 0.7438088655471802, 0.36505985260009766, 1.9008411169052124]","[0.9383618662846503, 0.7874678565832582, 0.769020979020979, 0.9421538461538462, 0.5683333333333332]",1.376625899996725
7,dtr,prospective,0.03,1.0267927646636963,0.8347894451200608,0.1492755540604454,1.4631593227386475,0.6457998723791749,0.38414097623528376,2.242429494857788,2.242429494857788,"[0.40432772040367126, 1.0392022132873535, 1.1841487884521484, 0.748388409614563, 2.242429494857788]","[0.9085119686422631, 0.6509336359894422, 0.6274475524475525, 0.756923076923077, 0.5666666666666667]",1.6699385000101756
8,dtr,prospective,0.03,0.978531002998352,0.849949114253236,0.1464609275629491,1.6756776571273804,0.6539917956138878,0.8277455281556053,2.986963987350464,2.986963987350464,"[0.41732257604599, 1.061838150024414, 1.2944239377975464, 0.6219362020492554, 2.986963987350464]","[0.9222243904681033, 0.6874209728430994, 0.62997668997669, 0.7724102564102564, 0.5363333333333333]",1.7349939999985509
9,dtr,prospective,0.03,1.1214959621429443,0.8282337271245044,0.1055528048134635,1.632176160812378,0.6667539683427643,0.5816750161514141,2.6195693016052246,2.6195693016052246,"[0.3874325752258301, 1.0795395374298096, 1.7227213382720947, 0.9525197744369507, 2.6195693016052246]","[0.9289077209847528, 0.6677388388295988, 0.566060606060606, 0.7387692307692307, 0.6123333333333333]",1.5494390999956522
0,dtr,prospective,0.1,0.6111624836921692,0.8471659259796691,0.05918312563327114,1.1248728036880493,0.7084540829678059,0.39266313815806625,2.0234310626983643,2.0234310626983643,"[0.26750272512435913, 0.6251013875007629, 0.7810344696044922, 0.4073061943054199, 2.0234310626983643]","[0.9400711033562175, 0.7529226344701099, 0.7284265734265734, 0.8790769230769231, 0.5890000000000001]",1.500009700001101
1,dtr,prospective,0.1,0.5893991589546204,0.8605792472237098,0.06665942992693112,1.1429717540740967,0.6837877429590267,0.26185227009568507,1.8776109218597412,1.8776109218597412,"[0.38880103826522827, 0.7458583116531372, 1.1283127069473267, 0.7008835077285767, 1.8776109218597412]","[0.9393866380225246, 0.7340523297614985, 0.6339627039627039, 0.7958974358974359, 0.5740000000000001]",1.5854131000087364
2,dtr,prospective,0.1,0.37434718012809753,0.8770393744589166,0.027483841028723695,1.2412807941436768,0.7015129398177773,0.5097283664698541,2.3042032718658447,2.3042032718658447,"[0.3206523358821869, 0.6286428570747375, 0.9655845761299133, 0.4856802523136139, 2.3042032718658447]","[0.9334108398523412, 0.7840805744042865, 0.6984382284382284, 0.8327832167832167, 0.5533333333333333]",1.6059819999936735
3,dtr,prospective,0.1,0.3014363646507263,0.9274493772785505,0.06504503493446381,1.6218311786651611,0.6506730248606332,0.7682241766883984,2.8898491859436035,2.8898491859436035,"[0.459600031375885, 0.8885481953620911, 1.698630928993225, 0.7641879320144653, 2.8898491859436035]","[0.919609057151597, 0.7005792170046241, 0.59006993006993, 0.7787692307692308, 0.5149999999999999]",1.3762357999949018
4,dtr,prospective,0.1,0.36787149310112,0.9133380041731073,0.041164220605858066,1.5142806768417358,0.6851174879386919,0.5867513386912323,2.590763807296753,2.590763807296753,"[0.33918848633766174, 0.8618818521499634, 1.358626127243042, 0.8549550771713257, 2.590763807296753]","[0.9332580230142373, 0.7438578401492941, 0.605011655011655, 0.7595897435897436, 0.5886666666666667]",1.3965244999999413
5,dtr,prospective,0.1,0.6456370949745178,0.8650566979104699,0.05295728165426372,1.4707694053649902,0.6778863318673697,0.3973509506030433,2.229881763458252,2.229881763458252,"[0.41876745223999023, 0.9691064953804016, 1.6180919408798218, 0.89793860912323, 2.229881763458252]","[0.9271748855176082, 0.7278477075809331, 0.6427738927738927, 0.7567179487179487, 0.5816666666666668]",1.3843595999933314
6,dtr,prospective,0.1,0.2861469089984894,0.9366810731354773,0.03579326127291707,0.9909870028495789,0.7265671657337844,0.3573356014494863,1.9085566997528076,1.9085566997528076,"[0.23662523925304413, 0.4480873644351959, 0.8919414281845093, 0.4706321656703949, 1.9085566997528076]","[0.9524492672426449, 0.8259310797703743, 0.6287878787878787, 0.7165967365967366, 0.5673333333333334]",1.4811735000112094
7,dtr,prospective,0.1,0.3330305218696594,0.8997188307194552,0.039374327953950856,1.274471402168274,0.6933650845693679,0.4400497594884314,2.2024283409118652,2.2024283409118652,"[0.2913952171802521, 0.6813477873802185, 1.1178714036941528, 0.628387451171875, 2.2024283409118652]","[0.9313715697774738, 0.7586446798814592, 0.6319114219114219, 0.7673846153846153, 0.5743333333333334]",1.4362280999921495
8,dtr,prospective,0.1,0.5972138047218323,0.8784606726367805,0.050275690761613256,1.7110240459442139,0.6781043641369597,1.0321862285398444,3.22871732711792,3.22871732711792,"[0.3666139245033264, 0.9127576947212219, 1.4017109870910645, 0.6593551635742188, 3.22871732711792]","[0.9331989509591718, 0.7500682374914576, 0.63497668997669, 0.7647179487179487, 0.5346666666666666]",1.3998138000024483
9,dtr,prospective,0.1,0.9158913493156433,0.8327319295963056,0.06279701656765407,1.567452073097229,0.688843560231374,0.6010197768604245,2.6243674755096436,2.6243674755096436,"[0.309888631105423, 0.9235119819641113, 1.4332549571990967, 0.9462581872940063, 2.6243674755096436]","[0.9292248048494864, 0.7359845233739888, 0.6248018648018647, 0.7595897435897436, 0.5906666666666667]",1.3447225999989314
0,dtr,prospective,0.3,0.3193361163139343,0.9430083767455335,0.008210349352762042,1.1706984043121338,0.7151083413236715,0.438692885609649,2.126202344894409,2.126202344894409,"[0.2466655671596527, 0.6049991846084595, 0.9603468775749207, 0.48333460092544556, 2.126202344894409]","[0.9412276137476295, 0.7962690213986384, 0.6653496503496503, 0.8339487179487179, 0.5823333333333334]",1.3985342000087257
1,dtr,prospective,0.3,0.2551637589931488,0.961441901722166,0.01188119411959079,1.2094404697418213,0.6904371517023755,0.3654279072306631,2.0978713035583496,2.0978713035583496,"[0.36354535818099976, 0.7028157114982605, 1.1632859706878662, 0.680974543094635, 2.0978713035583496]","[0.9377256682223377, 0.7708558882709071, 0.6444988344988345, 0.7981538461538461, 0.5573333333333335]",1.3857023999880766
2,dtr,prospective,0.3,0.19327232241630554,0.9667549105639495,0.00445477259747776,1.5131185054779053,0.6844615887957453,0.7024110801006961,2.751166582107544,2.751166582107544,"[0.3434585630893707, 0.8390297889709473, 1.2158501148223877, 0.7040001749992371, 2.751166582107544]","[0.932986530683198, 0.768772861644414, 0.6006293706293706, 0.7897062937062937, 0.5386666666666666]",1.335739400004968
3,dtr,prospective,0.3,0.31087881326675415,0.9289505059617047,0.008812628655767244,1.6241676807403564,0.6601697830270934,0.6732287964808628,2.7474124431610107,2.7474124431610107,"[0.4393157362937927, 0.987322986125946, 1.7895599603652954, 0.8402267694473267, 2.7474124431610107]","[0.9216477958436602, 0.7098101145925473, 0.6103962703962704, 0.7467692307692307, 0.5413333333333333]",1.328011699995841
4,dtr,prospective,0.3,0.28299403190612793,0.9509747656610724,0.006544018110620632,1.4308875799179077,0.6958396794787068,0.5210910036657799,2.456153392791748,2.456153392791748,"[0.32777225971221924, 0.819571852684021, 1.279348373413086, 0.8375558853149414, 2.456153392791748]","[0.9298980895433642, 0.7734349200161499, 0.6162004662004662, 0.7621538461538462, 0.5856666666666668]",1.5219272999966051
5,dtr,prospective,0.3,0.4302527904510498,0.8912138039681384,0.0071439771249951645,1.5238374471664429,0.6901402945568202,0.45974433951185045,2.350310802459717,2.350310802459717,"[0.4021399915218353, 0.9874933362007141, 1.6545791625976562, 0.8802701830863953, 2.350310802459717]","[0.9276469305753274, 0.7564123905742657, 0.6322377622377623, 0.7722051282051282, 0.5836666666666667]",1.4411497999972198
6,dtr,prospective,0.3,0.22464816272258759,0.9678906276046696,0.00783895698103885,1.1533771753311157,0.7010950365190725,0.4211988116277448,2.114548683166504,2.114548683166504,"[0.2878245711326599, 0.5754165053367615, 1.1087303161621094, 0.5656154155731201, 2.114548683166504]","[0.9519556126175555, 0.7904113510394575, 0.4996969696969697, 0.7563170163170163, 0.5596666666666665]",1.5891179000027478
7,dtr,prospective,0.3,0.1694246530532837,0.9722850766067225,0.011150123405849002,1.202730417251587,0.7105999107388562,0.38986265782493856,2.060434341430664,2.060434341430664,"[0.2663899064064026, 0.6384796500205994, 1.1054065227508545, 0.5904027819633484, 2.060434341430664]","[0.9384101335560306, 0.7943335375276707, 0.6122377622377623, 0.7986666666666667, 0.5853333333333334]",1.4150047000002814
8,dtr,prospective,0.3,0.4221056401729584,0.8792063699126562,0.009888606306947307,1.8173984289169312,0.6738590511933971,1.0237315427972788,3.3085296154022217,3.3085296154022217,"[0.39765429496765137, 1.0008537769317627, 1.610982894897461, 0.875469982624054, 3.3085296154022217]","[0.9268096484035304, 0.7519782932943511, 0.6041142191142191, 0.6504988344988345, 0.5346666666666666]",1.435490400006529
9,dtr,prospective,0.3,0.5241014957427979,0.8785826899209324,0.011469064671316264,1.5427881479263306,0.6944391931202601,0.5809444022969794,2.562512159347534,2.562512159347534,"[0.3538370430469513, 0.869190514087677, 1.6892814636230469, 1.0199476480484009, 2.562512159347534]","[0.9214700482956596, 0.7605513507510951, 0.6055477855477855, 0.7464615384615385, 0.5980000000000001]",1.3873489999969024
0,dtr,prospective,1.0,0.3079501986503601,0.9415616746511288,0.0010249922090351828,1.2535829544067383,0.6938186121711839,0.4199782501674479,2.153022050857544,2.153022050857544,"[0.28064432740211487, 0.7112372517585754, 1.1416871547698975, 0.6106254458427429, 2.153022050857544]","[0.9355921219816274, 0.7735603680448239, 0.6263752913752914, 0.7940512820512821, 0.5643333333333335]",1.3833340999990469
1,dtr,prospective,1.0,0.19287905097007751,0.966776776574293,0.0027012792818340253,1.4059770107269287,0.6852480209263206,0.46830006144127767,2.3690147399902344,2.3690147399902344,"[0.40547218918800354, 0.857903778553009, 1.3679710626602173, 0.7396708726882935, 2.3690147399902344]","[0.923001006436422, 0.7653192006101079, 0.6103613053613054, 0.7907785547785549, 0.5463333333333333]",1.4777552000014111
2,dtr,prospective,1.0,0.20835228264331818,0.9688345240507591,0.0031840663265298914,1.5786206722259521,0.6886043837666921,0.747803485501335,2.8430492877960205,2.8430492877960205,"[0.3418360650539398, 0.880534827709198, 1.3190462589263916, 0.7628806233406067, 2.8430492877960205]","[0.9344838788615956, 0.7723519707073941, 0.5998251748251748, 0.7906759906759907, 0.5463333333333333]",1.3873701999982586
3,dtr,prospective,1.0,0.3143302798271179,0.9356527012041698,0.00438163923137963,1.7315094470977783,0.6639627807849428,0.7869405481331136,2.9552512168884277,2.9552512168884277,"[0.4590036869049072, 1.0037996768951416, 1.902051329612732, 0.9176158905029297, 2.9552512168884277]","[0.9118741604900537, 0.7158937305695476, 0.6118531468531468, 0.7356550116550116, 0.5469999999999999]",1.3654643000045326
4,dtr,prospective,1.0,0.27498507499694824,0.962261038772037,0.0007251462680690083,1.3788553476333618,0.6941491776455315,0.5323574389237911,2.457995653152466,2.457995653152466,"[0.3399357795715332, 0.7414418458938599, 1.179642677307129, 0.7759079933166504, 2.457995653152466]","[0.9327746417900287, 0.7730073726531186, 0.6187179487179487, 0.7914871794871795, 0.5713333333333332]",1.436672700001509
5,dtr,prospective,1.0,0.26063239574432373,0.969483723076072,0.000842203205995599,1.4097673892974854,0.6850188897884896,0.4320587535311267,2.254287004470825,2.254287004470825,"[0.39023733139038086, 0.9129586219787598, 1.499271273612976, 0.719232439994812, 2.254287004470825]","[0.9124740916759805, 0.7552884786439021, 0.6225641025641024, 0.7838508158508158, 0.5626666666666666]",1.4429645000054734
6,dtr,prospective,1.0,0.24109093844890594,0.9674764185782265,0.0022277761204743092,1.2376649379730225,0.695808336603568,0.48399237685236685,2.2499840259552,2.2499840259552,"[0.31032928824424744, 0.621123731136322, 1.1867344379425049, 0.5473793148994446, 2.2499840259552]","[0.9464490697453695, 0.7842362203628161, 0.5086829836829837, 0.7803822843822844, 0.5516666666666666]",1.4948963000060758
7,dtr,prospective,1.0,0.21032758057117462,0.9682054646685587,0.00242701611278479,1.2144405841827393,0.6993839093940287,0.42366820582580883,2.1252293586730957,2.1252293586730957,"[0.29274988174438477, 0.6452451348304749, 1.219239354133606, 0.5730886459350586, 2.1252293586730957]","[0.9413804305857336, 0.782387797532033, 0.5819696969696969, 0.8248857808857808, 0.5619999999999999]",1.379414099996211
8,dtr,prospective,1.0,0.2098681479692459,0.9725235536844836,0.0013686667192620015,1.6345398426055908,0.6820758683840346,0.8316939667808301,2.975464105606079,2.975464105606079,"[0.36225131154060364, 0.9037642478942871, 1.4908212423324585, 0.7722634077072144, 2.975464105606079]","[0.9240751082112849, 0.7604804909326885, 0.6202447552447552, 0.7563729603729603, 0.538]",1.4242211999953724
9,dtr,prospective,1.0,0.41134724020957947,0.907076166917304,0.00249358005975009,1.6721090078353882,0.6903221748520831,0.6011697983499873,2.6559581756591797,2.6559581756591797,"[0.38059619069099426, 1.0270798206329346, 1.8490575551986694, 1.1761882305145264, 2.6559581756591797]","[0.9101643920356824, 0.7580227336362215, 0.6268531468531469, 0.748923076923077, 0.5890000000000001]",1.4157753000035882
0,dtr,prospective,3.0,0.3654731214046478,0.9218680203841705,0.00024292731481324499,1.3258092403411865,0.6937318049569813,0.47281839693662703,2.28692364692688,2.28692364692688,"[0.29374995827674866, 0.7587944269180298, 1.1751022338867188, 0.6458316445350647, 2.28692364692688]","[0.9339419569651259, 0.7718706599035027, 0.6258391608391608, 0.790974358974359, 0.5666666666666667]",1.5884655000118073
1,dtr,prospective,3.0,0.21514277160167694,0.9680569946804256,0.0004983194662955563,1.2801176309585571,0.6876825731937167,0.48239806420889747,2.3311655521392822,2.3311655521392822,"[0.39931201934814453, 0.6981064677238464, 1.1908774375915527, 0.5986260175704956, 2.3311655521392822]","[0.9186515053384523, 0.765767229283943, 0.6620745920745921, 0.8692867132867133, 0.5406666666666667]",1.4203747999999905
2,dtr,prospective,3.0,0.2500562071800232,0.9552206969449785,0.0012213564765306167,1.5396192073822021,0.6761274096738314,0.7398087146384535,2.8173983097076416,2.8173983097076416,"[0.3657398223876953, 0.8392764925956726, 1.3250892162322998, 0.7081395387649536, 2.8173983097076416]","[0.9161049860950883, 0.7587293388589559, 0.620897435897436, 0.7898088578088578, 0.5266666666666666]",1.4129449000029126
3,dtr,prospective,3.0,0.22782757878303528,0.9658331973295029,0.0007225627639166122,1.4872790575027466,0.6725707207884527,0.6159978178944081,2.59102463722229,2.59102463722229,"[0.3655436635017395, 0.833761990070343, 1.6035223007202148, 0.8008240461349487, 2.59102463722229]","[0.9298043447603256, 0.7336525339434413, 0.6125058275058275, 0.7509370629370629, 0.549]",1.5366482000099495
4,dtr,prospective,3.0,0.24278230965137482,0.966590318887263,0.00019109714393017224,1.2692922353744507,0.6910776333424855,0.4542726729175925,2.2851619720458984,2.2851619720458984,"[0.3442136347293854, 0.6546727418899536, 1.1492105722427368, 0.7635685801506042, 2.2851619720458984]","[0.9334347077966292, 0.7731840239588023, 0.6197902097902098, 0.8582564102564103, 0.5506666666666666]",1.542213199994876
5,dtr,prospective,3.0,0.283981055021286,0.9684998792324657,4.020409271458294e-05,1.4734680652618408,0.6859352643271667,0.4455392983281202,2.3170766830444336,2.3170766830444336,"[0.4005052149295807, 0.968824028968811, 1.5852162837982178, 0.8249334096908569, 2.3170766830444336]","[0.9131341576825811, 0.7622726056280291, 0.6225641025641024, 0.7811841491841492, 0.5586666666666666]",1.4517462999938289
6,dtr,prospective,3.0,0.29520684480667114,0.9646553233783817,0.000125867226486834,1.3631170988082886,0.678873652774169,0.49920688556542026,2.3237924575805664,2.3237924575805664,"[0.3460659980773926, 0.7458334565162659, 1.4301714897155762, 0.6578398942947388, 2.3237924575805664]","[0.9388583106694618, 0.7583606752644858, 0.45465034965034967, 0.6968018648018648, 0.5563333333333333]",1.3706284999934724
7,dtr,prospective,3.0,0.27022072672843933,0.964603139345121,0.0003472966421778801,1.3172821998596191,0.6933023358399583,0.49094406684616543,2.2865142822265625,2.2865142822265625,"[0.32301732897758484, 0.6995570659637451, 1.2889155149459839, 0.5827560424804688, 2.2865142822265625]","[0.9376909954943645, 0.7675081407022738, 0.6121794871794871, 0.8017062937062936, 0.5616666666666666]",1.4191671000007773
8,dtr,prospective,3.0,0.23016603291034698,0.9709086907600575,0.00061534053105631,1.3734352588653564,0.6936943024356311,0.7304019930471011,2.672417163848877,2.672417163848877,"[0.35636642575263977, 0.6474596858024597, 1.2325323820114136, 0.46162310242652893, 2.672417163848877]","[0.9263853392343873, 0.7863919092634617, 0.6096386946386947, 0.8032634032634032, 0.5326666666666666]",1.3976918999978807
9,dtr,prospective,3.0,0.31697753071784973,0.966590318887263,0.001099930853878029,1.4704821109771729,0.683868545537985,0.5100479623416044,2.4290030002593994,2.4290030002593994,"[0.34170985221862793, 0.8727693557739258, 1.5391724109649658, 0.9122288823127747, 2.4290030002593994]","[0.9307944437702267, 0.7633478744452334, 0.6310489510489511, 0.7514871794871796, 0.5583333333333333]",1.4237920000014128
0,dtr,prospective,10.0,0.34927019476890564,0.9231121087585616,0.00011536866664089293,1.2762619256973267,0.6904873113336225,0.4597458605071737,2.2297730445861816,2.2297730445861816,"[0.2787664830684662, 0.7068356275558472, 1.2646229267120361, 0.6619620323181152, 2.2297730445861816]","[0.9342719899684262, 0.772582385453938, 0.6016433566433567, 0.7856410256410256, 0.5599999999999999]",1.3227355999988504
1,dtr,prospective,10.0,0.22976887226104736,0.9688851807037479,0.00015730058789682486,1.272080659866333,0.6842999117667359,0.42222006572977777,2.2582409381866455,2.2582409381866455,"[0.43392428755760193, 0.6907886266708374, 1.2541478872299194, 0.7280559539794922, 2.2582409381866455]","[0.9096566114843816, 0.7665275979475374, 0.6318648018648018, 0.827990675990676, 0.5353333333333333]",1.374286200007191
2,dtr,prospective,10.0,0.2346533238887787,0.9635031032349186,0.00013865538922602257,1.3747947216033936,0.6795213907897285,0.6624326915922518,2.625396966934204,2.625396966934204,"[0.3668447732925415, 0.6771440505981445, 1.2767393589019775, 0.6117011308670044, 2.625396966934204]","[0.9163412743153501, 0.762287966611132, 0.6065734265734265, 0.8201678321678323, 0.5266666666666666]",1.4621736999979476
3,dtr,prospective,10.0,0.2571903169155121,0.9540634444807985,4.8837633113618254e-05,1.349906325340271,0.664973760480409,0.5539058544840048,2.4350051879882812,2.4350051879882812,"[0.36684730648994446, 0.7377922534942627, 1.5093501806259155, 0.696216344833374, 2.4350051879882812]","[0.9340953051860341, 0.7274175882197038, 0.5855128205128205, 0.7714778554778554, 0.5293333333333333]",1.4440518000046723
4,dtr,prospective,10.0,0.25892651081085205,0.9660188903158344,3.887659538567925e-05,1.321397066116333,0.6831377879210885,0.45929997501150216,2.3260817527770996,2.3260817527770996,"[0.3532799780368805, 0.708972156047821, 1.2173779010772705, 0.8361272811889648, 2.3260817527770996]","[0.9334347077966292, 0.7644333839178397, 0.6155944055944056, 0.8422564102564103, 0.5399999999999999]",1.4166303999954835
5,dtr,prospective,10.0,0.28286710381507874,0.950046826261007,0.00016841882985437848,1.4789079427719116,0.6819513434507283,0.4550870684147393,2.3605284690856934,2.3605284690856934,"[0.4336623251438141, 0.9530903697013855, 1.55924391746521, 0.8076696395874023, 2.3605284690856934]","[0.9052475069485423, 0.7619065021974095, 0.6158974358974358, 0.774013986013986, 0.5483333333333333]",1.33389769999485
6,dtr,prospective,10.0,0.3237316608428955,0.9552225892565636,0.00035779248279185945,1.092404842376709,0.68953723199679,0.3881208543941389,1.9781564474105835,1.9781564474105835,"[0.34345048666000366, 0.49567776918411255, 1.4443410634994507, 0.6812041997909546, 1.9781564474105835]","[0.9396711935141665, 0.7781275611306798, 0.5007109557109557, 0.6793846153846154, 0.5476666666666666]",1.3592694000108168
7,dtr,prospective,10.0,0.3094177842140198,0.9290366925562494,7.812078819905289e-05,1.3201467990875244,0.6882379123182494,0.47241731983582635,2.263646364212036,2.263646364212036,"[0.32811474800109863, 0.7104423642158508, 1.354933500289917, 0.6495142579078674, 2.263646364212036]","[0.9317845427801276, 0.7647226824329446, 0.5907808857808858, 0.7717482517482518, 0.5623333333333334]",1.365614700000151
8,dtr,prospective,10.0,0.24162432551383972,0.9711635559003658,0.0003869728656646646,1.2900933027267456,0.6930999237338564,0.57617282067823,2.442272186279297,2.442272186279297,"[0.34740811586380005, 0.6417244672775269, 1.1236034631729126, 0.5180586576461792, 2.442272186279297]","[0.922010907426521, 0.7815788012245473, 0.6464918414918415, 0.8365128205128205, 0.5349999999999999]",1.3513042999984464
9,dtr,prospective,10.0,0.5152191519737244,0.8862241680727283,0.0007232955729765166,1.580005407333374,0.6788691874207208,0.5995260735491976,2.6312968730926514,2.6312968730926514,"[0.3967244029045105, 0.9069463610649109, 1.6474921703338623, 0.9336908459663391, 2.6312968730926514]","[0.922366402522522, 0.7472598048087766, 0.5997435897435898, 0.7534918414918416, 0.5643333333333334]",1.355296300011105
0,dtr,oracle_deployment,0.0,1.7042032480239868,0.7836470320514045,0.6716360005822202,2.0225579738616943,0.5859637629311999,0.6134249131897798,2.8086471557617188,2.8086471557617188,"[0.72438645362854, 1.8689525127410889, 1.3114782571792603, 0.7372349500656128, 2.8086471557617188]","[0.8579190107755948, 0.5254405773133669, 0.6137296037296037, 0.7595897435897436, 0.5586666666666666]",1.448187300004065
1,dtr,oracle_deployment,0.0,2.0562283992767334,0.7953213394447095,1.1758231017815233,2.2161524295806885,0.5153128360864546,0.3446668855266717,2.5826306343078613,2.5826306343078613,"[1.368844747543335, 2.398021936416626, 2.0411171913146973, 1.0586926937103271, 2.5826306343078613]","[0.6942838810010132, 0.4506223395078762, 0.42099067599067597, 0.662974358974359, 0.5563333333333333]",1.3637493999995058
2,dtr,oracle_deployment,0.0,1.6869627237319946,0.8041009748009961,0.6743915699146412,1.944514513015747,0.6142630824921371,0.4800291841942107,2.536898374557495,2.536898374557495,"[0.8840228915214539, 1.9777005910873413, 1.2833821773529053, 0.6788350343704224, 2.536898374557495]","[0.8364253302185924, 0.57797476477101, 0.7434498834498835, 0.8265641025641026, 0.5626666666666666]",1.344259500008775
3,dtr,oracle_deployment,0.0,1.8659778833389282,0.7507677288603417,0.679167625835403,2.527561902999878,0.46910446811138706,0.7495473513609909,3.3572216033935547,3.3572216033935547,"[1.2586003541946411, 2.5060675144195557, 2.4019927978515625, 1.0030806064605713, 3.3572216033935547]","[0.6625687548757316, 0.395354328588518, 0.3986480186480187, 0.8162051282051281, 0.5050000000000001]",1.3468751000036718
4,dtr,oracle_deployment,0.0,1.9042723178863525,0.8082932061846341,1.246761337719827,2.0737292766571045,0.5986107734178788,0.6976821101200392,3.08307147026062,3.08307147026062,"[0.6648209095001221, 1.7429533004760742, 1.5068219900131226, 0.9792436361312866, 3.08307147026062]","[0.8722186116801078, 0.5549084343518841, 0.5397435897435897, 0.7622564102564102, 0.5656666666666667]",1.3605468000023393
5,dtr,oracle_deployment,0.0,1.5045565366744995,0.8065874251825477,0.6472943074418684,2.0813934803009033,0.5739155389744411,0.6136065587904307,3.040943145751953,3.040943145751953,"[0.8737263679504395, 1.7851238250732422, 1.67916738986969, 0.9341806173324585, 3.040943145751953]","[0.8255205322356536, 0.5240504599107522, 0.6049184149184149, 0.7515897435897436, 0.533]",1.315353399986634
6,dtr,oracle_deployment,0.0,1.1176490783691406,0.8226461769879327,0.5650145526776098,1.844476342201233,0.6206362022081565,0.7405156546830575,2.981261730194092,2.981261730194092,"[0.5721825361251831, 1.3740606307983398, 1.289025068283081, 0.688867449760437, 2.981261730194092]","[0.8737208749951518, 0.6196963349206828, 0.6112004662004662, 0.7649230769230769, 0.5496666666666667]",1.3892228000040632
7,dtr,oracle_deployment,0.0,1.3238604068756104,0.8067543218321468,0.6413079171514315,2.0106263160705566,0.5863598241880131,0.447999227049082,2.6998395919799805,2.6998395919799805,"[0.8276726603507996, 1.8273518085479736, 1.4583518505096436, 0.9919731020927429, 2.6998395919799805]","[0.8240352987828713, 0.5436402219673584, 0.6000699300699301, 0.756923076923077, 0.5646666666666668]",1.3345923000015318
8,dtr,oracle_deployment,0.0,1.6335573196411133,0.8055285798402446,0.9686924341774772,2.505066394805908,0.5825523702563831,0.9139994700264993,3.6065075397491455,3.6065075397491455,"[0.8626196980476379, 2.1656386852264404, 2.1447596549987793, 1.1954938173294067, 3.6065075397491455]","[0.7832076523525903, 0.5401698942269376, 0.602004662004662, 0.7462564102564102, 0.5566666666666666]",1.3728459999983897
9,dtr,oracle_deployment,0.0,1.1891522407531738,0.8131489369485216,0.6953125627933706,2.2863688468933105,0.6164434439301574,0.8609508278918611,3.4053852558135986,3.4053852558135986,"[0.5844578742980957, 1.773817777633667, 2.2504546642303467, 1.4886857271194458, 3.4053852558135986]","[0.866422018503328, 0.5780054824587356, 0.5702564102564102, 0.7412307692307692, 0.5903333333333334]",1.380839500008733
0,dtr,oracle_deployment,0.001,1.7046743631362915,0.7844935970061786,0.5173832065284006,1.9544646739959717,0.5903433222511587,0.5772773525489436,2.7217602729797363,2.7217602729797363,"[0.7102726101875305, 1.8011999130249023, 1.2061612606048584, 0.7145668268203735, 2.7217602729797363]","[0.8733543739182599, 0.5295147911550978, 0.6165268065268066, 0.7675897435897436, 0.557]",1.475798899991787
1,dtr,oracle_deployment,0.001,2.079812526702881,0.8003304047776261,0.8538231084376205,2.1344988346099854,0.5174148598358539,0.303611306027758,2.48943829536438,2.48943829536438,"[1.2786582708358765, 2.2911500930786133, 2.001593828201294, 1.097109317779541, 2.48943829536438]","[0.687023154928406, 0.45061718824163915, 0.4181934731934732, 0.626051282051282, 0.5703333333333334]",1.37116569999489
2,dtr,oracle_deployment,0.001,1.6411644220352173,0.8064229504183764,0.541762552143615,1.8895320892333984,0.6094057038809033,0.4535287978333599,2.464390277862549,2.464390277862549,"[0.838065505027771, 1.9145883321762085, 1.2037972211837769, 0.6804837584495544, 2.464390277862549]","[0.8381936393452248, 0.566884762191122, 0.748916083916084, 0.810153846153846, 0.5693333333333334]",1.3989396999968449
3,dtr,oracle_deployment,0.001,1.9196093082427979,0.760141303263633,0.5161122687068986,2.4919497966766357,0.48732985168124215,0.688272711445793,3.280527114868164,3.280527114868164,"[1.2680203914642334, 2.426943063735962, 2.362539768218994, 1.0117805004119873, 3.280527114868164]","[0.6490412542657484, 0.4426909850066396, 0.4481118881118881, 0.8028717948717949, 0.5196666666666667]",1.3623994999943534
4,dtr,oracle_deployment,0.001,1.8643373250961304,0.8105789204703484,0.8846679499119888,1.9596421718597412,0.6056397437789396,0.6472255314167035,2.9513256549835205,2.9513256549835205,"[0.5976001024246216, 1.5947457551956177, 1.4133318662643433, 0.9532014727592468, 2.9513256549835205]","[0.8819462381392518, 0.5655873984835545, 0.5758741258741259, 0.7595897435897436, 0.5696666666666668]",1.3594023999903584
5,dtr,oracle_deployment,0.001,1.5426229238510132,0.8097573468476404,0.48079858002839265,1.98390793800354,0.5793867373072812,0.49727024752567617,2.799710750579834,2.799710750579834,"[0.822924792766571, 1.7591755390167236, 1.6262485980987549, 0.9538860321044922, 2.799710750579834]","[0.8255980033431678, 0.5331292855131018, 0.6063170163170163, 0.7515897435897436, 0.5386666666666666]",1.4396375999931479
6,dtr,oracle_deployment,0.001,1.540135145187378,0.8132244827084705,0.44666991999119887,1.7854923009872437,0.625972015354951,0.6313381435992449,2.787853240966797,2.787853240966797,"[0.6260837316513062, 1.4329904317855835, 1.1028575897216797, 0.6412687301635742, 2.787853240966797]","[0.8832988951311131, 0.607843679648126, 0.7077039627039627, 0.810153846153846, 0.5476666666666666]",1.5071714999940014
7,dtr,oracle_deployment,0.001,1.3599570989608765,0.8128775357397187,0.494044292120286,1.9248898029327393,0.5949809931965364,0.4097964129211425,2.5773415565490723,2.5773415565490723,"[0.7818066477775574, 1.7539469003677368, 1.3485511541366577, 0.9650567770004272, 2.5773415565490723]","[0.8375949037706075, 0.5538414732466508, 0.6056643356643356, 0.756923076923077, 0.568]",1.5662729000032414
8,dtr,oracle_deployment,0.001,1.5348495244979858,0.8088596207905414,0.6827972945853026,2.369818925857544,0.5885152124260682,0.7662347443040142,3.357694625854492,3.357694625854492,"[0.8344374895095825, 2.0517611503601074, 2.0752832889556885, 1.1808887720108032, 3.357694625854492]","[0.7847640725860533, 0.5515577436656345, 0.608997668997669, 0.7462564102564102, 0.5609999999999999]",1.5046086000074865
9,dtr,oracle_deployment,0.001,1.1415257453918457,0.826877712950516,0.49489250497072323,2.0293796062469482,0.6177846806355309,0.7169180007141216,3.100722551345825,3.100722551345825,"[0.5387627482414246, 1.5520591735839844, 1.8883140087127686, 1.2264506816864014, 3.100722551345825]","[0.8749687352439676, 0.5804632397552026, 0.5624592074592074, 0.743897435897436, 0.588]",1.3628616000059992
0,dtr,oracle_deployment,0.003,1.6611709594726562,0.7900993123998341,0.38721308296109425,1.8274421691894531,0.5956152990645986,0.48542838272802324,2.5193610191345215,2.5193610191345215,"[0.6928343176841736, 1.7002474069595337, 1.0986300706863403, 0.6847199201583862, 2.5193610191345215]","[0.8714232172544865, 0.5353134867058577, 0.6121212121212122, 0.7888205128205128, 0.5603333333333333]",1.3453785000019707
1,dtr,oracle_deployment,0.003,2.0971598625183105,0.8015347447414598,0.592047561833888,2.0141336917877197,0.5111269344019169,0.31221823332813636,2.4327006340026855,2.4327006340026855,"[1.1828968524932861, 2.1249938011169434, 1.7190176248550415, 0.939811110496521, 2.4327006340026855]","[0.6915953083528844, 0.4525407561640856, 0.4307808857808858, 0.6606120218579234, 0.5553333333333332]",1.4180643999861786
2,dtr,oracle_deployment,0.003,1.522429347038269,0.8098877831786142,0.4069789839379581,1.7558056116104126,0.6309773081218928,0.39949851325981967,2.3303287029266357,2.3303287029266357,"[0.7797256708145142, 1.750185251235962, 1.1287994384765625, 0.6392830610275269, 2.3303287029266357]","[0.8365434743287231, 0.6023632998129074, 0.7560372960372961, 0.842153846153846, 0.5780000000000001]",1.3762313000042923
3,dtr,oracle_deployment,0.003,1.676534652709961,0.755663794784225,0.34171357566927685,2.4331166744232178,0.49467457394845454,0.6667227936194059,3.1868255138397217,3.1868255138397217,"[1.156296968460083, 2.4187986850738525, 2.383673667907715, 1.0521360635757446, 3.1868255138397217]","[0.7256015011335866, 0.40694835569630544, 0.4047785547785548, 0.810871794871795, 0.5176666666666667]",1.3706753000005847
4,dtr,oracle_deployment,0.003,1.606977105140686,0.8229915494168942,0.5268879878668138,1.8100683689117432,0.6152360827683587,0.6456544143853341,2.862377643585205,2.862377643585205,"[0.5131226778030396, 1.3548636436462402, 1.2183860540390015, 0.8762885332107544, 2.862377643585205]","[0.8848715890401004, 0.5876192649157834, 0.6042074592074592, 0.7622564102564102, 0.5690000000000001]",1.4337611999944784
5,dtr,oracle_deployment,0.003,1.5220057964324951,0.8180109624949352,0.33660598252535845,1.8235927820205688,0.5891198348711735,0.414365939042869,2.576547145843506,2.576547145843506,"[0.7350233197212219, 1.5996010303497314, 1.50758957862854, 0.9324283599853516, 2.576547145843506]","[0.8331622153426702, 0.5509158917141421, 0.607983682983683, 0.7541538461538462, 0.545]",1.358898100006627
6,dtr,oracle_deployment,0.003,1.0103814601898193,0.8243604627022185,0.3044761963832526,1.6260837316513062,0.6418587440031798,0.5877033826137369,2.657188653945923,2.657188653945923,"[0.5172747373580933, 1.1908948421478271, 1.0419080257415771, 0.6306010484695435, 2.657188653945923]","[0.8914280770619012, 0.6550040752940328, 0.6857925407925409, 0.7968205128205128, 0.5543333333333332]",1.40171890000056
7,dtr,oracle_deployment,0.003,1.2458107471466064,0.8234783484937044,0.3468928945407946,1.77732253074646,0.6047004707097071,0.3399585194135591,2.375317096710205,2.375317096710205,"[0.7334798574447632, 1.6040229797363281, 1.2627612352371216, 0.9032330513000488, 2.375317096710205]","[0.8468557985371972, 0.5643731901716224, 0.6076573426573426, 0.756923076923077, 0.5730000000000001]",1.3776746000075946
8,dtr,oracle_deployment,0.003,1.1588577032089233,0.8377543397444903,0.4493630884115588,2.402998447418213,0.6069052880429513,0.8745066562737686,3.5362937450408936,3.5362937450408936,"[0.8123590350151062, 1.9362552165985107, 2.0717949867248535, 1.2056918144226074, 3.5362937450408936]","[0.8020028392642777, 0.5941555131278107, 0.6105244755244754, 0.7462564102564102, 0.5549999999999999]",1.4191794999933336
9,dtr,oracle_deployment,0.003,1.3409702777862549,0.8244545061016015,0.34708556030022264,1.963722825050354,0.6074369112690384,0.6063471347545464,2.924227237701416,2.924227237701416,"[0.5642178058624268, 1.5776255130767822, 1.6917816400527954, 1.155137300491333, 2.924227237701416]","[0.8656654179539667, 0.5442583729981215, 0.5764452214452215, 0.751897435897436, 0.6026666666666667]",1.4849456999945687
0,dtr,oracle_deployment,0.01,1.516700029373169,0.8152555290453684,0.22925780339496127,1.6363929510116577,0.6085628897804052,0.36604838478014357,2.2507240772247314,2.2507240772247314,"[0.6661981344223022, 1.5007975101470947, 0.9742971658706665, 0.6520547866821289, 2.2507240772247314]","[0.8401090276408734, 0.5595868677422661, 0.622983682983683, 0.8393846153846154, 0.573]",1.3935659999988275
1,dtr,oracle_deployment,0.01,2.2150521278381348,0.8054732619204833,0.35725160292637204,1.8980270624160767,0.5282842039153981,0.26188980144265545,2.2760121822357178,2.2760121822357178,"[1.0726377964019775, 1.9942699670791626, 1.6349525451660156, 0.9529827237129211, 2.2760121822357178]","[0.6889570555270776, 0.46751330594805723, 0.43497668997669, 0.6676923076923077, 0.581]",1.3578088999929605
2,dtr,oracle_deployment,0.01,1.2754729986190796,0.8352940445226414,0.251207834408607,1.5875070095062256,0.6467023236705052,0.34609857756603984,2.155651807785034,2.155651807785034,"[0.7048237919807434, 1.5449268817901611, 0.9454679489135742, 0.5760365128517151, 2.155651807785034]","[0.8400698191811073, 0.6199299843888866, 0.7710955710955713, 0.8714871794871796, 0.5930000000000001]",1.3777536999987205
3,dtr,oracle_deployment,0.01,1.514836311340332,0.7803441783880285,0.21065694706920735,2.129732847213745,0.5330925790193445,0.5603828568899706,2.9280991554260254,2.9280991554260254,"[1.0071284770965576, 1.985639214515686, 1.9367214441299438, 0.8714582324028015, 2.9280991554260254]","[0.7398855913465912, 0.4773835441030629, 0.4904778554778554, 0.8162051282051281, 0.5369999999999999]",1.353776799995103
4,dtr,oracle_deployment,0.01,1.279050588607788,0.8227129259546571,0.24683008468690723,1.5633792877197266,0.6277080249232756,0.5581987654328883,2.603616714477539,2.603616714477539,"[0.4207536280155182, 1.0561662912368774, 1.0855135917663574, 0.7751164436340332, 2.603616714477539]","[0.8882193664350122, 0.6179050841327125, 0.6017365967365967, 0.8100512820512821, 0.5643333333333334]",1.383838099995046
5,dtr,oracle_deployment,0.01,1.7198959589004517,0.8216458483967797,0.21500354342990452,1.7204700708389282,0.5958956523391015,0.36776140336559476,2.426919460296631,2.426919460296631,"[0.6681638956069946, 1.4937784671783447, 1.3643985986709595, 0.9075874090194702, 2.426919460296631]","[0.8307414344782007, 0.5588884155149875, 0.6188461538461538, 0.7620512820512821, 0.5496666666666666]",1.3834874000021955
6,dtr,oracle_deployment,0.01,0.8966382145881653,0.8460612077926541,0.18132842028582538,1.3595974445343018,0.6638321064320758,0.4483202381761636,2.3093345165252686,2.3093345165252686,"[0.44955500960350037, 0.9387722015380859, 0.8294655680656433, 0.5607196688652039, 2.3093345165252686]","[0.8873829041726872, 0.6788845621060325, 0.7622494172494172, 0.8998974358974359, 0.5683333333333332]",1.3501896999950986
7,dtr,oracle_deployment,0.01,1.254758358001709,0.8278834246767858,0.21632893487749766,1.6767104864120483,0.6122328555543891,0.29010530838608956,2.212040662765503,2.212040662765503,"[0.6832061409950256, 1.5187232494354248, 1.1773693561553955, 0.8810150027275085, 2.212040662765503]","[0.8551242675654631, 0.5715144408584107, 0.6132517482517482, 0.7595897435897436, 0.5756666666666667]",1.356715100002475
8,dtr,oracle_deployment,0.01,1.0565009117126465,0.8333562395915118,0.24581171750041192,2.0248684883117676,0.6055973615984963,0.5199975868551212,2.8632147312164307,2.8632147312164307,"[0.7695246338844299, 1.7047843933105469, 1.6769988536834717, 1.0535520315170288, 2.8632147312164307]","[0.7986190378491166, 0.5806504870804118, 0.6207808857808857, 0.7488205128205128, 0.5703333333333334]",1.3667718000069726
9,dtr,oracle_deployment,0.01,1.1266264915466309,0.8297205425607798,0.19643503353919511,1.774640679359436,0.62713548878778,0.5711000354225559,2.771993637084961,2.771993637084961,"[0.49618157744407654, 1.3254096508026123, 1.4019138813018799, 1.0118129253387451, 2.771993637084961]","[0.8802400526615003, 0.6009999274160018, 0.5832284382284383, 0.7545641025641026, 0.5930000000000001]",1.3807391000009375
0,dtr,oracle_deployment,0.03,1.3486502170562744,0.8261813425556388,0.11735990704822932,1.5356481075286865,0.6187891395476475,0.27953389122996614,2.090855836868286,2.090855836868286,"[0.6648204922676086, 1.380860686302185, 1.0204319953918457, 0.6928681135177612, 2.090855836868286]","[0.8242303566965999, 0.5834151481226385, 0.6201864801864803, 0.8608205128205129, 0.5810000000000001]",1.386237800004892
1,dtr,oracle_deployment,0.03,1.9815082550048828,0.8071767214667813,0.18025768735281233,1.689335823059082,0.5369782124628125,0.22199527722384627,2.0789241790771484,2.0789241790771484,"[0.897333025932312, 1.760201096534729, 1.4155356884002686, 0.8836358189582825, 2.0789241790771484]","[0.676121503737654, 0.4695883737791885, 0.43777389277389284, 0.6876855821773854, 0.6056666666666667]",1.364789599989308
2,dtr,oracle_deployment,0.03,0.8805932998657227,0.8560128527684651,0.12504440276220502,1.3642680644989014,0.6590266436102172,0.2540553334063921,1.9289066791534424,1.9289066791534424,"[0.6065467000007629, 1.2353508472442627, 0.8724502325057983, 0.5645872950553894, 1.9289066791534424]","[0.8595147986985143, 0.6313898655562583, 0.7736247086247087, 0.9085128205128206, 0.5986666666666667]",1.3472937000042293
3,dtr,oracle_deployment,0.03,1.3130829334259033,0.7819863541003093,0.121142197047732,1.9604146480560303,0.551859080025409,0.4681538016871434,2.718660831451416,2.718660831451416,"[0.9133039712905884, 1.7318435907363892, 1.8759841918945312, 0.8741474151611328, 2.718660831451416]","[0.7598555670539487, 0.5043638909963681, 0.5351515151515152, 0.810871794871795, 0.5446666666666667]",1.3488421000074595
4,dtr,oracle_deployment,0.03,0.9789279699325562,0.8428189954937931,0.11906010035134147,1.5065675973892212,0.6310134903933016,0.538528410101717,2.547562599182129,2.547562599182129,"[0.3851160705089569, 0.934151291847229, 1.1138851642608643, 0.8227535486221313, 2.547562599182129]","[0.8799285551050735, 0.6316391245288634, 0.607004662004662, 0.7915897435897437, 0.564]",1.336758400007966
5,dtr,oracle_deployment,0.03,1.5858503580093384,0.8224850742624575,0.12199780381756065,1.6824977397918701,0.6055297992153051,0.3004547440494525,2.289752244949341,2.289752244949341,"[0.6667786836624146, 1.45884108543396, 1.5121815204620361, 1.0025959014892578, 2.289752244949341]","[0.8213396785237241, 0.5682347216600907, 0.6146503496503496, 0.756923076923077, 0.5660000000000001]",1.3491165000014007
6,dtr,oracle_deployment,0.03,0.685076117515564,0.8488082332918744,0.09776557031482336,1.2754013538360596,0.6622147895329675,0.3456772351123858,2.121072769165039,2.121072769165039,"[0.4691999852657318, 0.8667736053466797, 0.8732010126113892, 0.6039284467697144, 2.121072769165039]","[0.8465835095948288, 0.6647969271846087, 0.7533916083916083, 0.9027692307692308, 0.5840000000000001]",1.358122600009665
7,dtr,oracle_deployment,0.03,1.2387226819992065,0.8291600736295834,0.1305710474650065,1.5730321407318115,0.6171301383604589,0.2194405392674037,2.024158477783203,2.024158477783203,"[0.663094162940979, 1.4408142566680908, 1.2078371047973633, 0.9105333089828491, 2.024158477783203]","[0.82970490597293, 0.585742763099242, 0.6118531468531468, 0.756923076923077, 0.583]",1.3749994999961928
8,dtr,oracle_deployment,0.03,0.6660919189453125,0.8544956354393619,0.10704388638092166,1.8611156940460205,0.5916866618547423,0.36494526314521863,2.552882671356201,2.552882671356201,"[0.815798282623291, 1.6168956756591797, 1.590707778930664, 1.022414207458496, 2.552882671356201]","[0.7686412540785217, 0.5569203283502531, 0.6179836829836829, 0.7488205128205128, 0.5766666666666667]",1.3493542000069283
9,dtr,oracle_deployment,0.03,1.148415207862854,0.820244754074918,0.10799073780515066,1.8334968090057373,0.6275820431840872,0.5071037868934809,2.729499101638794,2.729499101638794,"[0.5388146042823792, 1.417315125465393, 1.5646867752075195, 1.200956106185913, 2.729499101638794]","[0.8493535157319452, 0.6036296693404403, 0.5988228438228438, 0.756923076923077, 0.5986666666666667]",1.3527279999980237
0,dtr,oracle_deployment,0.1,0.9704476594924927,0.8441839251689881,0.05131129963407791,1.36927330493927,0.6411219853380191,0.1609427569693173,1.788561224937439,1.788561224937439,"[0.7035479545593262, 1.251098394393921, 1.0286338329315186, 0.7185322046279907, 1.788561224937439]","[0.8136096971531195, 0.6354173461554543, 0.6298484848484849, 0.8769230769230768, 0.5936666666666668]",1.3449951999937184
1,dtr,oracle_deployment,0.1,1.4746215343475342,0.8117916812764708,0.06416544796508035,1.4463030099868774,0.592130614315105,0.1713568682882405,1.8445663452148438,1.8445663452148438,"[0.7377241253852844, 1.4448491334915161, 1.1493064165115356, 0.7934537529945374, 1.8445663452148438]","[0.783265923476141, 0.5044592215997356, 0.5777738927738927, 0.8757948717948718, 0.6043333333333334]",1.3485411000001477
2,dtr,oracle_deployment,0.1,0.64699786901474,0.8579496420316118,0.04875446445166819,1.3362573385238647,0.657092538386473,0.2337247601765057,1.8877044916152954,1.8877044916152954,"[0.6141618490219116, 1.1851136684417725, 0.8568445444107056, 0.5759235620498657, 1.8877044916152954]","[0.8632080863152136, 0.643217262696251, 0.7886946386946387, 0.9107692307692308, 0.5826666666666667]",1.3287962000031257
3,dtr,oracle_deployment,0.1,0.7984685897827148,0.8207920264273529,0.04719436217727975,1.4809954166412354,0.5822662306647671,0.268099101649114,2.043733835220337,2.043733835220337,"[0.7345942854881287, 1.3685342073440552, 1.3477672338485718, 0.5971307754516602, 2.043733835220337]","[0.774257855988155, 0.5527813834758428, 0.6170745920745921, 0.8772307692307691, 0.5316666666666666]",1.3417177999945125
4,dtr,oracle_deployment,0.1,0.6626757979393005,0.8501176895400515,0.0570066711049021,1.4024763107299805,0.6359126387547235,0.3909015476945727,2.272352695465088,2.272352695465088,"[0.4016786515712738, 0.9395370483398438, 1.147130012512207, 0.8419641256332397, 2.272352695465088]","[0.8606572701845925, 0.6348552935669367, 0.6181934731934733, 0.7835897435897436, 0.5676666666666667]",1.340296499998658
5,dtr,oracle_deployment,0.1,1.2096290588378906,0.8234235239310358,0.05232032434439954,1.763850450515747,0.5975323389083282,0.2622391506593237,2.2546286582946777,2.2546286582946777,"[0.7822307348251343, 1.5680296421051025, 1.7727073431015015, 1.1158778667449951, 2.2546286582946777]","[0.7980900203464364, 0.5689269384256657, 0.6034615384615385, 0.7543589743589745, 0.5566666666666666]",1.3619932000001427
6,dtr,oracle_deployment,0.1,0.4931313395500183,0.8596350036310076,0.03763207633799486,1.2348636388778687,0.6499547554162233,0.24725896265002434,1.9039180278778076,1.9039180278778076,"[0.45642757415771484, 0.9115627408027649, 0.9893853068351746, 0.6577531695365906, 1.9039180278778076]","[0.8410910926488541, 0.6561000505845064, 0.6853263403263404, 0.8656410256410256, 0.5756666666666667]",1.3716160000039963
7,dtr,oracle_deployment,0.1,0.6155652403831482,0.8597491688888026,0.06033174294993711,1.5692943334579468,0.6278699087736912,0.21169783507082288,2.007284641265869,2.007284641265869,"[0.6364094614982605, 1.415732979774475, 1.3375189304351807, 0.9737695455551147, 2.007284641265869]","[0.8154126790077253, 0.6142483459806994, 0.6301864801864803, 0.7542564102564102, 0.5886666666666667]",1.3700869000022067
8,dtr,oracle_deployment,0.1,0.5284286141395569,0.8628325999179767,0.043564037040427876,1.827322006225586,0.6071013810937768,0.3725076174390546,2.537031888961792,2.537031888961792,"[0.7993946075439453, 1.5736963748931885, 1.5202648639678955, 0.9588273167610168, 2.537031888961792]","[0.7906815514934771, 0.5760095254055517, 0.6123892773892774, 0.7541538461538462, 0.584]",1.4148818999965442
9,dtr,oracle_deployment,0.1,0.8761393427848816,0.8406105220881204,0.04506965085802746,1.4882762432098389,0.6391817770508852,0.3149475159007693,2.1973068714141846,2.1973068714141846,"[0.5020812153816223, 1.1872682571411133, 1.2749650478363037, 0.9032093286514282, 2.1973068714141846]","[0.8365749106206627, 0.6290841398441179, 0.600011655011655, 0.7995897435897437, 0.595]",1.5213703000044916
0,dtr,oracle_deployment,0.3,0.7059942483901978,0.8544321268345557,0.02061942967858334,1.3813464641571045,0.6370826966943423,0.13595660374608656,1.6990365982055664,1.6990365982055664,"[0.7658723592758179, 1.3415406942367554, 1.1824748516082764, 0.7100383043289185, 1.6990365982055664]","[0.8081416795342371, 0.6338851018976771, 0.6164568764568765, 0.8742564102564103, 0.5876666666666667]",1.3536063000065042
1,dtr,oracle_deployment,0.3,1.0278021097183228,0.8313152824018225,0.02138445357726925,1.2970244884490967,0.6279563616061834,0.1726489559053661,1.7852970361709595,1.7852970361709595,"[0.6202844977378845, 1.1556236743927002, 1.1311302185058594, 0.6977054476737976, 1.7852970361709595]","[0.8386536801506411, 0.571769187619379, 0.6327738927738927, 0.8754871794871795, 0.5916666666666668]",1.4913764000084484
2,dtr,oracle_deployment,0.3,0.43472862243652344,0.881997896460426,0.020543112921616667,1.3852189779281616,0.6260816463794263,0.1884318042308067,1.8361003398895264,1.8361003398895264,"[0.6974309086799622, 1.2956851720809937, 0.9564468264579773, 0.6761547327041626, 1.8361003398895264]","[0.8108439420784366, 0.6148940516748442, 0.7230885780885781, 0.868, 0.5646666666666668]",1.3845709999877727
3,dtr,oracle_deployment,0.3,0.5592103600502014,0.8502728013036173,0.012060810018468785,1.4597915410995483,0.5716063018826166,0.2622413797470443,2.007636308670044,2.007636308670044,"[0.6764206886291504, 1.3721153736114502, 1.4876983165740967, 0.6694334149360657, 2.007636308670044]","[0.7515406683760207, 0.5364288834000875, 0.5969696969696969, 0.8666666666666666, 0.5276666666666666]",1.3503732999961358
4,dtr,oracle_deployment,0.3,0.6302682161331177,0.8613222906614466,0.017514458163775535,1.336888074874878,0.6272968820201157,0.2749004323824204,2.019535779953003,2.019535779953003,"[0.47411125898361206, 1.0169750452041626, 1.2356784343719482, 0.7654180526733398, 2.019535779953003]","[0.8269132445979117, 0.6197853170699508, 0.6084032634032635, 0.8315897435897435, 0.5649999999999998]",1.3775611000019126
5,dtr,oracle_deployment,0.3,0.8710497617721558,0.8385218761875887,0.020598509429413596,1.7068021297454834,0.5845875378942474,0.22593626866409072,2.1373322010040283,2.1373322010040283,"[0.7789945602416992, 1.564864158630371, 1.7085834741592407, 1.093393325805664, 2.1373322010040283]","[0.7476025461322922, 0.5738548536390703, 0.6153962703962704, 0.756923076923077, 0.5539999999999999]",1.3212581999978283
6,dtr,oracle_deployment,0.3,0.3392865061759949,0.8959588548345087,0.015812800990210638,1.3175644874572754,0.634259222267757,0.23861921828504135,1.93094003200531,1.93094003200531,"[0.5726383924484253, 1.0454715490341187, 1.1319453716278076, 0.6222180128097534, 1.93094003200531]","[0.8176928907596995, 0.6315096768005841, 0.6201864801864803, 0.8608205128205129, 0.5763333333333334]",1.3397086000040872
7,dtr,oracle_deployment,0.3,0.40399080514907837,0.8929281062421529,0.020426723692152236,1.487609624862671,0.6332264727913819,0.18361419750229685,1.878420114517212,1.878420114517212,"[0.6648028492927551, 1.3930931091308594, 1.3181260824203491, 0.850237250328064, 1.878420114517212]","[0.8143288352147857, 0.6305009655695402, 0.6301864801864803, 0.7594871794871796, 0.5866666666666667]",1.3914355000015348
8,dtr,oracle_deployment,0.3,0.4375673830509186,0.878506612868527,0.016961568176991654,2.0590133666992188,0.5911422621152429,0.41356350480863624,2.7462544441223145,2.7462544441223145,"[0.9355701208114624, 1.8509718179702759, 1.8247902393341064, 1.1078087091445923, 2.7462544441223145]","[0.7742877720377106, 0.5572718442850041, 0.6048018648018648, 0.7427226107226108, 0.5700000000000001]",1.4188276000058977
9,dtr,oracle_deployment,0.3,0.8013332486152649,0.8386364558253246,0.02377844568142675,1.7757251262664795,0.625757023149317,0.35445424645631307,2.438617706298828,2.438617706298828,"[0.6444624662399292, 1.4872304201126099, 1.6494890451431274, 1.1235401630401611, 2.438617706298828]","[0.8103581657743006, 0.6165913015967691, 0.6008158508158508, 0.7515897435897436, 0.5903333333333334]",1.3773694000119576
0,dtr,oracle_deployment,1.0,0.40920791029930115,0.8980168159853431,0.002967323908589995,1.4950544834136963,0.5968230454896173,0.18461630777117138,1.7936798334121704,1.7936798334121704,"[0.9395574331283569, 1.5114290714263916, 1.3585705757141113, 0.5777356028556824, 1.7936798334121704]","[0.7190815672973326, 0.6187096774193549, 0.6067948717948718, 0.8822564102564103, 0.5553333333333333]",1.3619403000047896
1,dtr,oracle_deployment,1.0,0.8377149701118469,0.8582968884169624,0.004510131821710877,1.5021727085113525,0.6053188299065144,0.17980301576818306,1.9142522811889648,1.9142522811889648,"[0.7748693227767944, 1.4510419368743896, 1.3986828327178955, 0.8345988392829895, 1.9142522811889648]","[0.8012296092412658, 0.5542530912680352, 0.6215850815850816, 0.7878974358974359, 0.583]",1.3462677000061376
2,dtr,oracle_deployment,1.0,0.3734514117240906,0.901152582304723,0.00494416849112805,1.5867351293563843,0.5945259270238277,0.18512170368006822,1.958448052406311,1.958448052406311,"[0.8778011202812195, 1.568284034729004, 1.2639529705047607, 0.8094652891159058, 1.958448052406311]","[0.7541210861084172, 0.5972831658108145, 0.6181934731934733, 0.8178461538461539, 0.5393333333333332]",1.3627313999895705
3,dtr,oracle_deployment,1.0,0.5048007965087891,0.8931689603046363,0.004596178975615482,1.6322599649429321,0.555845709267561,0.33508784865486996,2.3392558097839355,2.3392558097839355,"[0.7887994647026062, 1.4918510913848877, 1.5578423738479614, 0.7781398892402649, 2.3392558097839355]","[0.7223560405578405, 0.5553734568389201, 0.6026456876456876, 0.8638974358974358, 0.4806666666666667]",1.3662641999981133
4,dtr,oracle_deployment,1.0,0.3172389566898346,0.9026073011448666,0.0023045854129418422,1.5736067295074463,0.6070045797923965,0.2708474346631073,2.1545772552490234,2.1545772552490234,"[0.6446405649185181, 1.3652420043945312, 1.6320422887802124, 0.9896638989448547, 2.1545772552490234]","[0.7946835243802004, 0.606031746031746, 0.600011655011655, 0.7515897435897436, 0.5563333333333335]",1.3742217999970308
5,dtr,oracle_deployment,1.0,0.7091389894485474,0.8573894522126452,0.0034475937301729933,1.8406099081039429,0.5573761511805208,0.26379825907298826,2.3076910972595215,2.3076910972595215,"[0.9367192983627319, 1.771866798400879, 1.884328842163086, 1.0824095010757446, 2.3076910972595215]","[0.7144529795995601, 0.5658877957574767, 0.6042074592074592, 0.7490256410256411, 0.5043333333333334]",1.3765746999997646
6,dtr,oracle_deployment,1.0,0.33060815930366516,0.9706753445603329,0.0027910887336534728,1.3975735902786255,0.6190654717062939,0.24592856346841022,1.9940685033798218,1.9940685033798218,"[0.6735767126083374, 1.2083778381347656, 1.2641054391860962, 0.6267021298408508, 1.9940685033798218]","[0.8117522967002936, 0.6206366609275682, 0.6040559440559441, 0.858153846153846, 0.5419999999999999]",1.4119318000011845
7,dtr,oracle_deployment,1.0,0.37911829352378845,0.9369093374890042,0.0028092881105073685,1.7903661727905273,0.5706341672223121,0.2679099696929086,2.247081756591797,2.247081756591797,"[0.8973598480224609, 1.7276455163955688, 1.5830316543579102, 0.8967458009719849, 2.247081756591797]","[0.7101329518864347, 0.5927255965284026, 0.5964102564102565, 0.7622564102564102, 0.5276666666666667]",1.3478102999943076
8,dtr,oracle_deployment,1.0,0.4399264454841614,0.9480305059091684,0.0019848801103639012,2.112257957458496,0.5427410642249366,0.49961090088677,2.9488773345947266,2.9488773345947266,"[1.1585721969604492, 1.8936847448349, 1.7740700244903564, 0.9191233515739441, 2.9488773345947266]","[0.686676209325019, 0.5426914981382283, 0.5578438228438227, 0.750927738927739, 0.5156666666666665]",1.369132099993294
9,dtr,oracle_deployment,1.0,0.5139855146408081,0.8882846845043819,0.0033875803459328386,1.814141869544983,0.574474274040213,0.28099843081152814,2.3305017948150635,2.3305017948150635,"[0.8077200651168823, 1.6745243072509766, 1.7532894611358643, 1.1153290271759033, 2.3305017948150635]","[0.7269190893458808, 0.5809413513643121, 0.5798368298368298, 0.7515897435897436, 0.5443333333333333]",1.5036237000022084
0,dtr,oracle_deployment,3.0,0.5975322723388672,0.8909646121716512,0.00039739948946507377,1.7994028329849243,0.576476455513445,0.2767633139472059,2.2481696605682373,2.2481696605682373,"[1.1756575107574463, 1.7462211847305298, 1.5429470539093018, 0.6886264681816101, 2.2481696605682373]","[0.7179743869429089, 0.6048444966733648, 0.6324358974358975, 0.8662564102564103, 0.5116666666666666]",1.5844247999921208
1,dtr,oracle_deployment,3.0,0.8180815577507019,0.863743804185735,0.0004708528625989647,1.575849175453186,0.5515168403043227,0.14682274111289986,1.8329212665557861,1.8329212665557861,"[1.029263973236084, 1.6527302265167236, 1.6545244455337524, 0.8699967265129089, 1.8329212665557861]","[0.6927362529620084, 0.5204517255786089, 0.5488578088578089, 0.8450256410256409, 0.5476666666666666]",1.388540700005251
2,dtr,oracle_deployment,3.0,0.45942163467407227,0.8870764430048628,0.0007257885203807932,1.7840440273284912,0.5590164927653053,0.23390755568956023,2.202488422393799,2.202488422393799,"[1.0568666458129883, 1.7622655630111694, 1.4491643905639648, 0.8563464879989624, 2.202488422393799]","[0.6986419315915969, 0.5839246963233128, 0.5878904428904429, 0.8131282051282052, 0.49733333333333335]",1.3424506000010297
3,dtr,oracle_deployment,3.0,0.46889227628707886,0.9424857125155086,0.0009921514984879475,1.737778902053833,0.5545206762270704,0.25916363026915057,2.279749631881714,2.279749631881714,"[0.9517704248428345, 1.641919732093811, 1.7312240600585938, 0.9396079778671265, 2.279749631881714]","[0.7122919602198456, 0.5456023768227538, 0.5704312354312353, 0.8186666666666668, 0.507]",1.3396091000031447
4,dtr,oracle_deployment,3.0,0.32327473163604736,0.9472382340708998,0.00036346662498305365,1.492335319519043,0.5813495979157228,0.20094042462969863,1.9834518432617188,1.9834518432617188,"[0.7284162044525146, 1.3784946203231812, 1.5629101991653442, 0.9298818707466125, 1.9834518432617188]","[0.7323774331438989, 0.5819167583220795, 0.5670396270396271, 0.820923076923077, 0.5503333333333333]",1.3940445000043837
5,dtr,oracle_deployment,3.0,0.6600396037101746,0.880645137335765,0.0005179469707448787,1.9052104949951172,0.5380681499139577,0.287319179656256,2.464115858078003,2.464115858078003,"[1.0377448797225952, 1.8765676021575928, 1.7597248554229736, 1.070408821105957, 2.464115858078003]","[0.6909319656399501, 0.554433316856537, 0.5897435897435898, 0.74795337995338, 0.4736666666666666]",1.4076848999975482
6,dtr,oracle_deployment,3.0,0.35588541626930237,0.9687043013941535,0.00016561279134679233,1.670580267906189,0.5685064142601363,0.241751137106811,2.1932272911071777,2.1932272911071777,"[0.917310357093811, 1.557472825050354, 1.573847770690918, 0.8582078218460083, 2.1932272911071777]","[0.7226433858092045, 0.5923212487411883, 0.5852214452214453, 0.804923076923077, 0.5066666666666667]",1.358690499997465
7,dtr,oracle_deployment,3.0,0.4059596061706543,0.9503407743877947,0.0006161720603091236,1.9619849920272827,0.5410884018487725,0.31920601876309773,2.530156135559082,2.530156135559082,"[1.0293951034545898, 1.8587486743927002, 1.739023208618164, 1.0291038751602173, 2.530156135559082]","[0.6950939771718426, 0.5632768719949323, 0.5726340326340327, 0.7517948717948718, 0.4873333333333335]",1.36976409998897
8,dtr,oracle_deployment,3.0,0.5788108110427856,0.9335997462967895,0.0005440617999667493,2.1632862091064453,0.5460562597707335,0.6717264700040915,3.2418696880340576,3.2418696880340576,"[1.260538101196289, 1.8799998760223389, 1.5937941074371338, 0.8266139030456543, 3.2418696880340576]","[0.6840950173536818, 0.5632361463701374, 0.5834848484848484, 0.8602610722610724, 0.48233333333333334]",1.396139199991012
9,dtr,oracle_deployment,3.0,0.7160152196884155,0.8827466168329179,0.0005726389464282205,1.8327891826629639,0.5627369158419474,0.24475358076261045,2.3417229652404785,2.3417229652404785,"[1.037163496017456, 1.7483253479003906, 1.6811109781265259, 1.0220692157745361, 2.3417229652404785]","[0.692158884252917, 0.5794094745910325, 0.5460606060606061, 0.8185641025641026, 0.5186666666666666]",1.3270652999926824
0,dtr,oracle_deployment,10.0,0.617026686668396,0.8888907907366456,0.00011582474067132659,1.9511626958847046,0.5543757200316212,0.2921609380263396,2.4569809436798096,2.4569809436798096,"[1.3048746585845947, 1.8796430826187134, 1.6298465728759766, 0.849584698677063, 2.4569809436798096]","[0.7020238693096348, 0.5831084255031768, 0.5573776223776223, 0.8583589743589745, 0.4846666666666667]",1.3402453000016976
1,dtr,oracle_deployment,10.0,0.8208951950073242,0.8378947421595784,0.00014833998463955928,1.759971022605896,0.5296901039396085,0.18455026055737905,2.022703170776367,2.022703170776367,"[1.0373811721801758, 1.905337929725647, 1.66458261013031, 1.0023707151412964, 2.022703170776367]","[0.6862507043902741, 0.4851723478816603, 0.5650466200466201, 0.7833846153846153, 0.529]",1.3518188999878475
2,dtr,oracle_deployment,10.0,0.6074357032775879,0.8854812213968442,8.263857747761556e-05,2.072953462600708,0.5548000133879805,0.30386962192322925,2.5292773246765137,2.5292773246765137,"[1.394352674484253, 2.067201614379883, 1.6638133525848389, 0.9232794046401978, 2.5292773246765137]","[0.7186584575968072, 0.5624155842701876, 0.6432167832167832, 0.8481025641025642, 0.4883333333333333]",1.3470696000003954
3,dtr,oracle_deployment,10.0,0.6680483222007751,0.9055652112512688,8.510954202815829e-05,1.8213424682617188,0.5423029238951841,0.365530949212343,2.492170572280884,2.492170572280884,"[0.9687893986701965, 1.7410964965820312, 1.5052664279937744, 0.7908363938331604, 2.492170572280884]","[0.7303737657169123, 0.5316582567240481, 0.5946736596736596, 0.8342564102564103, 0.49066666666666664]",1.3884545000037178
4,dtr,oracle_deployment,10.0,0.4119414687156677,0.930850399264928,0.0001259999073765896,1.548896074295044,0.5780697519245684,0.22506338742422827,2.0948352813720703,2.0948352813720703,"[0.750388503074646, 1.423318862915039, 1.5598453283309937, 0.9478429555892944, 2.0948352813720703]","[0.7203335530146207, 0.5861077465453257, 0.5706410256410257, 0.8315897435897435, 0.5429999999999999]",1.374724100009189
5,dtr,oracle_deployment,10.0,0.786455512046814,0.8593790059102009,0.0001649459873789868,1.9921642541885376,0.5283900999732578,0.30075873579430323,2.5732035636901855,2.5732035636901855,"[1.1048434972763062, 1.9560024738311768, 1.8590093851089478, 1.1518430709838867, 2.5732035636901855]","[0.6810515223427022, 0.5356843020659694, 0.5757575757575758, 0.74795337995338, 0.4753333333333333]",1.355053700011922
6,dtr,oracle_deployment,10.0,0.4719561040401459,0.9554131621536472,8.325694788078713e-05,1.846998929977417,0.5489071678730407,0.36499411246287194,2.5461432933807373,2.5461432933807373,"[0.8719309568405151, 1.645664930343628, 1.6569534540176392, 0.9555345773696899, 2.5461432933807373]","[0.7239044457673404, 0.585209113564537, 0.5782284382284383, 0.8075897435897434, 0.46099999999999997]",1.3326609999930952
7,dtr,oracle_deployment,10.0,0.4592624604701996,0.9559972927217725,0.00011038593564627101,1.9132992029190063,0.5422605790188836,0.31035551608538636,2.474445343017578,2.474445343017578,"[1.0779410600662231, 1.8274933099746704, 1.6387271881103516, 0.9202409982681274, 2.474445343017578]","[0.691616430973643, 0.5704011258533235, 0.5643706293706293, 0.8077948717948719, 0.47433333333333333]",1.3275734999915585
8,dtr,oracle_deployment,10.0,0.7664093971252441,0.9072514624630621,0.00014774731471521374,2.277327060699463,0.5454858274360685,0.7135740779680555,3.366581678390503,3.366581678390503,"[1.3109443187713623, 1.9950157403945923, 1.6717779636383057, 0.8884720802307129, 3.366581678390503]","[0.6823857802821147, 0.5598038223545782, 0.5471212121212121, 0.842871794871795, 0.485]",1.3441451999970013
9,dtr,oracle_deployment,10.0,0.6937718391418457,0.8824002140485648,0.00033639293976526694,2.224210023880005,0.5335429519051385,0.4527043862418532,2.9183011054992676,2.9183011054992676,"[1.1701314449310303, 2.1523876190185547, 1.9064443111419678, 1.098060131072998, 2.9183011054992676]","[0.6908387522397158, 0.5453182262488274, 0.541060606060606, 0.7881585081585081, 0.4783333333333334]",1.3602903000137303
0,dtr,ambient_random_00,1.0,1.8246796131134033,0.7776272080609454,2.3694047340241726e-05,1.9934812784194946,0.5867563667922736,0.5499692535827487,2.6934754848480225,2.6934754848480225,"[0.7489706873893738, 1.9071887731552124, 1.334686517715454, 0.745499312877655, 2.6934754848480225]","[0.8653166558669115, 0.5256405656425314, 0.6117948717948718, 0.7542564102564102, 0.5553333333333333]",1.3475277999968966
1,dtr,ambient_random_00,1.0,2.0595364570617676,0.7961459563146966,0.0001228454124197793,2.1639037132263184,0.5236971910933682,0.3262844646828171,2.5197958946228027,2.5197958946228027,"[1.3069349527359009, 2.3151936531066895, 2.103519916534424, 1.0702173709869385, 2.5197958946228027]","[0.7034036933245066, 0.4611402196612694, 0.4153962703962704, 0.6366153846153846, 0.5720000000000001]",1.401439900000696
2,dtr,ambient_random_00,1.0,1.6171751022338867,0.8072619626096863,4.0767409449726834e-05,1.875319242477417,0.6142387242214616,0.4833640226039682,2.497804880142212,2.497804880142212,"[0.8316443562507629, 1.8808648586273193, 1.1843111515045166, 0.6184005737304688, 2.497804880142212]","[0.8388537053518256, 0.5771718871310628, 0.7541724941724941, 0.8128205128205128, 0.565]",1.4258257000037702
3,dtr,ambient_random_00,1.0,1.727905511856079,0.7616780932202845,0.00031702371252846325,2.3146700859069824,0.5243341408365205,0.64428448906614,3.14302396774292,3.14302396774292,"[1.1703823804855347, 2.2227907180786133, 2.1379055976867676, 0.9077703356742859, 3.14302396774292]","[0.7541514076298153, 0.46208239973977117, 0.49364801864801866, 0.8135384615384617, 0.516]",1.3834328000084497
4,dtr,ambient_random_00,1.0,1.8363206386566162,0.8102390278615029,6.40266007693952e-05,1.9132778644561768,0.611482862863333,0.6259926901624056,2.911790370941162,2.911790370941162,"[0.6199245452880859, 1.5636136531829834, 1.4090675115585327, 0.9071005582809448, 2.911790370941162]","[0.8817934213011476, 0.5709281958244956, 0.5941491841491842, 0.7622564102564102, 0.5763333333333333]",1.4047724999982165
5,dtr,ambient_random_00,1.0,1.393552303314209,0.8065693437953744,0.0002085532218892388,2.1114296913146973,0.5630296882353848,0.5811528764002276,3.0210249423980713,3.0210249423980713,"[0.9159472584724426, 1.8183104991912842, 1.8810691833496094, 0.9912055730819702, 3.0210249423980713]","[0.8189940221346351, 0.5053533065561497, 0.48412587412587416, 0.748923076923077, 0.5383333333333333]",1.459866700010025
6,dtr,ambient_random_00,1.0,1.5204113721847534,0.8062335480413869,5.574295212947783e-05,1.8497263193130493,0.6236922978515326,0.7077161400729679,2.9169745445251465,2.9169745445251465,"[0.6406535506248474, 1.4833400249481201, 1.1492908000946045, 0.6269245743751526, 2.9169745445251465]","[0.8838960141849294, 0.6061634389848345, 0.6913869463869464, 0.8102564102564103, 0.547]",1.368206300001475
7,dtr,ambient_random_00,1.0,1.5311918258666992,0.7968171872947073,2.150807324643611e-05,2.0621118545532227,0.5847137966061794,0.4849231445368446,2.7795002460479736,2.7795002460479736,"[0.8334220051765442, 1.9059921503067017, 1.4446830749511719, 1.0272738933563232, 2.7795002460479736]","[0.8234587041584284, 0.541910324381802, 0.5986713286713287, 0.7543589743589745, 0.5603333333333333]",1.363883199999691
8,dtr,ambient_random_00,1.0,1.433284044265747,0.8181912167748916,0.0002942457143600586,2.7940673828125,0.5883054107971882,1.4518606994419918,4.370755672454834,4.370755672454834,"[0.9824975728988647, 2.171752691268921, 2.2371938228607178, 1.168697476387024, 4.370755672454834]","[0.8002101308105528, 0.5595153446640977, 0.6021328671328672, 0.7462564102564102, 0.5359999999999999]",1.4095609999931185
9,dtr,ambient_random_00,1.0,1.1981638669967651,0.8243460673808958,0.00027657944877697115,2.0275588035583496,0.6141058254513324,0.6764319095821463,3.0408506393432617,3.0408506393432617,"[0.5635570883750916, 1.6186835765838623, 1.9412987232208252, 1.219767689704895, 3.0408506393432617]","[0.8710424805495325, 0.57606582500787, 0.5605944055944055, 0.7413333333333333, 0.5813333333333334]",1.4096874999959255
0,dtr,ambient_random_01,1.0,1.7526321411132812,0.7771187419607511,1.3778378531612731e-05,1.8921772241592407,0.5863325546082526,0.5481189629560452,2.6184918880462646,2.6184918880462646,"[0.7194393873214722, 1.7808269262313843, 1.2086782455444336, 0.6179041266441345, 2.6184918880462646]","[0.8562126083628193, 0.5284899300082839, 0.6012587412587412, 0.8048205128205128, 0.5613333333333334]",1.3900027000054251
1,dtr,ambient_random_01,1.0,1.989905595779419,0.7941404272159207,1.9596259870447616e-05,2.0778517723083496,0.5115802736485717,0.26611987525527414,2.3745222091674805,2.3745222091674805,"[1.3223124742507935, 2.250274181365967, 2.052948474884033, 1.0878524780273438, 2.3745222091674805]","[0.6920844011707763, 0.4474758207892885, 0.4181934731934732, 0.6552820512820513, 0.5563333333333332]",1.3540501999959815
2,dtr,ambient_random_01,1.0,1.642076849937439,0.8000227586431796,3.19260502149784e-05,1.7952276468276978,0.639039909535562,0.43778109279725097,2.3073019981384277,2.3073019981384277,"[0.88861483335495, 1.9038677215576172, 1.0662822723388672, 0.5296795964241028, 2.3073019981384277]","[0.8415286421062014, 0.6061707529214744, 0.7585664335664336, 0.8928205128205129, 0.5720000000000001]",1.370126200010418
3,dtr,ambient_random_01,1.0,1.8131736516952515,0.7490540481738368,9.930518708755205e-05,2.409229278564453,0.46891630758224834,0.675057785134445,3.1730740070343018,3.1730740070343018,"[1.2233707904815674, 2.371823787689209, 2.474061965942383, 0.9788112640380859, 3.1730740070343018]","[0.6340058989155196, 0.40024908179108964, 0.3391841491841492, 0.842871794871795, 0.513]",1.3670463000016753
4,dtr,ambient_random_01,1.0,1.797992467880249,0.804173596021648,1.8832032806374162e-05,1.9070701599121094,0.607638177888968,0.6697514396838505,2.955082893371582,2.955082893371582,"[0.6021400690078735, 1.521414041519165, 1.3722772598266602, 0.8549375534057617, 2.955082893371582]","[0.8820053101943172, 0.5688418598353369, 0.5822144522144522, 0.7649230769230769, 0.5650000000000001]",1.3604941000085091
5,dtr,ambient_random_01,1.0,1.7078139781951904,0.8032599551810528,7.517484817730546e-05,2.1953415870666504,0.5236537249229094,0.4952142571942749,2.9283223152160645,2.9283223152160645,"[1.0608062744140625, 2.017469644546509, 1.9449882507324219, 1.033002257347107, 2.9283223152160645]","[0.7269853366117263, 0.4811195098867775, 0.4315850815850816, 0.7515897435897436, 0.5413333333333333]",1.3435273000068264
6,dtr,ambient_random_01,1.0,1.4304029941558838,0.8135283276600178,3.0406680793612582e-05,1.7789802551269531,0.6350230452939531,0.6988558353972328,2.85676908493042,2.85676908493042,"[0.6001208424568176, 1.362449288368225, 1.0836455821990967, 0.5717577338218689, 2.85676908493042]","[0.8903889366959717, 0.627488791234189, 0.7049067599067599, 0.8474871794871796, 0.5473333333333333]",1.3840956999920309
7,dtr,ambient_random_01,1.0,1.3464405536651611,0.8004989617092461,1.2937829965809858e-05,1.9696182012557983,0.5829859064712112,0.4509939133616763,2.6467957496643066,2.6467957496643066,"[0.820952296257019, 1.8231319189071655, 1.3530336618423462, 0.905691921710968, 2.6467957496643066]","[0.8343020573787632, 0.5353501947663072, 0.6042657342657343, 0.756923076923077, 0.5616666666666666]",1.3372205999912694
8,dtr,ambient_random_01,1.0,1.6086609363555908,0.8088233594588754,9.855479500237316e-05,2.414747714996338,0.5790401911998398,0.8407381896904006,3.438953399658203,3.438953399658203,"[0.8468090295791626, 2.1178998947143555, 2.085090160369873, 1.0963752269744873, 3.438953399658203]","[0.7760265451368104, 0.5368687227054271, 0.608997668997669, 0.7462564102564102, 0.554]",1.3110021999891615
9,dtr,ambient_random_01,1.0,1.1259958744049072,0.8256733729866823,0.0001226538780754731,2.057319402694702,0.6152236977356698,0.7562812441496197,3.1614723205566406,3.1614723205566406,"[0.5644299387931824, 1.591247320175171, 1.868635892868042, 1.1322476863861084, 3.1614723205566406]","[0.8839983018260114, 0.5769232392660496, 0.5772494172494171, 0.743897435897436, 0.5780000000000001]",1.3511505000060424
0,dtr,ambient_random_02,1.0,1.7462561130523682,0.7759129223466598,4.6129268498271093e-05,1.8848110437393188,0.5877120854586236,0.5458792883256323,2.6118955612182617,2.6118955612182617,"[0.7217995524406433, 1.7761199474334717, 1.2157890796661377, 0.6086631417274475, 2.6118955612182617]","[0.8673766058978266, 0.5263753326676209, 0.602004662004662, 0.820923076923077, 0.5523333333333332]",1.4780154000036418
1,dtr,ambient_random_02,1.0,1.9139556884765625,0.7959398555157919,0.0001329869116223398,2.2117605209350586,0.5173555065128925,0.35124821392902505,2.59926438331604,2.59926438331604,"[1.328301191329956, 2.353518486022949, 2.159120798110962, 1.0828619003295898, 2.59926438331604]","[0.6894621793186498, 0.4580091392721245, 0.40280885780885783, 0.6315897435897436, 0.5663333333333332]",1.4388507999974536
2,dtr,ambient_random_02,1.0,1.650450348854065,0.8046724033724246,4.405406190641991e-05,1.866816759109497,0.6287543273053469,0.48183999732743243,2.488419771194458,2.488419771194458,"[0.8443031311035156, 1.8847181797027588, 1.1621192693710327, 0.6099199056625366, 2.488419771194458]","[0.8401147653099613, 0.6008156669585496, 0.7560372960372961, 0.8634871794871796, 0.5653333333333334]",1.3475941000069724
3,dtr,ambient_random_02,1.0,1.7644942998886108,0.7691503685965495,0.00043502344209470865,2.317539691925049,0.5240287020061477,0.7093813142306795,3.2384963035583496,3.2384963035583496,"[1.1299504041671753, 2.1553292274475098, 2.2453761100769043, 0.9079548716545105, 3.2384963035583496]","[0.7525778725190134, 0.46063530755730453, 0.46891608391608386, 0.8322051282051282, 0.5139999999999999]",1.3392280999978539
4,dtr,ambient_random_02,1.0,1.8847911357879639,0.8122932061846342,3.010541470836342e-05,1.9318392276763916,0.6036956641248674,0.6763293875937995,2.984785795211792,2.984785795211792,"[0.5809766054153442, 1.5340944528579712, 1.4856140613555908, 0.924582839012146, 2.984785795211792]","[0.889492051086305, 0.5718458548012032, 0.5197435897435897, 0.756923076923077, 0.5556666666666666]",1.441333199996734
5,dtr,ambient_random_02,1.0,1.3175556659698486,0.8097087123106942,0.00033605209486597357,2.340430736541748,0.5455438658349392,0.6742132119992187,3.2830309867858887,3.2830309867858887,"[0.9633902311325073, 2.043851613998413, 2.116651773452759, 1.1823536157608032, 3.2830309867858887]","[0.7771189129641287, 0.4843152492060815, 0.5912587412587412, 0.7462564102564102, 0.5276666666666666]",1.3726651999895694
6,dtr,ambient_random_02,1.0,0.9681953191757202,0.8245954857436931,7.419726704036502e-05,1.7081820964813232,0.6309167705003839,0.7133286507526458,2.8436717987060547,2.8436717987060547,"[0.516579806804657, 1.249845266342163, 1.1375921964645386, 0.559374213218689, 2.8436717987060547]","[0.8883268612881323, 0.6378251746733608, 0.6516317016317016, 0.7913846153846154, 0.5446666666666667]",1.411543599999277
7,dtr,ambient_random_02,1.0,1.3944385051727295,0.8106817991688142,5.8811486587541584e-05,2.034078359603882,0.5644160343100848,0.481366553497636,2.763486862182617,2.763486862182617,"[0.8350163698196411, 1.8502117395401, 1.5265655517578125, 0.9670724868774414, 2.763486862182617]","[0.7808549107051531, 0.5229806428068153, 0.6070629370629371, 0.7515897435897436, 0.5556666666666666]",1.4136030999943614
8,dtr,ambient_random_02,1.0,1.4379663467407227,0.8271461897737286,0.0005162725753990221,2.3135039806365967,0.5912931996270239,0.8279537450615327,3.3706588745117188,3.3706588745117188,"[0.8078745603561401, 1.9564510583877563, 1.9225202798843384, 0.9940655827522278, 3.3706588745117188]","[0.788842612735788, 0.5627964609113156, 0.608997668997669, 0.7462564102564102, 0.5543333333333333]",1.4705763000092702
9,dtr,ambient_random_02,1.0,1.1200299263000488,0.8259553519278864,0.000215447360243449,1.9245961904525757,0.6128974869417501,0.6466834175618226,2.9291863441467285,2.9291863441467285,"[0.5336184501647949, 1.5075181722640991, 1.8531423807144165, 1.0917532444000244, 2.9291863441467285]","[0.8862255928497603, 0.5746239320487544, 0.561060606060606, 0.7413333333333333, 0.5816666666666667]",1.5848440999980085
0,dtr,ambient_random_03,1.0,1.6036949157714844,0.7869748981544978,3.660429525859807e-05,1.965425729751587,0.596376020610841,0.5990992166366391,2.785539150238037,2.785539150238037,"[0.7130352258682251, 1.7533466815948486, 1.2372334003448486, 0.720790684223175, 2.785539150238037]","[0.8815670272312056, 0.5473107892635757, 0.6162004662004662, 0.7595897435897436, 0.5523333333333333]",1.4332480000011856
1,dtr,ambient_random_03,1.0,2.1452183723449707,0.7986632065629942,0.0003203058561670437,2.2528879642486572,0.5298422987022062,0.3517605907725362,2.5910749435424805,2.5910749435424805,"[1.3652821779251099, 2.421266555786133, 1.9620018005371094, 1.05020010471344, 2.5910749435424805]","[0.6918092084466497, 0.46756109512902144, 0.4217948717948718, 0.6127179487179487, 0.585]",1.3780223999929149
2,dtr,ambient_random_03,1.0,1.61115300655365,0.8039022130911876,2.130930582176388e-05,1.9045391082763672,0.6115125001131877,0.45070453760533746,2.463524103164673,2.463524103164673,"[0.8680264353752136, 1.9558120965957642, 1.2502117156982422, 0.6805585026741028, 2.463524103164673]","[0.8348933093122216, 0.5722912680842327, 0.7214102564102565, 0.8394871794871795, 0.5653333333333335]",1.3642816999927163
3,dtr,ambient_random_03,1.0,1.8764721155166626,0.7645971530122189,0.0008570114112317317,2.4886927604675293,0.5134878588361674,0.7623735570460928,3.4066848754882812,3.4066848754882812,"[1.2028154134750366, 2.353355646133423, 2.283132553100586, 0.9977716207504272, 3.4066848754882812]","[0.7427402276013064, 0.4430502481843829, 0.4558508158508158, 0.8242051282051281, 0.5130000000000001]",1.3646148999978323
4,dtr,ambient_random_03,1.0,2.0738980770111084,0.8089734187510611,6.549391194166224e-05,2.0247421264648438,0.5961002951475934,0.6311278182536393,2.9676692485809326,2.9676692485809326,"[0.6707549095153809, 1.7242377996444702, 1.5147985219955444, 0.9644468426704407, 2.9676692485809326]","[0.8836105290819646, 0.5437754570014451, 0.4432867132867133, 0.7622564102564102, 0.5609999999999999]",1.5707318000058876
5,dtr,ambient_random_03,1.0,1.3662912845611572,0.8081950328877883,5.5375775329983285e-05,2.1303791999816895,0.5741533707266071,0.6306196290347856,3.091897487640381,3.091897487640381,"[0.8732156753540039, 1.8462493419647217, 1.7226638793945312, 0.9856317639350891, 3.091897487640381]","[0.8184180918929898, 0.5300250834061099, 0.5996503496503497, 0.748923076923077, 0.5296666666666666]",1.3571747000096366
6,dtr,ambient_random_03,1.0,1.0256364345550537,0.8228086773660751,0.00013958490472823503,1.6925327777862549,0.6227170314892126,0.6126677826679895,2.7112927436828613,2.7112927436828613,"[0.5594016313552856, 1.2927968502044678, 1.12129807472229, 0.5921356081962585, 2.7112927436828613]","[0.8864280092735635, 0.6205674967459179, 0.6231934731934732, 0.8048205128205128, 0.5463333333333333]",1.4858250000106636
7,dtr,ambient_random_03,1.0,1.5804539918899536,0.7962260317414933,3.141694205885929e-05,2.093590259552002,0.5761382042727311,0.46240138024563693,2.7286343574523926,2.7286343574523926,"[0.8908694386482239, 1.9984298944473267, 1.4819166660308838, 0.9962755441665649, 2.7286343574523926]","[0.8164792124349368, 0.5272170233325686, 0.5986713286713287, 0.7515897435897436, 0.5563333333333333]",1.3587698000046657
8,dtr,ambient_random_03,1.0,1.4820302724838257,0.8152106007249357,0.0006823291841112538,2.3664350509643555,0.5866535869820741,0.7532612753231042,3.328444242477417,3.328444242477417,"[0.8522070050239563, 2.073162794113159, 2.0444750785827637, 1.1398084163665771, 3.328444242477417]","[0.7797647788823638, 0.5526495332320003, 0.6042074592074592, 0.7462564102564102, 0.561]",1.3725283999956446
9,dtr,ambient_random_03,1.0,1.1259928941726685,0.8295035335194438,0.0004080655743126516,2.070420026779175,0.6247239537605365,0.711816784962935,3.1068549156188965,3.1068549156188965,"[0.5807506442070007, 1.61043381690979, 2.062422275543213, 1.2631824016571045, 3.1068549156188965]","[0.8793431670518336, 0.6005728613164371, 0.566060606060606, 0.7361025641025641, 0.5916666666666667]",1.3676751000020886
0,dtr,ambient_random_04,1.0,1.6025224924087524,0.786768797355593,2.5642917916914563e-05,2.1019654273986816,0.5915307840331115,0.6571180322557575,2.95381760597229,2.95381760597229,"[0.7422221899032593, 1.8685500621795654, 1.4272055625915527, 0.8108231425285339, 2.95381760597229]","[0.8487190482124699, 0.544763735474688, 0.6098018648018648, 0.7515897435897436, 0.5549999999999999]",1.3531801999924937
1,dtr,ambient_random_04,1.0,1.9596788883209229,0.7985908975740301,0.0004168526871214188,2.2355754375457764,0.505588610470182,0.34103978075214625,2.652250289916992,2.652250289916992,"[1.3359215259552002, 2.3500094413757324, 2.141606092453003, 1.1492780447006226, 2.652250289916992]","[0.681394551698024, 0.44545073118355366, 0.41259906759906767, 0.6075897435897436, 0.557]",1.4173048999946332
2,dtr,ambient_random_04,1.0,1.5757904052734375,0.8047699338506991,0.00018500540704454905,1.7755988836288452,0.6169759665355768,0.4171488963926242,2.2976715564727783,2.2976715564727783,"[0.8475219011306763, 1.8544209003448486, 1.062150239944458, 0.5751193761825562, 2.2976715564727783]","[0.8392774831381645, 0.5750589511635614, 0.7506410256410257, 0.866153846153846, 0.5663333333333334]",1.4062388000020292
3,dtr,ambient_random_04,1.0,2.0606906414031982,0.7527989479066726,0.0013535107512778215,2.6158764362335205,0.47707787036858634,0.7895155448966512,3.438318967819214,3.438318967819214,"[1.2524917125701904, 2.586148738861084, 2.439445972442627, 1.0507525205612183, 3.438318967819214]","[0.6703527576960845, 0.3996442388833771, 0.4139160839160839, 0.8028717948717949, 0.521]",1.4761454999970738
4,dtr,ambient_random_04,1.0,1.9141685962677002,0.8063654658949385,0.00020292088573361621,2.0457139015197754,0.5990662581840883,0.6703459219584624,3.0338730812072754,3.0338730812072754,"[0.6565446853637695, 1.716090440750122, 1.5363309383392334, 0.9759668111801147, 3.0338730812072754]","[0.8764884939212502, 0.552693975151784, 0.5822144522144522, 0.7595897435897436, 0.5646666666666667]",1.3578436999960104
5,dtr,ambient_random_04,1.0,1.6208196878433228,0.8072855054617797,0.0004032157445824686,2.2808074951171875,0.5595075925843622,0.6167190545313929,3.1593194007873535,3.1593194007873535,"[0.9562829732894897, 2.04667067527771, 1.889897346496582, 1.1209886074066162, 3.1593194007873535]","[0.8157887881769466, 0.49417402444283065, 0.5915850815850815, 0.748923076923077, 0.5353333333333333]",1.431176800004323
6,dtr,ambient_random_04,1.0,1.5026214122772217,0.8125192623271014,0.00027066868549757044,1.8157126903533936,0.6252618820548517,0.6552957609883492,2.8214895725250244,2.8214895725250244,"[0.633766233921051, 1.4618523120880127, 1.1192877292633057, 0.6190727949142456, 2.8214895725250244]","[0.8838369421298639, 0.6052889162048989, 0.6867249417249417, 0.810153846153846, 0.554]",1.5009242000087397
7,dtr,ambient_random_04,1.0,1.323596715927124,0.801708995167564,4.7244222589419705e-05,2.017972469329834,0.5799052982796581,0.42383235111265327,2.664029598236084,2.664029598236084,"[0.855982780456543, 1.8660809993743896, 1.4809967279434204, 1.0069983005523682, 2.664029598236084]","[0.8155584588809823, 0.5344968630481656, 0.6014685314685315, 0.7515897435897436, 0.5626666666666666]",1.386857899997267
8,dtr,ambient_random_04,1.0,1.5842273235321045,0.8151565885929799,0.0006757076185794524,2.422083854675293,0.5952020381098306,0.847144278647122,3.473153591156006,3.473153591156006,"[0.8345521688461304, 2.0857999324798584, 2.1257081031799316, 1.160588026046753, 3.473153591156006]","[0.7967672573403265, 0.5635662060130799, 0.6048018648018648, 0.7462564102564102, 0.5593333333333333]",1.4899520000035409
9,dtr,ambient_random_04,1.0,1.0760142803192139,0.8262448015581109,0.0006882525796507612,2.1404638290405273,0.604765501244051,0.7662383263946821,3.215557098388672,3.215557098388672,"[0.6018213033676147, 1.7117435932159424, 1.9223315715789795, 1.1693122386932373, 3.215557098388672]","[0.8774669872159512, 0.552390427748547, 0.5814452214452215, 0.743897435897436, 0.5793333333333334]",1.3764198999997461
0,dtr,ambient_random_05,1.0,1.6505310535430908,0.7766779303520595,2.763209023240785e-05,2.0211572647094727,0.5890377548753282,0.5924364630918186,2.782620668411255,2.782620668411255,"[0.7397939562797546, 1.862143874168396, 1.3182941675186157, 0.7413092255592346, 2.782620668411255]","[0.8618520856541452, 0.5400719018845493, 0.6203962703962704, 0.7595897435897436, 0.55]",1.3642631000111578
1,dtr,ambient_random_05,1.0,2.1451539993286133,0.7998819418481505,0.00028640720533368026,2.0928587913513184,0.5140664432752089,0.28029191456480473,2.331068515777588,2.3426597118377686,"[1.2834227085113525, 2.3426597118377686, 1.9928677082061768, 1.0781586170196533, 2.331068515777588]","[0.6891179790387923, 0.444541857547363, 0.4181934731934732, 0.647076923076923, 0.568]",1.3543174999940675
2,dtr,ambient_random_05,1.0,1.6491508483886719,0.8079364816816291,5.379142795417289e-05,1.8290916681289673,0.6106381363946742,0.3989646752653718,2.3059303760528564,2.3059303760528564,"[0.8419559597969055, 1.9241129159927368, 1.2436294555664062, 0.6491320729255676, 2.3059303760528564]","[0.8348342372571562, 0.5714019444803109, 0.7349300699300699, 0.8156923076923077, 0.568]",1.4071382999973139
3,dtr,ambient_random_05,1.0,2.038365125656128,0.7555426788168653,0.00042100814880167016,2.2752861976623535,0.5049691759923765,0.569063677125215,2.981400966644287,2.981400966644287,"[1.223490595817566, 2.2681384086608887, 2.1745781898498535, 0.8961626291275024, 2.981400966644287]","[0.6654671604716567, 0.46539567779881186, 0.44043123543123536, 0.842871794871795, 0.518]",1.3896185999910813
4,dtr,ambient_random_05,1.0,1.9638187885284424,0.7956380014331492,6.699862932104142e-05,1.9547302722930908,0.5955627985195486,0.6724982464228311,2.980435848236084,2.980435848236084,"[0.6390286684036255, 1.6042321920394897, 1.4472583532333374, 0.8550053834915161, 2.980435848236084]","[0.8865217540566022, 0.5564719883484616, 0.466083916083916, 0.7649230769230769, 0.5436666666666667]",1.3774115999985952
5,dtr,ambient_random_05,1.0,1.5750586986541748,0.804880279570399,0.00014822598002513742,2.155611276626587,0.5409935928767637,0.5573535661606286,2.9977526664733887,2.9977526664733887,"[0.9703654050827026, 1.9392821788787842, 1.8021987676620483, 0.9857381582260132, 2.9977526664733887]","[0.7622144646569963, 0.49231391415104964, 0.5501864801864802, 0.7515897435897436, 0.5316666666666666]",1.3753620999923442
6,dtr,ambient_random_05,1.0,1.4298880100250244,0.7975283276600178,0.0002799186387976992,1.8430023193359375,0.613403768767266,0.6428424976412777,2.8236207962036133,2.8236207962036133,"[0.6326131820678711, 1.4937565326690674, 1.1679980754852295, 0.6612398028373718, 2.8236207962036133]","[0.884751695409175, 0.5959426258389257, 0.6303146853146854, 0.7779487179487179, 0.5446666666666666]",1.444534800000838
7,dtr,ambient_random_05,1.0,1.50148606300354,0.8075717655573917,4.498060953653889e-05,2.002411365509033,0.5848010222325687,0.44539432618219565,2.6654088497161865,2.6654088497161865,"[0.8148757815361023, 1.8545230627059937, 1.4140794277191162, 0.9743598699569702, 2.6654088497161865]","[0.8331033906182188, 0.541349222462034, 0.5908741258741259, 0.756923076923077, 0.5596666666666666]",1.475095900008455
8,dtr,ambient_random_05,1.0,1.4252569675445557,0.8201584918776297,0.0005362098921596268,2.301274538040161,0.5843907320687858,0.7189563281714418,3.2347583770751953,3.2347583770751953,"[0.8811882138252258, 2.0335311889648438, 1.9444767236709595, 1.0132824182510376, 3.2347583770751953]","[0.7909794801190246, 0.551707913646313, 0.5992074592074592, 0.7462564102564102, 0.5429999999999999]",1.3855871999985538
9,dtr,ambient_random_05,1.0,0.9183881878852844,0.8236333763105058,0.00039375767709664357,1.9438867568969727,0.6201829990356726,0.6212582719345766,2.890554189682007,2.890554189682007,"[0.5394145250320435, 1.5522327423095703, 1.907019019126892, 1.13153076171875, 2.890554189682007]","[0.8877717396823425, 0.584554768176966, 0.561060606060606, 0.743897435897436, 0.5890000000000001]",1.4272250999929383
0,dtr,ambient_random_06,1.0,1.7759840488433838,0.7842942236480837,4.929874989169615e-05,2.042814016342163,0.5883462655445965,0.5788719610921567,2.73223614692688,2.73223614692688,"[0.7590523958206177, 1.9730408191680908, 1.4283030033111572, 0.7248842120170593, 2.73223614692688]","[0.8540360174920003, 0.5258523016770306, 0.6006060606060606, 0.748923076923077, 0.557]",1.4598002999991877
1,dtr,ambient_random_06,1.0,2.2846407890319824,0.8018638111823174,4.210453212199878e-05,2.3884494304656982,0.5068821363581961,0.37919234456855067,2.5971672534942627,2.6704721450805664,"[1.4456250667572021, 2.6704721450805664, 2.4536519050598145, 1.2210330963134766, 2.5971672534942627]","[0.6872255445053428, 0.43849045007601595, 0.3816200466200466, 0.6051282051282051, 0.5660000000000001]",1.4011291999922832
2,dtr,ambient_random_06,1.0,1.6379905939102173,0.8073993235729621,1.0226586107317926e-05,1.9395198822021484,0.5992822774399914,0.45787924820413883,2.529458522796631,2.529458522796631,"[0.8735069036483765, 1.9491071701049805, 1.428835153579712, 0.7060288190841675, 2.529458522796631]","[0.8312038742208525, 0.5550188958419315, 0.7126806526806526, 0.7947692307692307, 0.5609999999999999]",1.482578300012392
3,dtr,ambient_random_06,1.0,1.7128689289093018,0.7568667110181286,8.990409508071564e-05,2.522003650665283,0.4663327222283956,0.6880004562752641,3.2807483673095703,3.2807483673095703,"[1.372388482093811, 2.5187950134277344, 2.5082106590270996, 1.0128740072250366, 3.2807483673095703]","[0.6334565275017449, 0.40487186985291534, 0.2505827505827506, 0.826871794871795, 0.5106666666666666]",1.376073000006727
4,dtr,ambient_random_06,1.0,1.7968332767486572,0.8080147963967651,3.630706059282699e-05,1.9853042364120483,0.5989213981518974,0.7000703331152898,3.048391819000244,3.048391819000244,"[0.6062504053115845, 1.5722185373306274, 1.5648524761199951, 0.9468231201171875, 3.048391819000244]","[0.8855907271017666, 0.5625504051021106, 0.5751631701631702, 0.7544615384615385, 0.5520000000000002]",1.3801371000008658
5,dtr,ambient_random_06,1.0,1.62478768825531,0.8060340779982923,6.869574625489642e-05,2.2296509742736816,0.5414580237097131,0.5910811121568121,3.08939528465271,3.08939528465271,"[0.9899692535400391, 2.0085649490356445, 1.9440996646881104, 1.0426578521728516, 3.08939528465271]","[0.7797263176603797, 0.4816277231778166, 0.5498601398601399, 0.748923076923077, 0.5323333333333333]",1.3917872000019997
6,dtr,ambient_random_06,1.0,1.635758638381958,0.8156475579574604,5.591606410841147e-05,2.0628833770751953,0.6059348713340116,0.8842468174502904,3.218510866165161,3.218510866165161,"[0.6717821359634399, 1.6389884948730469, 1.297869086265564, 0.6503316164016724, 3.218510866165161]","[0.8777983525335704, 0.5787121593311148, 0.6317132867132866, 0.7703589743589744, 0.5456666666666667]",1.393440500003635
7,dtr,ambient_random_06,1.0,1.5508689880371094,0.797748611978197,2.5273420955265254e-05,2.0999903678894043,0.5658522094857689,0.4743877380527863,2.7417876720428467,2.7417876720428467,"[0.895818829536438, 2.029218912124634, 1.4613807201385498, 0.9902850389480591, 2.7417876720428467]","[0.8039091527019089, 0.5116040238540689, 0.5916783216783217, 0.743897435897436, 0.5506666666666666]",1.3557999000040581
8,dtr,ambient_random_06,1.0,1.2861998081207275,0.8258840311086393,5.886331967120308e-05,2.362017869949341,0.5733693401211698,0.9441803644277831,3.5767059326171875,3.5767059326171875,"[0.8680194020271301, 1.9557340145111084, 1.8878971338272095, 0.976768970489502, 3.5767059326171875]","[0.7714407558185788, 0.5444148865227774, 0.5964102564102565, 0.7462564102564102, 0.5323333333333333]",1.4640299000020605
9,dtr,ambient_random_06,1.0,1.2691010236740112,0.8277058989738382,9.353375043183443e-05,2.202399492263794,0.5922627817388737,0.7267372721281816,3.1786861419677734,3.1786861419677734,"[0.640453040599823, 1.8274242877960205, 2.141324520111084, 1.278475284576416, 3.1786861419677734]","[0.8546176594816215, 0.5275499034711719, 0.561060606060606, 0.7335384615384616, 0.5886666666666668]",1.415676499993424
0,dtr,ambient_random_07,1.0,1.7165120840072632,0.779590996007939,1.2625138650920411e-05,2.0159828662872314,0.5905246914790512,0.6115810842570488,2.819749355316162,2.819749355316162,"[0.7331390380859375, 1.8602319955825806, 1.273970365524292, 0.7598665356636047, 2.819749355316162]","[0.8722577096665614, 0.5307253277206729, 0.5852797202797203, 0.7809230769230769, 0.5596666666666668]",1.3742663000011817
1,dtr,ambient_random_07,1.0,2.18672513961792,0.8028113936942576,9.43680267029829e-05,2.441653251647949,0.5081230457041257,0.3926755278423434,2.7530014514923096,2.7530014514923096,"[1.4704234600067139, 2.6419677734375, 2.411611795425415, 1.2340936660766602, 2.7530014514923096]","[0.6882156435152438, 0.4440767275977774, 0.3858158508158508, 0.6102564102564103, 0.5626666666666666]",1.3686411999951815
2,dtr,ambient_random_07,1.0,1.7388490438461304,0.8042347666109366,3.709756566111934e-05,1.9790418148040771,0.5986666925577409,0.4780353970700267,2.5404722690582275,2.5404722690582275,"[0.8846405148506165, 2.040550947189331, 1.307443380355835, 0.7256266474723816, 2.5404722690582275]","[0.8347751652020907, 0.5471867274028741, 0.7181468531468531, 0.8075897435897434, 0.5656666666666668]",1.3758047000010265
3,dtr,ambient_random_07,1.0,1.946083664894104,0.7888704726613278,9.063868055219759e-05,2.2682125568389893,0.5142122279157382,0.6143240312139733,3.1372687816619873,3.1372687816619873,"[1.1693215370178223, 2.1486971378326416, 2.0676400661468506, 0.9423030614852905, 3.1372687816619873]","[0.6971815472196496, 0.4698897121042186, 0.48144522144522145, 0.8242051282051281, 0.5196666666666666]",1.4772216999990633
4,dtr,ambient_random_07,1.0,1.767012596130371,0.8161485882067059,2.927030436694622e-05,1.954779028892517,0.59863401840235,0.6896713566458084,3.0242462158203125,3.0242462158203125,"[0.5539045333862305, 1.5266106128692627, 1.6083805561065674, 1.021949052810669, 3.0242462158203125]","[0.8830436764755983, 0.5560579084729274, 0.44221445221445216, 0.7542564102564102, 0.5636666666666666]",1.3298766999942018
5,dtr,ambient_random_07,1.0,1.4013488292694092,0.8148953835486819,9.754607300638172e-05,2.4156594276428223,0.5596538009502687,0.8062621540435678,3.5400643348693848,3.5400643348693848,"[0.942347526550293, 2.0371766090393066, 2.0184788703918457, 1.260203242301941, 3.5400643348693848]","[0.8028703422129932, 0.5017520906459441, 0.6112587412587412, 0.748923076923077, 0.5283333333333333]",1.359298099996522
6,dtr,ambient_random_07,1.0,1.570487380027771,0.8138682202688632,2.431194393784421e-05,1.837733268737793,0.6250542966811042,0.6648900551140935,2.877412796020508,2.877412796020508,"[0.6349444389343262, 1.4592205286026, 1.2375457286834717, 0.6724718809127808, 2.877412796020508]","[0.8819158161651274, 0.6055222777039793, 0.6803263403263403, 0.828923076923077, 0.5476666666666665]",1.377597800004878
7,dtr,ambient_random_07,1.0,1.543516755104065,0.8040092033319205,1.4587760368293082e-05,2.082707405090332,0.5847152212433051,0.5219155668165707,2.8551814556121826,2.8551814556121826,"[0.845840334892273, 1.8795859813690186, 1.4717161655426025, 0.99083012342453, 2.8551814556121826]","[0.8264907300029254, 0.5446918497029664, 0.5916783216783217, 0.756923076923077, 0.5616666666666668]",1.3528567000030307
8,dtr,ambient_random_07,1.0,1.6670989990234375,0.7994709125659021,0.0003046344375475444,2.8899006843566895,0.5531722490520963,1.3606156686877284,4.3419904708862305,4.3419904708862305,"[0.9501800537109375, 2.353177309036255, 2.5508110523223877, 1.434539556503296, 4.3419904708862305]","[0.787915438306283, 0.4970178515733844, 0.5705594405594405, 0.7436923076923077, 0.5116666666666666]",1.5528928999992786
9,dtr,ambient_random_07,1.0,1.1910698413848877,0.8189531637440789,9.438883007308583e-05,2.0957529544830322,0.5980844267767264,0.7093043107280176,3.123781204223633,3.123781204223633,"[0.6060479283332825, 1.7234981060028076, 1.930181860923767, 1.1804616451263428, 3.123781204223633]","[0.8677393607568072, 0.537384013532182, 0.5607925407925408, 0.743897435897436, 0.5806666666666667]",1.3691203000053065
0,dtr,ambient_random_08,1.0,1.7512733936309814,0.7745511638508814,6.171991716142851e-06,1.9794785976409912,0.5843112324020189,0.5647786932616123,2.6796820163726807,2.6796820163726807,"[0.7581487894058228, 1.8965027332305908, 1.317924976348877, 0.6643810272216797, 2.6796820163726807]","[0.8672244076176963, 0.5200441248117078, 0.5964685314685314, 0.7782564102564102, 0.5516666666666665]",1.4355634999956237
1,dtr,ambient_random_08,1.0,2.162039041519165,0.798626945231328,1.9145959417178553e-05,2.384187698364258,0.5093699563095283,0.39389100272805083,2.6653428077697754,2.6653428077697754,"[1.4314603805541992, 2.604724645614624, 2.385550022125244, 1.1623605489730835, 2.6653428077697754]","[0.6872255445053428, 0.44306290271298476, 0.3816200466200466, 0.6076923076923078, 0.5700000000000001]",1.368783700003405
2,dtr,ambient_random_08,1.0,1.6748765707015991,0.8019742738145329,5.1695712623588834e-05,1.9796661138534546,0.6248826810200585,0.5333099205544763,2.6415257453918457,2.6415257453918457,"[0.9014928936958313, 1.984479546546936, 1.2866346836090088, 0.6483580470085144, 2.6415257453918457]","[0.8282926492462149, 0.6002804862046702, 0.7364568764568765, 0.8558974358974358, 0.5650000000000001]",1.3607887999969535
3,dtr,ambient_random_08,1.0,1.944706916809082,0.7628538134554386,6.356868421497904e-05,2.3723089694976807,0.488911524256446,0.653924320192308,3.140927791595459,3.140927791595459,"[1.2333112955093384, 2.368972063064575, 2.2170803546905518, 0.9043289422988892, 3.140927791595459]","[0.692629455193245, 0.41579671622336045, 0.3531118881118881, 0.8242051282051281, 0.5116666666666666]",1.3511090999963926
4,dtr,ambient_random_08,1.0,1.7913620471954346,0.8109171344419769,4.47799574292491e-05,1.9206273555755615,0.6026318069445193,0.6334921546189326,2.935072422027588,2.935072422027588,"[0.5926166772842407, 1.5533993244171143, 1.476171851158142, 0.9695213437080383, 2.935072422027588]","[0.8862507931083673, 0.5694683698840792, 0.56995337995338, 0.7622564102564102, 0.5526666666666666]",1.357946299991454
5,dtr,ambient_random_08,1.0,1.4836900234222412,0.8075893504133271,2.8162712227445816e-05,2.3538544178009033,0.5373807481458646,0.6334602691627106,3.2295451164245605,3.2295451164245605,"[1.0080254077911377, 2.104050397872925, 2.0351614952087402, 1.1621716022491455, 3.2295451164245605]","[0.7609284974413988, 0.4710540935583759, 0.5993240093240093, 0.748923076923077, 0.5336666666666666]",1.3493409999937285
6,dtr,ambient_random_08,1.0,1.603452444076538,0.7925915713160654,1.2654971634133607e-05,1.9032866954803467,0.618594153517766,0.7007953644982399,2.9047813415527344,2.9047813415527344,"[0.7006510496139526, 1.6105444431304932, 1.1228480339050293, 0.606286346912384, 2.9047813415527344]","[0.8727184869092961, 0.5923392326947998, 0.6983799533799534, 0.8342564102564103, 0.5423333333333333]",1.3545960999908857
7,dtr,ambient_random_08,1.0,1.2952568531036377,0.8086749220197053,1.744896416847475e-05,2.0136263370513916,0.5838961114901274,0.44705993433389607,2.6852259635925293,2.6852259635925293,"[0.8343110084533691, 1.8582960367202759, 1.4290001392364502, 0.9799697995185852, 2.6852259635925293]","[0.8178129389915455, 0.5389057058304365, 0.60506993006993, 0.7515897435897436, 0.563]",1.3544394000055036
8,dtr,ambient_random_08,1.0,1.5869648456573486,0.8079735210995779,0.0001512142415675852,2.505378007888794,0.580525259243716,0.8688920816458472,3.5527610778808594,3.5527610778808594,"[0.8909307718276978, 2.1922125816345215, 2.2038815021514893, 1.2092244625091553, 3.5527610778808594]","[0.7818875203393889, 0.5399468404445618, 0.600011655011655, 0.7436923076923077, 0.5519999999999999]",1.3639388000010513
9,dtr,ambient_random_08,1.0,1.1844115257263184,0.8160425548116989,4.785079001199929e-05,2.2251787185668945,0.6049725910082929,0.7841271508641251,3.3154056072235107,3.3154056072235107,"[0.6595967411994934, 1.782583475112915, 2.0486419200897217, 1.2869011163711548, 3.3154056072235107]","[0.8575452687593881, 0.5696296795968748, 0.5674592074592074, 0.7386666666666667, 0.5683333333333332]",1.3461065000010421
0,dtr,ambient_random_09,1.0,1.5796797275543213,0.7915213189109842,2.6296508027079664e-05,1.9904003143310547,0.5987406321230491,0.6782660110032532,2.9150702953338623,2.9150702953338623,"[0.7028785943984985, 1.7063134908676147, 1.2013280391693115, 0.7021541595458984, 2.9150702953338623]","[0.8651340166346996, 0.556549570076269, 0.6245920745920746, 0.7674871794871795, 0.5546666666666666]",1.357250599990948
1,dtr,ambient_random_09,1.0,2.1864418983459473,0.8006198544078508,0.00022436630885296887,2.233151912689209,0.5186160359246383,0.34668069801707935,2.6271016597747803,2.6271016597747803,"[1.3837974071502686, 2.37707257270813, 1.9926315546035767, 1.0616990327835083, 2.6271016597747803]","[0.6893333859515083, 0.4571408415258421, 0.4153962703962704, 0.6579487179487179, 0.5626666666666666]",1.370458300007158
2,dtr,ambient_random_09,1.0,1.4020483493804932,0.8168537100307555,0.0001198059128053149,1.7581226825714111,0.6424946724361836,0.5139072847953946,2.518839120864868,2.518839120864868,"[0.7551285624504089, 1.641667366027832, 1.022262692451477, 0.5296633243560791, 2.518839120864868]","[0.8438042004013304, 0.623580991057936, 0.7666317016317017, 0.8848205128205129, 0.568]",1.3538571999961277
3,dtr,ambient_random_09,1.0,1.5837534666061401,0.798320875508992,0.0003002304890396173,2.1078426837921143,0.5647362022181694,0.7067177194273876,3.1959586143493652,3.1959586143493652,"[0.9586084485054016, 1.7911624908447266, 1.8973290920257568, 0.859187126159668, 3.1959586143493652]","[0.8184854039302436, 0.5084647422620809, 0.52013986013986, 0.8322051282051282, 0.5229999999999999]",1.3446247999963816
4,dtr,ambient_random_09,1.0,1.593374490737915,0.8156295934828026,6.588604569496441e-05,1.9319381713867188,0.6231254264809433,0.7801499508030696,3.1378326416015625,3.1378326416015625,"[0.5388194918632507, 1.3540503978729248, 1.4643081426620483, 0.9785107374191284, 3.1378326416015625]","[0.8887382402966658, 0.6082860005315278, 0.5941491841491842, 0.7622564102564102, 0.5726666666666667]",1.3474390000046697
5,dtr,ambient_random_09,1.0,1.419504165649414,0.8131933706100367,3.859818646676624e-05,2.023404598236084,0.5845446555466344,0.6745176911014744,3.090567111968994,3.090567111968994,"[0.8012620806694031, 1.655618667602539, 1.5007559061050415, 0.8924856185913086, 3.090567111968994]","[0.8539846943066192, 0.5464380687725374, 0.612983682983683, 0.7541538461538462, 0.5343333333333333]",1.348547100002179
6,dtr,ambient_random_09,1.0,1.547284483909607,0.8045555236587674,4.126485667110961e-05,1.838915228843689,0.6362482959256799,0.7785250631034478,2.9979372024536133,2.9979372024536133,"[0.6093416213989258, 1.3925855159759521, 1.078639268875122, 0.6058459281921387, 2.9979372024536133]","[0.8838592160800317, 0.6282783749570695, 0.7077039627039627, 0.8528205128205129, 0.5493333333333335]",1.3556386999989627
7,dtr,ambient_random_09,1.0,1.4555308818817139,0.8104218815571261,4.745903520733731e-05,2.045210361480713,0.5934333467203576,0.5065857267016213,2.8165652751922607,2.8165652751922607,"[0.8344606161117554, 1.8303248882293701, 1.345271348953247, 1.004504919052124, 2.8165652751922607]","[0.827207211304863, 0.5617395116640986, 0.6268531468531469, 0.7515897435897436, 0.5583333333333333]",1.3518843000056222
8,dtr,ambient_random_09,1.0,1.5108463764190674,0.8234499160172936,0.00043734438226792054,2.3861289024353027,0.5811253878715479,0.9976124557062633,3.6598331928253174,3.6598331928253174,"[0.8376196622848511, 1.9561198949813843, 1.8631528615951538, 1.0266165733337402, 3.6598331928253174]","[0.785305994482523, 0.5512309894405752, 0.6062004662004663, 0.7462564102564102, 0.5356666666666667]",1.342792500014184
9,dtr,ambient_random_09,1.0,0.9983523488044739,0.8292686420778936,0.0004043921429679227,2.0632755756378174,0.6286779805089363,0.7699965543072869,3.2040228843688965,3.2040228843688965,"[0.5650164484977722, 1.5384267568588257, 1.9666392803192139, 1.249863624572754, 3.2040228843688965]","[0.8806632990650349, 0.6176453948214473, 0.566060606060606, 0.7413333333333333, 0.5806666666666667]",1.3576419000019087
0,dtr,drift_span_random_00,1.0,1.8013896942138672,0.8025084015678627,0.0004038803831294731,1.6661208868026733,0.620201219985364,0.41192592993979904,2.126983165740967,2.126983165740967,"[0.7893555760383606, 1.786849021911621, 1.0116870403289795, 0.39123469591140747, 2.126983165740967]","[0.848237172881458, 0.5811813683312149, 0.6401048951048951, 0.9052307692307693, 0.5700000000000001]",1.3468005999893649
1,dtr,drift_span_random_00,1.0,2.2538464069366455,0.7692996212703456,0.00031806615185099867,2.149629592895508,0.5202329638512708,0.39116373810582894,2.408928394317627,2.4677345752716064,"[1.3559033870697021, 2.4677345752716064, 1.6014683246612549, 0.8387883901596069, 2.408928394317627]","[0.6904834342713163, 0.46422390776700906, 0.4405710955710956, 0.8833846153846154, 0.5493333333333335]",1.336345399991842
2,dtr,drift_span_random_00,1.0,2.0217702388763428,0.7870669818552611,0.0002272015958717821,2.0573036670684814,0.628385739617933,0.5347291868037554,2.412000894546509,2.412000894546509,"[1.2663542032241821, 2.3419716358184814, 1.034590482711792, 0.5699955224990845, 2.412000894546509]","[0.8032550871242441, 0.6023735969347128, 0.7682983682983684, 0.9086153846153845, 0.5616666666666668]",1.3375074000068707
3,dtr,drift_span_random_00,1.0,2.1144022941589355,0.7956253961983053,0.0014722888576395718,1.9569194316864014,0.5821675963558393,0.6286971742639651,2.81199312210083,2.81199312210083,"[0.9033290147781372, 1.9107189178466797, 1.5122318267822266, 0.5490418672561646, 2.81199312210083]","[0.8380754952350941, 0.5296144570148573, 0.5953379953379954, 0.868923076923077, 0.525]",1.3375526000017999
4,dtr,drift_span_random_00,1.0,1.9106686115264893,0.7791227895369491,0.0003246147446181058,1.9737398624420166,0.6054203828118011,0.5223378273087695,2.598219633102417,2.598219633102417,"[1.0207116603851318, 2.0566296577453613, 1.081589937210083, 0.6680744290351868, 2.598219633102417]","[0.819086397881779, 0.569201253190903, 0.6666783216783216, 0.9033846153846155, 0.5466666666666666]",1.353819800002384
5,dtr,drift_span_random_00,1.0,1.8624120950698853,0.7974195436650193,0.00043894318334850263,1.9763634204864502,0.5599946818942014,0.48685549283858,2.7366209030151367,2.7366209030151367,"[1.0052359104156494, 1.8149092197418213, 1.5058218240737915, 0.7389250993728638, 2.7366209030151367]","[0.7555261508064879, 0.5441827600504852, 0.6160489510489511, 0.7695384615384615, 0.5359999999999999]",1.3490093000000343
6,dtr,drift_span_random_00,1.0,1.3162392377853394,0.8158800802174409,0.0006383354449836315,1.4792217016220093,0.6691708574117288,0.46939463886605015,2.3445117473602295,2.3445117473602295,"[0.6383586525917053, 1.2607574462890625, 0.7910629510879517, 0.4186771512031555, 2.3445117473602295]","[0.8755888185518617, 0.679165201823523, 0.8223892773892774, 0.9419487179487179, 0.5469999999999999]",1.354639799988945
7,dtr,drift_span_random_00,1.0,1.801466703414917,0.7928556678570551,0.00048402779632144503,1.8373934030532837,0.60865929175656,0.3629948165218585,2.336202621459961,2.336202621459961,"[0.9305583834648132, 1.8692493438720703, 1.0819461345672607, 0.7700803875923157, 2.336202621459961]","[0.822504340642109, 0.5787091573516229, 0.646969696969697, 0.8567179487179487, 0.5683333333333332]",1.338687999988906
8,dtr,drift_span_random_00,1.0,1.5213483572006226,0.8052038166698925,0.0008538072399887038,2.144954204559326,0.5858459269799863,0.5916944019825209,2.8149476051330566,2.8149476051330566,"[0.9042518734931946, 2.1256103515625, 1.6799147129058838, 0.7454503178596497, 2.8149476051330566]","[0.829983597892938, 0.5499584936419653, 0.6173892773892774, 0.784923076923077, 0.5433333333333332]",1.352005900000222
9,dtr,drift_span_random_00,1.0,1.4317902326583862,0.8141651534800506,0.0007315549094981127,1.9549663066864014,0.5960098408995268,0.4811151898069193,2.611889123916626,2.611889123916626,"[0.7591867446899414, 1.928973913192749, 1.430908441543579, 0.8421616554260254, 2.611889123916626]","[0.8467770400144337, 0.547332447335181, 0.5588578088578089, 0.8022564102564103, 0.5583333333333333]",1.3686493999994127
0,dtr,drift_span_random_01,1.0,0.2622548043727875,0.9672484517689783,0.001312654296802395,1.2245534658432007,0.7074212382602496,0.40786054715417064,2.095461845397949,2.095461845397949,"[0.26975828409194946, 0.7215538024902344, 1.15386164188385, 0.5366087555885315, 2.095461845397949]","[0.9487593007684717, 0.7743693798215775, 0.6990093240093241, 0.7786573426573427, 0.581]",1.473317500000121
1,dtr,drift_span_random_01,1.0,0.6062466502189636,0.9616226659147118,0.0023959762581581934,1.3675130605697632,0.6935222043079813,0.5051816074971475,2.413870334625244,2.413870334625244,"[0.4151592254638672, 0.798895001411438, 1.3486621379852295, 0.672677218914032, 2.413870334625244]","[0.9202767396450575, 0.7627923188896778, 0.6835314685314685, 0.7542097902097902, 0.5573333333333333]",1.5054795000032755
2,dtr,drift_span_random_01,1.0,0.39607709646224976,0.9658071143776412,0.0007941818225040357,1.3491615056991577,0.6900923021487614,0.45235936463980464,2.2830281257629395,2.2830281257629395,"[0.3482015132904053, 0.8367621302604675, 1.3410582542419434, 0.688127875328064, 2.2830281257629395]","[0.9108336686775557, 0.7606853040407275, 0.6901981351981352, 0.7524102564102563, 0.5523333333333333]",1.4401679000002332
3,dtr,drift_span_random_01,1.0,0.6179105043411255,0.9470249949653248,0.003600879338543111,1.0963208675384521,0.7160024479012642,0.4511252071982634,2.105193614959717,2.105193614959717,"[0.3420454263687134, 0.5502995848655701, 1.2664544582366943, 0.408860981464386, 2.105193614959717]","[0.9313363656666963, 0.7873545308712446, 0.5572377622377622, 0.7833286713286713, 0.5796666666666667]",1.3988971000071615
4,dtr,drift_span_random_01,1.0,0.43359971046447754,0.9641309823066069,0.0011442011459864706,1.239530086517334,0.7009844087749395,0.42078747943965966,2.229175090789795,2.229175090789795,"[0.35567936301231384, 0.6946742534637451, 1.0252556800842285, 0.7100017666816711, 2.229175090789795]","[0.9295777985581406, 0.7738317454129753, 0.6673892773892774, 0.7427412587412587, 0.5793333333333333]",1.4398940999963088
5,dtr,drift_span_random_01,1.0,0.3818875551223755,0.9691744166596044,0.0008718648258550667,1.293954610824585,0.687555126866567,0.38071361840756257,2.024813175201416,2.024813175201416,"[0.3392702639102936, 0.8745613098144531, 1.589156150817871, 0.6763420701026917, 2.024813175201416]","[0.9400944399177013, 0.7553371217570614, 0.630058275058275, 0.7561491841491842, 0.558]",1.396450400003232
6,dtr,drift_span_random_01,1.0,0.5849665403366089,0.964959168329929,0.0026036542016292306,1.100337028503418,0.702056886628091,0.4082164563948501,2.0457420349121094,2.0457420349121094,"[0.3227747082710266, 0.5469478368759155, 1.2043510675430298, 0.476052850484848, 2.0457420349121094]","[0.9345180202067647, 0.786519917455986, 0.4837179487179487, 0.6975850815850816, 0.5583333333333333]",1.4047366000013426
7,dtr,drift_span_random_01,1.0,0.42499738931655884,0.9665485960906766,0.002051530827465371,1.1716493368148804,0.7104719165931597,0.38918702585684367,2.02813720703125,2.02813720703125,"[0.282665878534317, 0.6473721861839294, 1.2368417978286743, 0.544561505317688, 2.02813720703125]","[0.9490302617167068, 0.780593122672842, 0.6501981351981352, 0.7638041958041958, 0.58]",1.4862638000049628
8,dtr,drift_span_random_01,1.0,0.3645307421684265,0.9622447511391293,0.0019995947924170473,1.516980767250061,0.6839438413037601,0.8018168007800185,2.8402743339538574,2.8402743339538574,"[0.32961708307266235, 0.8286053538322449, 1.3876960277557373, 0.5770033597946167, 2.8402743339538574]","[0.9354495785444044, 0.7611563741892169, 0.6340209790209791, 0.7643543123543124, 0.5363333333333333]",1.3538301000080537
9,dtr,drift_span_random_01,1.0,0.40245991945266724,0.94403292951321,0.0017979157620987283,1.5204181671142578,0.6945511739314463,0.5419620533090113,2.4804532527923584,2.4804532527923584,"[0.3145155608654022, 0.9306002855300903, 1.5518786907196045, 0.8910493850708008, 2.4804532527923584]","[0.9300509063814684, 0.763519405423216, 0.6297086247086248, 0.7668717948717949, 0.587]",1.3523896999977296
0,dtr,drift_span_random_02,1.0,1.1214516162872314,0.8351130831386033,0.00018058427122762664,1.6313741207122803,0.6293261739090329,0.527227662846102,2.5249929428100586,2.5249929428100586,"[0.36004793643951416, 1.2382783889770508, 1.2874561548233032, 0.7835273742675781, 2.5249929428100586]","[0.8949248645944102, 0.6398429549069622, 0.6385780885780885, 0.7539487179487179, 0.5593333333333333]",1.499560800002655
1,dtr,drift_span_random_02,1.0,1.5267674922943115,0.8117558344015988,0.0006032806702356771,1.7244722843170166,0.5461620753092766,0.3707295370278382,2.416149139404297,2.416149139404297,"[0.833910346031189, 1.5088140964508057, 1.7973073720932007, 0.8027528524398804, 2.416149139404297]","[0.7554481885864691, 0.5059052052983163, 0.43357808857808855, 0.6833039092055485, 0.5716666666666667]",1.3740284999948926
2,dtr,drift_span_random_02,1.0,1.1792086362838745,0.8128172350247211,0.0006602834680198152,1.4309794902801514,0.6615357195490503,0.39679386626378715,2.214353084564209,2.214353084564209,"[0.5469316840171814, 1.211189866065979, 0.8965135812759399, 0.47772055864334106, 2.214353084564209]","[0.8584193973295836, 0.6600201226692929, 0.7608857808857808, 0.8924102564102565, 0.575]",1.4018495999916922
3,dtr,drift_span_random_02,1.0,1.223534107208252,0.8020592073505253,0.0030306998349021,1.740926742553711,0.5634919489691316,0.6237378117821899,2.770402431488037,2.770402431488037,"[0.6753647923469543, 1.3281837701797485, 1.6788232326507568, 0.6041741967201233, 2.770402431488037]","[0.7786846739013032, 0.5439412439828033, 0.4937179487179487, 0.8292307692307693, 0.5263333333333333]",1.5729730000020936
4,dtr,drift_span_random_02,1.0,1.3472732305526733,0.8248342805932488,0.0003008555214652799,1.545758605003357,0.642444027853462,0.6335807917887416,2.6858503818511963,2.6858503818511963,"[0.33317407965660095, 1.0189346075057983, 1.184006929397583, 0.7808025479316711, 2.6858503818511963]","[0.9316430621085129, 0.6470534137877328, 0.6148018648018648, 0.756923076923077, 0.558]",1.3818115000030957
5,dtr,drift_span_random_02,1.0,0.886664867401123,0.8236369968616417,0.00017389231610567973,1.5703727006912231,0.604575043685007,0.4120765751571918,2.3476762771606445,2.3476762771606445,"[0.48996439576148987, 1.2011903524398804, 1.6010808944702148, 0.8458778262138367, 2.3476762771606445]","[0.8695245007085886, 0.5855392244896522, 0.6266433566433567, 0.7488205128205128, 0.5556666666666666]",1.37901590000547
6,dtr,drift_span_random_02,1.0,0.9556504487991333,0.8399270875149709,0.0009333035705511462,1.2817938327789307,0.6923438755795208,0.5751206585281272,2.3861289024353027,2.3861289024353027,"[0.2557221055030823, 0.6696207523345947, 0.9423137903213501, 0.4470820426940918, 2.3861289024353027]","[0.9454345714083763, 0.7471948539647115, 0.7440675990675991, 0.8193846153846154, 0.57]",1.3944736999983434
7,dtr,drift_span_random_02,1.0,1.0878076553344727,0.8273407046735588,0.00045290321050357426,1.7353912591934204,0.6261996409012618,0.4672590788502079,2.5216095447540283,2.5216095447540283,"[0.4435962736606598, 1.3831104040145874, 1.4055776596069336, 0.9786041975021362, 2.5216095447540283]","[0.8712002608177842, 0.6320429601140752, 0.6533682983682984, 0.7694358974358975, 0.5680000000000001]",1.331981800001813
8,dtr,drift_span_random_02,1.0,0.9772599339485168,0.8360578562282951,0.0018851491833419957,1.9688470363616943,0.630171597679359,0.7753292370418701,3.0776288509368896,3.0776288509368896,"[0.47175949811935425, 1.4683266878128052, 1.7298333644866943, 0.9654861688613892, 3.0776288509368896]","[0.8474960267153184, 0.6417755985345212, 0.6347668997668997, 0.777025641025641, 0.5479999999999999]",1.4313227999955416
9,dtr,drift_span_random_02,1.0,0.6894258260726929,0.836592691085707,0.0008887438709107937,1.7260230779647827,0.6426564849818851,0.6812022405573691,2.8011889457702637,2.8011889457702637,"[0.3238641023635864, 1.1749446392059326, 1.6896346807479858, 1.0126047134399414, 2.8011889457702637]","[0.9211273469658436, 0.6515708597337901, 0.6030186480186479, 0.7463589743589745, 0.5643333333333334]",1.4099667999980738
0,dtr,drift_span_random_03,1.0,1.321540117263794,0.8188913999385526,0.0003057818077964547,1.4869405031204224,0.6214537712122938,0.30598555319330334,2.08992338180542,2.08992338180542,"[0.5257052183151245, 1.3386805057525635, 1.2267467975616455, 0.6832550764083862, 2.08992338180542]","[0.8727966862766348, 0.5855032653777449, 0.5790909090909091, 0.8265641025641026, 0.5816666666666667]",1.3667245999968145
1,dtr,drift_span_random_03,1.0,1.9317792654037476,0.8070357711995078,0.0013087482456071878,1.9018476009368896,0.5265262970795502,0.20634196368650687,2.155323028564453,2.155323028564453,"[1.362922191619873, 2.014125108718872, 1.7930033206939697, 0.9145218133926392, 2.155323028564453]","[0.703296601328675, 0.4854439819705371, 0.4135314685314685, 0.6747658680117696, 0.5509999999999999]",1.572845899994718
2,dtr,drift_span_random_03,1.0,1.3920701742172241,0.8100357052377085,0.0014245994542361287,1.6291338205337524,0.6090876490492332,0.3149197466043253,2.1996009349823,2.1996009349823,"[0.9018972516059875, 1.5683742761611938, 1.1949838399887085, 0.5757883191108704, 2.1996009349823]","[0.7232060316350376, 0.6230964221735514, 0.5917599067599068, 0.9061538461538461, 0.5586666666666666]",1.4688142999948468
3,dtr,drift_span_random_03,1.0,1.4685914516448975,0.7918849731604757,0.0030981339974167905,2.101189374923706,0.5205625578948825,0.6015675897979657,3.0158278942108154,3.0158278942108154,"[0.986865222454071, 1.772218942642212, 1.9379069805145264, 0.8591116666793823, 3.0158278942108154]","[0.7023895531000246, 0.49161147554823464, 0.5254778554778554, 0.8082051282051281, 0.5133333333333333]",1.3594428000069456
4,dtr,drift_span_random_03,1.0,1.7041785717010498,0.8127159015680807,0.0003428858869666916,1.7438808679580688,0.598301194501896,0.3841926242677857,2.4423012733459473,2.4423012733459473,"[0.7312231063842773, 1.6132078170776367, 1.2879432439804077, 0.8243854641914368, 2.4423012733459473]","[0.7929598552664279, 0.5685144349972504, 0.636993006993007, 0.8716923076923078, 0.5653333333333335]",1.4477688999904785
5,dtr,drift_span_random_03,1.0,1.4165078401565552,0.8170360341525358,0.00023980541806284782,1.707533597946167,0.5645124209685125,0.3580119893522749,2.4559903144836426,2.4559903144836426,"[0.8746834993362427, 1.374309778213501, 1.5756394863128662, 0.7929092645645142, 2.4559903144836426]","[0.7242898754279772, 0.5644772301754639, 0.4682284382284382, 0.8022564102564103, 0.5436666666666667]",1.3658218999917153
6,dtr,drift_span_random_03,1.0,1.1441824436187744,0.8356083997427017,0.0006553760265985143,1.4669002294540405,0.6548451595574938,0.48685920864708,2.4239308834075928,2.4239308834075928,"[0.42129459977149963, 1.007054328918457, 0.9623537063598633, 0.6602238416671753, 2.4239308834075928]","[0.8709683565056571, 0.6905784793302943, 0.712890442890443, 0.8475897435897435, 0.5396666666666666]",1.3665861999907065
7,dtr,drift_span_random_03,1.0,1.4522721767425537,0.8104990091924391,0.0004855612668480893,1.8438022136688232,0.5523742109993187,0.3470666878817667,2.4585556983947754,2.4585556983947754,"[0.9293147325515747, 1.6785762310028076, 1.387932538986206, 0.8246166110038757, 2.4585556983947754]","[0.709945639447959, 0.545362660279046, 0.46095571095571086, 0.8025641025641026, 0.5436666666666666]",1.4741707000066526
8,dtr,drift_span_random_03,1.0,1.3329565525054932,0.8447303477977945,0.0012754634206677661,1.9778931140899658,0.599581004875051,0.6774444897830214,3.0038864612579346,3.0038864612579346,"[0.5959698557853699, 1.594916582107544, 1.6581037044525146, 0.9581354260444641, 3.0038864612579346]","[0.8676225489609953, 0.5714280155479348, 0.5880186480186481, 0.7542564102564102, 0.54]",1.5335839000035776
9,dtr,drift_span_random_03,1.0,1.4102435111999512,0.8196045035934167,0.0020350236215709167,2.024951219558716,0.6143322940011461,0.6046819784248191,2.946476459503174,2.946476459503174,"[0.6016570329666138, 1.6602678298950195, 1.7532188892364502, 1.164353370666504, 2.946476459503174]","[0.8471031981200149, 0.5827382747256995, 0.566060606060606, 0.7545641025641026, 0.591]",1.3803898000041954
0,dtr,drift_span_random_04,1.0,1.0854483842849731,0.8381047390309151,0.00042580118318521435,1.464775800704956,0.6272745394970612,0.3019752637259785,1.9577957391738892,1.9577957391738892,"[0.5623379945755005, 1.3867937326431274, 1.0969167947769165, 0.46524548530578613, 1.9577957391738892]","[0.8800397694835306, 0.6134499729963548, 0.6112004662004662, 0.836923076923077, 0.5613333333333334]",1.4524591000081273
1,dtr,drift_span_random_04,1.0,1.7019517421722412,0.7948515694535514,0.0009011965352321358,1.5822060108184814,0.5814014608102231,0.23368599225186468,1.6505489349365234,1.8647533655166626,"[0.8737369775772095, 1.8647533655166626, 1.47470223903656, 0.5823940634727478, 1.6505489349365234]","[0.8256655580822662, 0.5061776295235552, 0.5922727272727272, 0.825948717948718, 0.5876666666666667]",1.3441456000000471
2,dtr,drift_span_random_04,1.0,1.3900787830352783,0.8272239217217543,0.0004609172297603309,1.660021424293518,0.6393588374601351,0.3120871176945337,2.0269510746002197,2.0269510746002197,"[0.8939884305000305, 1.7838523387908936, 1.1123220920562744, 0.5235505104064941, 2.0269510746002197]","[0.8282515556426914, 0.636037454775601, 0.7511888111888113, 0.8768205128205129, 0.5630000000000001]",1.3642833000048995
3,dtr,drift_span_random_04,1.0,0.6880146861076355,0.8515520821484241,0.0018465586328580055,1.5745294094085693,0.6021653777493932,0.4515115140605852,2.368889570236206,2.368889570236206,"[0.5504148602485657, 1.3759416341781616, 1.503280520439148, 0.5867707133293152, 2.368889570236206]","[0.8745678993393178, 0.5839174418682727, 0.6014102564102564, 0.7837948717948718, 0.5306666666666666]",1.346552300004987
4,dtr,drift_span_random_04,1.0,1.3154529333114624,0.8092065311257548,0.0005019236693289054,1.6338303089141846,0.6197527655531188,0.3840643340464135,2.2823445796966553,2.2823445796966553,"[0.6120233535766602, 1.5131059885025024, 1.1056394577026367, 0.6508438587188721, 2.2823445796966553]","[0.8731296232159856, 0.6006972330630447, 0.5650466200466201, 0.8235897435897435, 0.5553333333333332]",1.3494224000023678
5,dtr,drift_span_random_04,1.0,1.1233655214309692,0.8116512587107201,0.0003406601141632339,1.665247917175293,0.6051436554248193,0.37135613893958064,2.3120498657226562,2.3120498657226562,"[0.6443339586257935, 1.4536510705947876, 1.5545077323913574, 0.7325297594070435, 2.3120498657226562]","[0.8500293499523786, 0.5862642837148411, 0.6118531468531468, 0.7515897435897436, 0.5479999999999999]",1.372634699990158
6,dtr,drift_span_random_04,1.0,0.9300267100334167,0.8432839726224868,0.0018664392730826703,1.4066261053085327,0.6300962302078864,0.43119218797829467,2.2228825092315674,2.2228825092315674,"[0.4265190064907074, 1.0842845439910889, 0.9076753854751587, 0.43676653504371643, 2.2228825092315674]","[0.8964227441556121, 0.6666736850783158, 0.6319114219114219, 0.8434871794871794, 0.5043333333333334]",1.32696869999927
7,dtr,drift_span_random_04,1.0,1.0252662897109985,0.836759666141963,0.0007840754318629763,1.5850586891174316,0.6243767761915324,0.32033368513620764,2.154411792755127,2.154411792755127,"[0.573440670967102, 1.4412755966186523, 1.2117350101470947, 0.7086342573165894, 2.154411792755127]","[0.8707495153541327, 0.6141316553930383, 0.6315850815850815, 0.7723076923076924, 0.5616666666666668]",1.332251500003622
8,dtr,drift_span_random_04,1.0,0.8530906438827515,0.8386006182514609,0.0010994980916564847,1.8389825820922852,0.604926964709701,0.4737274157711761,2.505415439605713,2.505415439605713,"[0.6168672442436218, 1.720251441001892, 1.5193954706192017, 0.7525423765182495, 2.505415439605713]","[0.8675570560303794, 0.5991248187750825, 0.5992074592074592, 0.7644102564102564, 0.5393333333333333]",1.341930400012643
9,dtr,drift_span_random_04,1.0,1.041890025138855,0.8364294291041577,0.001081729591383365,1.733724594116211,0.6121834773930902,0.4040685422475974,2.3157763481140137,2.3157763481140137,"[0.5140200853347778, 1.6248557567596436, 1.5786330699920654, 0.8363837003707886, 2.3157763481140137]","[0.8884413050051758, 0.5899883671462333, 0.561060606060606, 0.7543589743589745, 0.5533333333333333]",1.3487575000035577
0,dtr,drift_span_random_05,1.0,1.7918641567230225,0.7745058370628883,0.00012175965701601632,1.8356319665908813,0.5806314188147297,0.39734605376101595,2.229271411895752,2.229271411895752,"[0.8307358622550964, 1.9993976354599, 1.2546107769012451, 0.6284930109977722, 2.229271411895752]","[0.8452720751948839, 0.5212173207453344, 0.5724242424242424, 0.8423589743589744, 0.5556666666666666]",1.4333005000080448
1,dtr,drift_span_random_05,1.0,1.852292776107788,0.8013397658593545,0.00040234907419102673,2.2844183444976807,0.5137508053848011,0.29797573394818416,2.2113966941833496,2.6978189945220947,"[1.6728051900863647, 2.6978189945220947, 2.1147818565368652, 1.0791031122207642, 2.2113966941833496]","[0.7101322173006245, 0.44818323041395763, 0.3958158508158508, 0.6262564102564102, 0.5660000000000001]",1.3705457000032766
2,dtr,drift_span_random_05,1.0,1.4828338623046875,0.7985565922731969,0.00032962114385371344,1.9626109600067139,0.5976598036455052,0.502529950249542,2.5320239067077637,2.5320239067077637,"[1.0862667560577393, 2.059243679046631, 1.2053464651107788, 0.5633003115653992, 2.5320239067077637]","[0.7223867279147822, 0.5946392111448462, 0.6281118881118881, 0.9034871794871794, 0.5523333333333333]",1.5140984000026947
3,dtr,drift_span_random_05,1.0,2.135695219039917,0.7781891585147197,0.0002702752898596687,2.826882839202881,0.4799253757720952,0.7525934741271919,3.5661399364471436,3.5661399364471436,"[1.5574454069137573, 2.8890433311462402, 2.430527448654175, 1.183019995689392, 3.5661399364471436]","[0.6708185286186803, 0.4263214551379299, 0.3379020979020979, 0.6968608659100461, 0.5119999999999999]",1.3474476999981562
4,dtr,drift_span_random_05,1.0,1.9540821313858032,0.8038823691968868,0.00014655272104612593,2.1205012798309326,0.5647573219137095,0.48674593560331003,2.7037265300750732,2.7037265300750732,"[0.7720292210578918, 2.1455745697021484, 1.7193851470947266, 1.0941375494003296, 2.7037265300750732]","[0.8456459502110839, 0.4961823423826335, 0.4272494172494172, 0.7544615384615385, 0.5506666666666667]",1.3639298000052804
5,dtr,drift_span_random_05,1.0,1.6554476022720337,0.8074354533047037,0.00016650536821948158,2.234135866165161,0.528614567682041,0.5119988957777883,2.9833149909973145,2.9833149909973145,"[1.1895854473114014, 2.0701141357421875, 1.8665587902069092, 0.9570000767707825, 2.9833149909973145]","[0.7328759328569145, 0.49502221701510923, 0.4148018648018648, 0.7515897435897436, 0.5306666666666666]",1.3652112999989185
6,dtr,drift_span_random_05,1.0,1.2218639850616455,0.8226176147839176,0.00015023130628399151,1.751215934753418,0.6160274192865245,0.548709063227208,2.6123783588409424,2.6123783588409424,"[0.6845987439155579, 1.5248489379882812, 1.0021069049835205, 0.5895859599113464, 2.6123783588409424]","[0.8684069104045671, 0.6005969126554145, 0.6609557109557109, 0.8475897435897435, 0.5406666666666666]",1.445764700009022
7,dtr,drift_span_random_05,1.0,1.647214651107788,0.7705080943057868,0.0009856402812671269,2.4462084770202637,0.5025820790007893,0.6140006014418355,3.1230838298797607,3.1230838298797607,"[1.3551959991455078, 2.464858293533325, 1.5836915969848633, 0.9736406207084656, 3.1230838298797607]","[0.7018131329802133, 0.4659262501171308, 0.37983682983682987, 0.7545641025641026, 0.515]",1.3699171999905957
8,dtr,drift_span_random_05,1.0,0.6963839530944824,0.8411509568565411,0.0012189704357596582,2.3183722496032715,0.5694365487318601,1.0737956652952811,3.6497802734375,3.6497802734375,"[0.8314167261123657, 1.8720433712005615, 1.787954568862915, 0.7977283596992493, 3.6497802734375]","[0.7737792386941037, 0.5424078916344265, 0.5922144522144522, 0.7462564102564102, 0.5203333333333333]",1.3435800000006566
9,dtr,drift_span_random_05,1.0,1.4562504291534424,0.8192009892118899,0.0003204514529295419,2.1458840370178223,0.5721511571111295,0.4820373894180875,2.7275116443634033,2.7275116443634033,"[0.7547141313552856, 2.0962507724761963, 2.013427257537842, 1.2249529361724854, 2.7275116443634033]","[0.8426946249669799, 0.4899976844126653, 0.566060606060606, 0.7335384615384616, 0.5836666666666667]",1.3563777999952435
0,dtr,drift_span_random_06,1.0,0.7060948610305786,0.9348270700872027,0.0008499128705680125,1.1687405109405518,0.7305271645738858,0.4731714585745033,2.172461748123169,2.172461748123169,"[0.2614775002002716, 0.578966498374939, 1.0586402416229248, 0.44088229537010193, 2.172461748123169]","[0.9483111236550406, 0.8200683045527603, 0.7041375291375291, 0.8722703962703962, 0.5786666666666667]",1.4604658000025665
1,dtr,drift_span_random_06,1.0,1.4910348653793335,0.8777916823399394,0.0022623025402120113,1.2824931144714355,0.7114128579614725,0.6028905272600793,2.4844212532043457,2.4844212532043457,"[0.378144234418869, 0.6146045923233032, 1.1937644481658936, 0.5056294202804565, 2.4844212532043457]","[0.946446944368445, 0.7909079918879158, 0.7218648018648018, 0.837948717948718, 0.561]",1.3544416000077035
2,dtr,drift_span_random_06,1.0,0.9009343981742859,0.9304418855284361,0.0010813424524701671,1.4017232656478882,0.6934265137029572,0.6342531001190357,2.6018266677856445,2.6018266677856445,"[0.31965571641921997, 0.7234561443328857, 1.304466724395752, 0.7389606833457947, 2.6018266677856445]","[0.9458643494693588, 0.7748839727555252, 0.5621328671328671, 0.6084102564102564, 0.5593333333333333]",1.3970170999964466
3,dtr,drift_span_random_06,1.0,1.1000579595565796,0.9213382178474756,0.002106723072842806,1.0553512573242188,0.7293015189187029,0.5259149817074926,2.2078425884246826,2.2078425884246826,"[0.3133305609226227, 0.43136757612228394, 1.0951175689697266, 0.3342772126197815, 2.2078425884246826]","[0.9507991022261433, 0.8148481149923505, 0.7028321678321678, 0.8015198135198135, 0.5589999999999999]",1.3534445999976015
4,dtr,drift_span_random_06,1.0,1.1961991786956787,0.8591956900277697,0.0008591036063162878,1.236610770225525,0.7364024966781694,0.6190312158022124,2.49377703666687,2.49377703666687,"[0.3207286596298218, 0.5324673652648926, 0.8484705686569214, 0.5873710513114929, 2.49377703666687]","[0.9472028805350087, 0.8211000505845062, 0.8228904428904429, 0.9203729603729605, 0.5660000000000001]",1.3414915000030305
5,dtr,drift_span_random_06,1.0,0.9175472259521484,0.923152140025989,0.000783692140883379,1.2251273393630981,0.7002937621478369,0.4172332723990125,2.0995984077453613,2.0995984077453613,"[0.3378349244594574, 0.7228673696517944, 1.3684923648834229, 0.5240211486816406, 2.0995984077453613]","[0.9400353678626358, 0.7648711719362729, 0.6387412587412588, 0.7834032634032635, 0.573]",1.4549122000025818
6,dtr,drift_span_random_06,1.0,0.9416719675064087,0.9678163111870719,0.00199939785793485,1.0604861974716187,0.7434107487903434,0.5057642872033801,2.156724214553833,2.156724214553833,"[0.29714182019233704, 0.4136911928653717, 1.0862215757369995, 0.3306616544723511, 2.156724214553833]","[0.9548185703208126, 0.8555751705873526, 0.6847435897435898, 0.8620233100233099, 0.5546666666666666]",1.4673840000032214
7,dtr,drift_span_random_06,1.0,0.703124463558197,0.9617816792139626,0.0010081689206906308,1.1764193773269653,0.7140911177598767,0.42567520809456927,2.10481858253479,2.10481858253479,"[0.2673964202404022, 0.6252157688140869, 1.0891636610031128, 0.4919019639492035, 2.10481858253479]","[0.9475919855933744, 0.7936525339434413, 0.708986013986014, 0.8394405594405594, 0.5623333333333334]",1.35451550000289
8,dtr,drift_span_random_06,1.0,0.7763763070106506,0.9509185306306478,0.0016795768107406397,1.3983261585235596,0.699603525600946,0.7138970345505966,2.654644012451172,2.654644012451172,"[0.2715083062648773, 0.7341467142105103, 1.2336499691009521, 0.5384196043014526, 2.654644012451172]","[0.9478098747611876, 0.7865992825353512, 0.7032051282051283, 0.8099673659673658, 0.53]",1.397842699996545
9,dtr,drift_span_random_06,1.0,0.9619066119194031,0.9487491897369349,0.0021882856211053983,1.4352067708969116,0.7111071523316094,0.6807890171620486,2.6295065879821777,2.6295065879821777,"[0.30282148718833923, 0.7403960824012756, 1.2913215160369873, 0.5865277647972107, 2.6295065879821777]","[0.9413213585306682, 0.8060488473074965, 0.6367016317016317, 0.8035897435897436, 0.5676666666666667]",1.4670634000067366
0,dtr,drift_span_random_07,1.0,0.15164430439472198,0.9833720584340359,0.0010022908111903892,1.2725294828414917,0.6965288680303546,0.43437434548830123,2.1530590057373047,2.1530590057373047,"[0.25400277972221375, 0.755447268486023, 1.1346263885498047, 0.5381438732147217, 2.1530590057373047]","[0.9393406291280619, 0.7738317454129753, 0.6286363636363637, 0.7816969696969698, 0.5696666666666667]",1.4352754999999888
1,dtr,drift_span_random_07,1.0,0.18749147653579712,0.9751170965318746,0.0016948890109611636,1.3721755743026733,0.6881029695896862,0.42400144935373374,2.2568111419677734,2.2568111419677734,"[0.36757442355155945, 0.8807623982429504, 1.3506919145584106, 0.7312800288200378, 2.2568111419677734]","[0.9276463991925231, 0.7547175466359757, 0.612027972027972, 0.7818088578088578, 0.571]",1.3556824999977835
2,dtr,drift_span_random_07,1.0,0.14178892970085144,0.9782672581725771,0.0008219194295720309,1.4157168865203857,0.6890458141042244,0.5209529534411388,2.4097952842712402,2.4097952842712402,"[0.32077860832214355, 0.8839195966720581, 1.2784191370010376, 0.6485198736190796, 2.4097952842712402]","[0.9180846527320862, 0.7593053757253153, 0.6687762237762238, 0.787039627039627, 0.5523333333333333]",1.559816699998919
3,dtr,drift_span_random_07,1.0,0.18733859062194824,0.9645919482458198,0.003169984882505833,1.2612905502319336,0.6729032826081507,0.5217796551616332,2.285015821456909,2.285015821456909,"[0.3147349953651428, 0.7351367473602295, 1.4320036172866821, 0.5040679574012756, 2.285015821456909]","[0.9465677452383044, 0.7267221704001745, 0.5905710955710956, 0.7928205128205128, 0.5399999999999999]",1.4056986000068719
4,dtr,drift_span_random_07,1.0,0.1826702058315277,0.9783921161261151,0.001155728282629217,1.4203088283538818,0.6886663326939668,0.4116728257315492,2.270820140838623,2.270820140838623,"[0.342093288898468, 0.9293489456176758, 1.273053526878357, 0.8553066253662109, 2.270820140838623]","[0.9043994199930602, 0.7536704550903947, 0.6350349650349651, 0.7741165501165501, 0.5766666666666668]",1.3683064000069862
5,dtr,drift_span_random_07,1.0,0.15918505191802979,0.9786993165566293,0.0008953868990204462,1.4858076572418213,0.6794873472233451,0.4515599980245019,2.2622275352478027,2.2622275352478027,"[0.35989123582839966, 1.0357182025909424, 1.7278556823730469, 0.8416599035263062, 2.2622275352478027]","[0.914808722026175, 0.7496228360427757, 0.6025641025641025, 0.7638694638694639, 0.5503333333333333]",1.4377424999984214
6,dtr,drift_span_random_07,1.0,0.16191861033439636,0.9780808004855471,0.002034937219364653,1.216630220413208,0.6851916306430998,0.44954479697104316,2.1647613048553467,2.1647613048553467,"[0.2973089814186096, 0.646016001701355, 1.2165722846984863, 0.5205589532852173, 2.1647613048553467]","[0.9519902853455287, 0.7668962615420075, 0.4717016317016317, 0.6444195804195804, 0.5556666666666666]",1.3560010999935912
7,dtr,drift_span_random_07,1.0,0.17825669050216675,0.979231128317425,0.001844011032532272,1.2138639688491821,0.6974144577259919,0.40041417906025795,2.0641684532165527,2.0641684532165527,"[0.2594430446624756, 0.6938366889953613, 1.2298548221588135, 0.5745985507965088, 2.0641684532165527]","[0.9478282738136361, 0.7684810029654587, 0.6173543123543123, 0.7872447552447552, 0.5723333333333332]",1.355826499988325
8,dtr,drift_span_random_07,1.0,0.19895344972610474,0.9643387599472616,0.001142567705838278,1.659550666809082,0.6674379914859966,0.8791357227512003,3.021670341491699,3.021670341491699,"[0.32185453176498413, 0.9461263418197632, 1.5163542032241821, 0.749240517616272, 3.021670341491699]","[0.9360993711501241, 0.7454856112603896, 0.620034965034965, 0.7470675990675991, 0.5156666666666666]",1.393742400003248
9,dtr,drift_span_random_07,1.0,0.20305433869361877,0.9594186236185674,0.001628839552647783,1.5710862874984741,0.6911109722163915,0.5121149287650303,2.441016674041748,2.441016674041748,"[0.31047385931015015, 1.0230649709701538, 1.632433295249939, 0.9929300546646118, 2.441016674041748]","[0.931961758945324, 0.7512843823817412, 0.6351864801864802, 0.7515897435897436, 0.5943333333333334]",1.3466658999968786
0,dtr,drift_span_random_08,1.0,1.0715023279190063,0.8204542232447318,0.00020427320443798974,1.6576658487319946,0.6289575641792364,0.497607154174292,2.538526773452759,2.538526773452759,"[0.61577308177948, 1.30112624168396, 1.0271615982055664, 0.6362742185592651, 2.538526773452759]","[0.8802966045055541, 0.6078472775996392, 0.6328438228438229, 0.7808205128205128, 0.575]",1.4912716000108048
1,dtr,drift_span_random_08,1.0,1.2697179317474365,0.8098357417649001,0.0009739999678522472,1.8619749546051025,0.5419047434394658,0.23540197566233814,2.432110548019409,2.432110548019409,"[1.0778340101242065, 1.650486946105957, 1.4660513401031494, 1.151302695274353, 2.432110548019409]","[0.721861500294744, 0.5217050145410285, 0.5024475524475525, 0.7606713286713287, 0.559]",1.498152600004687
2,dtr,drift_span_random_08,1.0,1.2192623615264893,0.8158876151151189,0.001609897616591473,1.6275928020477295,0.6072583860499638,0.4233000505512246,2.4732751846313477,2.4732751846313477,"[0.7902253866195679, 1.3268182277679443, 0.882010281085968, 0.7325100898742676, 2.4732751846313477]","[0.745169278543386, 0.6288234968727421, 0.7215617715617715, 0.8274871794871796, 0.5593333333333333]",1.3673394999932498
3,dtr,drift_span_random_08,1.0,2.278555393218994,0.7947178646108132,0.0023892000317573547,2.6134438514709473,0.5132016415976769,0.6284169547624833,3.4192347526550293,3.4192347526550293,"[1.1291358470916748, 2.334275484085083, 2.464327335357666, 1.5495827198028564, 3.4192347526550293]","[0.6810704307141513, 0.4783441860735844, 0.5874242424242424, 0.7335384615384616, 0.5526666666666666]",1.3621432999934768
4,dtr,drift_span_random_08,1.0,1.1972827911376953,0.8263570726320009,0.0004326544564079355,1.9062528610229492,0.6065700810574695,0.6031773847362331,2.913811206817627,2.913811206817627,"[0.6590331792831421, 1.5122863054275513, 1.405125379562378, 0.9510589838027954, 2.913811206817627]","[0.8760164488635308, 0.5756891265349819, 0.5728438228438228, 0.7622564102564102, 0.5676666666666667]",1.337266799993813
5,dtr,drift_span_random_08,1.0,1.1805957555770874,0.8276841645634192,0.0008215771397813358,1.8471527099609375,0.6121696630948533,0.49609641419500344,2.777697801589966,2.777697801589966,"[0.6613656878471375, 1.33768630027771, 1.6118896007537842, 1.173547387123108, 2.777697801589966]","[0.8685502547733048, 0.5981201894881881, 0.6315850815850815, 0.748923076923077, 0.5660000000000001]",1.3694895000080578
6,dtr,drift_span_random_08,1.0,0.4212626516819,0.8689231197748974,0.0012132010802074714,1.6391862630844116,0.6431410760550622,0.6814253461219197,2.8068270683288574,2.8068270683288574,"[0.4375844895839691, 1.086743950843811, 1.1614667177200317, 0.7121187448501587, 2.8068270683288574]","[0.904038433941416, 0.6709079712344171, 0.5941142191142191, 0.7772307692307693, 0.5476666666666666]",1.3776617999974405
7,dtr,drift_span_random_08,1.0,1.1824067831039429,0.8246499944068869,0.0005199160549498389,1.8483721017837524,0.6064986696394614,0.48038149632524146,2.7288060188293457,2.7288060188293457,"[0.7202014327049255, 1.4684537649154663, 1.252208948135376, 1.0077928304672241, 2.7288060188293457]","[0.8578363818295902, 0.580511248401937, 0.6003962703962704, 0.7622564102564102, 0.5646666666666667]",1.3494744000054197
8,dtr,drift_span_random_08,1.0,1.434211254119873,0.8378154081086727,0.0010923608340353632,2.3204193115234375,0.5967769862122507,0.9682678428112558,3.572244644165039,3.572244644165039,"[0.7129223346710205, 1.8354418277740479, 1.7378499507904053, 1.0828384160995483, 3.572244644165039]","[0.8576234301708123, 0.5722313984299056, 0.6078088578088578, 0.7462564102564102, 0.5403333333333333]",1.3871862000087276
9,dtr,drift_span_random_08,1.0,0.970410168170929,0.844071999369391,0.001466502515990057,2.0199413299560547,0.61741655420019,0.5620560635850438,2.9163613319396973,2.9163613319396973,"[0.6319438815116882, 1.5625505447387695, 1.9257007837295532, 1.3496301174163818, 2.9163613319396973]","[0.8615029088377074, 0.5936383323926994, 0.571060606060606, 0.7412307692307692, 0.5966666666666667]",1.340636100008851
0,dtr,drift_span_random_09,1.0,2.0827624797821045,0.7787943659915161,0.00014711357269880704,2.0621285438537598,0.5589533014269319,0.49721409862239,2.241405963897705,2.429682970046997,"[1.0240421295166016, 2.429682970046997, 1.3799479007720947, 0.5855128169059753, 2.241405963897705]","[0.8267176710391974, 0.49400822250466864, 0.5756410256410256, 0.804923076923077, 0.54]",1.3434716999909142
1,dtr,drift_span_random_09,1.0,2.0824637413024902,0.7714192972717204,0.00010175695029612431,2.136909008026123,0.5118853720933698,0.418714663989914,1.7942657470703125,2.7924447059631348,"[1.2666605710983276, 2.7924447059631348, 2.2004494667053223, 0.9850853085517883, 1.7942657470703125]","[0.7272694455813487, 0.39549624575048303, 0.39721445221445223, 0.7218764186633039, 0.5733333333333334]",1.3615958000009414
2,dtr,drift_span_random_09,1.0,1.9008442163467407,0.7896062953053943,0.00012061694337997907,2.208181619644165,0.6037865713313882,0.5244377488677793,2.469017267227173,2.5393967628479004,"[1.318166732788086, 2.5393967628479004, 1.4184730052947998, 0.6495807766914368, 2.469017267227173]","[0.7990725287905897, 0.5673083884403363, 0.7028904428904429, 0.8665641025641027, 0.5533333333333333]",1.3407193000020925
3,dtr,drift_span_random_09,1.0,1.4155020713806152,0.7741986431294692,0.0003779630671128815,2.5504322052001953,0.5001713670602481,0.7990917358950759,3.2090790271759033,3.2090790271759033,"[1.214109182357788, 2.7701869010925293, 2.2592790126800537, 0.8702219128608704, 3.2090790271759033]","[0.764952600932294, 0.40050981185754286, 0.47192307692307695, 0.7841025641025641, 0.4993333333333334]",1.3271097000106238
4,dtr,drift_span_random_09,1.0,1.7375255823135376,0.7882301598434893,0.00029243204221436023,1.9288721084594727,0.5780719106721347,0.3297229890927747,2.176445484161377,2.176445484161377,"[0.7945097088813782, 2.0896823406219482, 1.5584938526153564, 0.9148470163345337, 2.176445484161377]","[0.8544374991100752, 0.5174017215178665, 0.5588578088578089, 0.7570256410256411, 0.5559999999999999]",1.3566146999946795
5,dtr,drift_span_random_09,1.0,1.2882105112075806,0.7971237431154157,0.00015716223667065302,2.700946569442749,0.5734391984954564,1.1023595209141603,3.9703726768493652,3.9703726768493652,"[1.2057836055755615, 2.42765474319458, 2.0402450561523438, 1.0463385581970215, 3.9703726768493652]","[0.7700581824685774, 0.5499962090640056, 0.6112587412587412, 0.7462564102564102, 0.52]",1.347578800006886
6,dtr,drift_span_random_09,1.0,1.5291540622711182,0.7988236335083788,0.00040264116454516907,1.823371171951294,0.5965901618479943,0.6328742184904679,2.677382707595825,2.677382707595825,"[0.7350703477859497, 1.6974684000015259, 0.980215847492218, 0.4702240526676178, 2.677382707595825]","[0.8653405697903157, 0.5744290328227286, 0.6403030303030304, 0.8465641025641025, 0.5196666666666666]",1.473718099994585
7,dtr,drift_span_random_09,1.0,1.4589815139770508,0.7947154281190618,0.00027029363461482674,2.415297746658325,0.5647023062025014,0.712581727508532,3.250187635421753,3.250187635421753,"[1.1068179607391357, 2.307704210281372, 1.6156833171844482, 0.9636178016662598, 3.250187635421753]","[0.8165820090864347, 0.5291526846949138, 0.5878088578088578, 0.7515897435897436, 0.5216666666666667]",1.6282635999959894
8,dtr,drift_span_random_09,1.0,1.415817379951477,0.8017395318386935,0.0004823735987943877,2.4757466316223145,0.54085311404403,0.6043761996556214,2.9539294242858887,2.9539294242858887,"[1.0774632692337036, 2.5451271533966064, 2.1404285430908203, 1.0214128494262695, 2.9539294242858887]","[0.7027129881001729, 0.5041403493838333, 0.5765734265734266, 0.7462564102564102, 0.5403333333333333]",1.8847072999924421
9,dtr,drift_span_random_09,1.0,1.0798906087875366,0.8134661066415276,0.00025948300313802415,2.16652250289917,0.5748902614200648,0.3978454115836462,2.4787888526916504,2.4787888526916504,"[0.8655602335929871, 2.284306287765503, 2.0504703521728516, 1.1991935968399048, 2.4787888526916504]","[0.8345740442251541, 0.5102016612268115, 0.561060606060606, 0.7412307692307692, 0.579]",1.5203067000111332
