seed,family,lambda_perp,lambda_parallel,val_ce,val_macro_accuracy,val_volatility,val_terminal_ce,deploy_ce,deploy_macro_accuracy,deploy_volatility,deploy_terminal_ce,val_block_ce,val_block_macro_accuracy,deploy_block_ce,deploy_block_macro_accuracy,seconds
0,dtr,0.0,0.0,1.7042032480239868,0.7836470320514045,0.11337062926092283,2.23313045501709,2.0225579738616943,0.5859637629311999,0.6134249131897798,2.8086471557617188,"[1.552825927734375, 2.296781539916992, 2.23313045501709]","[0.8076592690487014, 0.6904941860465116, 0.6934920634920635]","[0.72438645362854, 1.8689525127410889, 1.3114782571792603, 0.7372349500656128, 2.8086471557617188]","[0.8579190107755948, 0.5254405773133669, 0.6137296037296037, 0.7595897435897436, 0.5586666666666666]",1.5745248000021093
1,dtr,0.0,0.0,2.0562283992767334,0.7953213394447095,0.44695617054146436,2.5604686737060547,2.2161524295806885,0.5153128360864546,0.3446668855266717,2.5826306343078613,"[1.7676063776016235, 3.4049363136291504, 2.5604686737060547]","[0.8085755269590885, 0.7775000000000001, 0.7411111111111112]","[1.368844747543335, 2.398021936416626, 2.0411171913146973, 1.0586926937103271, 2.5826306343078613]","[0.6942838810010132, 0.4506223395078762, 0.42099067599067597, 0.662974358974359, 0.5563333333333333]",0.5844883000099799
2,dtr,0.0,0.0,1.6869627237319946,0.8041009748009961,0.13588015044306048,2.4301581382751465,1.944514513015747,0.6142630824921371,0.4800291841942107,2.536898374557495,"[1.6363613605499268, 1.6605994701385498, 2.4301581382751465]","[0.8121585489599188, 0.7684738372093023, 0.764920634920635]","[0.8840228915214539, 1.9777005910873413, 1.2833821773529053, 0.6788350343704224, 2.536898374557495]","[0.8364253302185924, 0.57797476477101, 0.7434498834498835, 0.8265641025641026, 0.5626666666666666]",0.5807377000019187
3,dtr,0.0,0.0,1.8659778833389282,0.7507677288603417,0.6169236343453784,2.3106231689453125,2.527561902999878,0.46910446811138706,0.7495473513609909,3.3572216033935547,"[1.555280327796936, 3.4653515815734863, 2.3106231689453125]","[0.7518965251245093, 0.7566763565891472, 0.7622222222222221]","[1.2586003541946411, 2.5060675144195557, 2.4019927978515625, 1.0030806064605713, 3.3572216033935547]","[0.6625687548757316, 0.395354328588518, 0.3986480186480187, 0.8162051282051281, 0.5050000000000001]",0.5811288000113564
4,dtr,0.0,0.0,1.9042723178863525,0.8082932061846341,0.07488879282770237,2.48577618598938,2.0737292766571045,0.5986107734178788,0.6976821101200392,3.08307147026062,"[1.8845632076263428, 1.9284465312957764, 2.48577618598938]","[0.8144740325630735, 0.8217441860465116, 0.733968253968254]","[0.6648209095001221, 1.7429533004760742, 1.5068219900131226, 0.9792436361312866, 3.08307147026062]","[0.8722186116801078, 0.5549084343518841, 0.5397435897435897, 0.7622564102564102, 0.5656666666666667]",0.5846080999908736
5,dtr,0.0,0.0,1.5045565366744995,0.8065874251825477,0.08533041060631301,2.1130127906799316,2.0813934803009033,0.5739155389744411,0.6136065587904307,3.040943145751953,"[1.4040300846099854, 1.6748883724212646, 2.1130127906799316]","[0.81333766892671, 0.781531007751938, 0.7792063492063492]","[0.8737263679504395, 1.7851238250732422, 1.67916738986969, 0.9341806173324585, 3.040943145751953]","[0.8255205322356536, 0.5240504599107522, 0.6049184149184149, 0.7515897435897436, 0.533]",0.5841629000060493
6,dtr,0.0,0.0,1.1176490783691406,0.8226461769879327,0.1804153328657926,1.2307000160217285,1.844476342201233,0.6206362022081565,0.7405156546830575,2.981261730194092,"[0.971845805644989, 1.9739784002304077, 1.2307000160217285]","[0.8386941128741521, 0.7342441860465116, 0.7752380952380953]","[0.5721825361251831, 1.3740606307983398, 1.289025068283081, 0.688867449760437, 2.981261730194092]","[0.8737208749951518, 0.6196963349206828, 0.6112004662004662, 0.7649230769230769, 0.5496666666666667]",0.5832912999903783
7,dtr,0.0,0.0,1.3238604068756104,0.8067543218321468,0.16467323521867963,1.8451709747314453,2.0106263160705566,0.5863598241880131,0.447999227049082,2.6998395919799805,"[1.1486690044403076, 2.1110806465148926, 1.8451709747314453]","[0.8235400119920667, 0.76375, 0.7442857142857143]","[0.8276726603507996, 1.8273518085479736, 1.4583518505096436, 0.9919731020927429, 2.6998395919799805]","[0.8240352987828713, 0.5436402219673584, 0.6000699300699301, 0.756923076923077, 0.5646666666666668]",0.5788979999924777
8,dtr,0.0,0.0,1.6335573196411133,0.8055285798402446,0.08117411832912404,2.1822104454040527,2.505066394805908,0.5825523702563831,0.9139994700264993,3.6065075397491455,"[1.604979157447815, 1.5539088249206543, 2.1822104454040527]","[0.8161344725796781, 0.7575000000000001, 0.7617460317460318]","[0.8626196980476379, 2.1656386852264404, 2.1447596549987793, 1.1954938173294067, 3.6065075397491455]","[0.7832076523525903, 0.5401698942269376, 0.602004662004662, 0.7462564102564102, 0.5566666666666666]",0.5796436000091489
9,dtr,0.0,0.0,1.1891522407531738,0.8131489369485216,0.010491654772948777,1.3717138767242432,2.2863688468933105,0.6164434439301574,0.8609508278918611,3.4053852558135986,"[1.152334213256836, 1.3674606084823608, 1.3717138767242432]","[0.8145731083079418, 0.789452519379845, 0.795079365079365]","[0.5844578742980957, 1.773817777633667, 2.2504546642303467, 1.4886857271194458, 3.4053852558135986]","[0.866422018503328, 0.5780054824587356, 0.5702564102564102, 0.7412307692307692, 0.5903333333333334]",0.5782166999997571
0,dtr,0.0,0.001,1.6675293445587158,0.7791368726265843,0.0985902117119445,2.200831651687622,1.849379301071167,0.593432889547501,0.5028035883723823,2.5249390602111816,"[1.5288710594177246, 2.1889002323150635, 2.200831651687622]","[0.7990913985630228, 0.7071608527131782, 0.703015873015873]","[0.701468288898468, 1.7568124532699585, 1.1907707452774048, 0.6270794868469238, 2.5249390602111816]","[0.8649776773025714, 0.5332863300340864, 0.6112587412587412, 0.8074871794871795, 0.5616666666666666]",1.506775000001653
1,dtr,0.0,0.001,1.870265245437622,0.7977156240510542,0.2678535303803863,2.4110560417175293,2.1343016624450684,0.5162062482076843,0.29457570127862026,2.3962819576263428,"[1.6363366842269897, 2.8927178382873535, 2.4110560417175293]","[0.810219362575527, 0.7708333333333333, 0.7506349206349207]","[1.271904468536377, 2.366220474243164, 2.071443796157837, 1.1255635023117065, 2.3962819576263428]","[0.6947243083190063, 0.46168551909215505, 0.42518648018648014, 0.6254358974358973, 0.5533333333333333]",1.4455687000008766
2,dtr,0.0,0.001,1.4532016515731812,0.8091825627972451,0.10896006593620516,2.150897979736328,1.8563892841339111,0.6123811859358637,0.466029161802137,2.4674878120422363,"[1.3934404850006104, 1.5271918773651123, 2.150897979736328]","[0.8143503297818366, 0.7809738372093024, 0.7784126984126984]","[0.8128376007080078, 1.84380304813385, 1.142972469329834, 0.635319709777832, 2.4674878120422363]","[0.8420949633297635, 0.5731989664850967, 0.7423892773892774, 0.8048205128205128, 0.5693333333333332]",1.440407400004915
3,dtr,0.0,0.001,1.6252076625823975,0.7489333036348857,0.3737639746887504,2.0320143699645996,2.437499523162842,0.4866908644786876,0.7102198578238733,3.21100115776062,"[1.3730859756469727, 2.867152214050293, 2.0320143699645996]","[0.7458962483845066, 0.7737548449612403, 0.7749206349206349]","[1.1359230279922485, 2.4287514686584473, 2.40592622756958, 1.0019611120224, 3.21100115776062]","[0.7275225959396872, 0.3988453303143614, 0.41564102564102556, 0.7975384615384615, 0.5066666666666666]",1.41056910000043
4,dtr,0.0,0.001,1.7336164712905884,0.812658533957158,0.0480352000917637,2.2123239040374756,1.803839921951294,0.6037103884348971,0.5485645160671482,2.7241783142089844,"[1.721928596496582, 1.777936577796936, 2.2123239040374756]","[0.8138528204418616, 0.8279941860465115, 0.7561904761904762]","[0.5739105939865112, 1.4788131713867188, 1.356859564781189, 0.8532718420028687, 2.7241783142089844]","[0.8807442502361813, 0.5585248686371335, 0.5885547785547786, 0.7810256410256411, 0.5673333333333334]",1.4207669000024907
5,dtr,0.0,0.001,1.5687466859817505,0.8050140713803395,0.1063999506302606,2.2494683265686035,1.9732379913330078,0.5769562361758072,0.5425076771729413,2.8288841247558594,"[1.473677396774292, 1.696009874343872, 2.2494683265686035]","[0.8122417785157511, 0.7722286821705426, 0.7792063492063492]","[0.8347877264022827, 1.742896318435669, 1.5341522693634033, 0.8233332633972168, 2.8288841247558594]","[0.8470821423078375, 0.5311782670886006, 0.6091142191142191, 0.7541538461538462, 0.5313333333333333]",1.407857199999853
6,dtr,0.0,0.001,1.0945512056350708,0.8181812127511812,0.08812152303294596,1.294603705406189,1.7540347576141357,0.6203991666095374,0.6689506001105627,2.8214449882507324,"[0.9800054430961609, 1.7050349712371826, 1.294603705406189]","[0.8321187704083985, 0.7388953488372093, 0.7823809523809524]","[0.5509089231491089, 1.3243979215621948, 1.1738512516021729, 0.6274580359458923, 2.8214449882507324]","[0.8867357683266961, 0.6147646585537959, 0.6181934731934733, 0.7674871794871795, 0.5506666666666666]",1.4114624000067124
7,dtr,0.0,0.001,1.3562557697296143,0.8095752033576232,0.11889272620628176,1.8841755390167236,1.898014783859253,0.5905910676228286,0.377840615662924,2.4887003898620605,"[1.210666537284851, 1.9887899160385132, 1.8841755390167236]","[0.8218961763756285, 0.760625, 0.7696825396825397]","[0.7616262435913086, 1.7562135457992554, 1.388458490371704, 0.9590252041816711, 2.4887003898620605]","[0.8266999621363663, 0.5491178128413405, 0.6042657342657343, 0.7515897435897436, 0.5696666666666667]",1.4146709000051487
8,dtr,0.0,0.001,1.5133585929870605,0.8148527436414325,0.07601624984944048,2.009082317352295,2.3396155834198,0.5911615606494893,0.780823067197324,3.329437255859375,"[1.4987996816635132, 1.3708198070526123, 2.009082317352295]","[0.8254495410728288, 0.766875, 0.764920634920635]","[0.8054684400558472, 2.0296945571899414, 2.0669803619384766, 1.110632300376892, 3.329437255859375]","[0.7931471677049038, 0.5576695885062929, 0.6153962703962704, 0.7462564102564102, 0.5536666666666666]",1.4083517000108259
9,dtr,0.0,0.001,1.2113687992095947,0.8135865737100098,0.014243309913733052,1.4622862339019775,2.119859457015991,0.6145656562120978,0.7419965454194971,3.153782367706299,"[1.1740987300872803, 1.3606879711151123, 1.4622862339019775]","[0.8145731083079418, 0.7925775193798449, 0.795079365079365]","[0.5448761582374573, 1.6721805334091187, 1.9967674016952515, 1.2785545587539673, 3.153782367706299]","[0.8824662809196406, 0.5711170677327047, 0.5744522144522144, 0.7412307692307692, 0.5873333333333333]",1.4107629999925848
0,dtr,0.0,0.003,1.569785475730896,0.7842689036014537,0.0797867065274084,2.0993807315826416,1.6104872226715088,0.6052135058938737,0.39742224990156955,2.1858036518096924,"[1.4504774808883667, 1.982856035232544, 2.0993807315826416]","[0.797457525586684, 0.7371608527131783, 0.7284126984126984]","[0.664237380027771, 1.5685663223266602, 1.0005519390106201, 0.45445674657821655, 2.1858036518096924]","[0.8684654097264822, 0.5554581667887273, 0.6087878787878788, 0.8634871794871796, 0.5640000000000001]",1.4672935000126017
1,dtr,0.0,0.003,1.7794440984725952,0.8021640869805298,0.11658379781526189,2.315422773361206,1.8365843296051025,0.521332359877824,0.19545974349285528,1.978306531906128,"[1.6304357051849365, 2.3885271549224854, 2.315422773361206]","[0.8096714173700474, 0.760625, 0.7823809523809524]","[1.1027499437332153, 2.078056573867798, 1.8625036478042603, 1.0607092380523682, 1.978306531906128]","[0.6924363512460718, 0.4624611559232445, 0.4371794871794871, 0.635897435897436, 0.564]",1.4190448999870569
2,dtr,0.0,0.003,1.5547754764556885,0.8121409368859218,0.120982650798712,2.283845901489258,1.7144790887832642,0.6261312783647146,0.42816785535239654,2.2815585136413574,"[1.503072738647461, 1.5981342792510986, 2.283845901489258]","[0.8165421106037544, 0.7747238372093024, 0.7907936507936508]","[0.7399986386299133, 1.7190662622451782, 0.9730952978134155, 0.5289338827133179, 2.2815585136413574]","[0.8456662543110017, 0.593345669001947, 0.7661655011655012, 0.8366153846153846, 0.5740000000000001]",1.4255511999945156
3,dtr,0.0,0.003,1.041533350944519,0.773436607239674,0.11032117467979043,1.372524619102478,2.193418025970459,0.5326640202497924,0.6257986047918598,3.077932357788086,"[0.9011421203613281, 1.7111104726791382, 1.372524619102478]","[0.7734572464934499, 0.7691763565891472, 0.782063492063492]","[0.9292984008789062, 1.9466838836669922, 2.2341771125793457, 1.0647958517074585, 3.077932357788086]","[0.7727526840998746, 0.49171423318789775, 0.5234965034965036, 0.7335384615384616, 0.5189999999999999]",1.428226200005156
4,dtr,0.0,0.003,1.5508371591567993,0.8223840731881674,0.04731225536352213,2.026705265045166,1.7596817016601562,0.6049854072899739,0.480127342824577,2.5747170448303223,"[1.5375947952270508, 1.599165439605713, 2.026705265045166]","[0.8198901803422352, 0.8342441860465115, 0.7784126984126984]","[0.5393753051757812, 1.4806382656097412, 1.272025227546692, 0.8804815411567688, 2.5747170448303223]","[0.8775132656591242, 0.5583641384736695, 0.6022144522144522, 0.7595897435897436, 0.5770000000000001]",1.4297800000058487
5,dtr,0.0,0.003,1.4180158376693726,0.8200851947189485,0.13313344210952335,2.1565866470336914,2.023716449737549,0.5726252028264749,0.5987909358231362,2.9187746047973633,"[1.35868239402771, 1.408905267715454, 2.1565866470336914]","[0.8228037019152479, 0.8019525193798449, 0.7919047619047619]","[0.7847090363502502, 1.7239071130752563, 1.615176796913147, 0.8402283787727356, 2.9187746047973633]","[0.8147346380983068, 0.5280338891713043, 0.6196503496503497, 0.748923076923077, 0.5343333333333333]",1.4321088999859057
6,dtr,0.0,0.003,0.9723241925239563,0.8173442079885052,0.033803381592188465,1.2802704572677612,1.5248186588287354,0.6378146795863332,0.5449617731200528,2.4894847869873047,"[0.8931938409805298, 1.2860910892486572, 1.2802704572677612]","[0.828671696933928, 0.768890503875969, 0.7760317460317461]","[0.5081674456596375, 1.1645151376724243, 0.9075130224227905, 0.46525144577026367, 2.4894847869873047]","[0.8957876088589078, 0.6371767040203724, 0.7085081585081585, 0.86, 0.5493333333333332]",1.4233002999972086
7,dtr,0.0,0.003,1.33310866355896,0.8118609176433376,0.09613850086084123,1.8881486654281616,1.8057873249053955,0.5909614210247931,0.3204956872292518,2.3082613945007324,"[1.2077414989471436, 1.8401912450790405, 1.8881486654281616]","[0.8218961763756285, 0.760625, 0.7823809523809524]","[0.723339855670929, 1.7008416652679443, 1.3443334102630615, 0.9245353937149048, 2.3082613945007324]","[0.8335477152063197, 0.5439921087116656, 0.6154545454545455, 0.7541538461538462, 0.5726666666666667]",1.442259199990076
8,dtr,0.0,0.003,1.3587459325790405,0.8310101567101235,0.06168775435384394,1.8315826654434204,2.2620224952697754,0.5968549607452145,0.8045909399186405,3.2886757850646973,"[1.341620683670044, 1.2742751836776733, 1.8315826654434204]","[0.8335373241312576, 0.8269525193798449, 0.7744444444444445]","[0.7313493490219116, 1.901740312576294, 1.908687949180603, 0.994552731513977, 3.2886757850646973]","[0.8045249591805493, 0.5713883744284687, 0.6215850815850816, 0.7488205128205128, 0.546]",1.4431906999961939
9,dtr,0.0,0.003,1.1357157230377197,0.8277058989738382,0.023099943561163627,1.455954909324646,1.8599660396575928,0.6115450643792437,0.5679373569892634,2.728065013885498,"[1.087730884552002, 1.3193618059158325, 1.455954909324646]","[0.8337397749746087, 0.789452519379845, 0.795079365079365]","[0.4949818551540375, 1.5305486917495728, 1.7155739068984985, 0.9759010076522827, 2.728065013885498]","[0.8817682210425406, 0.5587726361482512, 0.5702564102564102, 0.743897435897436, 0.5966666666666667]",1.4416347999940626
0,dtr,0.0,0.01,1.4808757305145264,0.8022908501375949,0.06156348054384214,1.9845575094223022,1.4465224742889404,0.6164111386754331,0.32421418753638226,1.9202377796173096,"[1.388608694076538, 1.7898759841918945, 1.9845575094223022]","[0.7980154334322631, 0.832015503875969, 0.7987301587301587]","[0.603717565536499, 1.4518464803695679, 0.8580276370048523, 0.3668145537376404, 1.9202377796173096]","[0.870714067461465, 0.5724363177372103, 0.6266433566433567, 0.8785641025641026, 0.5733333333333333]",1.5072367000102531
1,dtr,0.0,0.01,1.2078495025634766,0.8244034349918185,0.08080106672984834,1.6592775583267212,1.5380886793136597,0.5425235806821546,0.19524834584333006,1.9343822002410889,"[1.218376874923706, 0.972126305103302, 1.6592775583267212]","[0.8136579983037908, 0.887577519379845, 0.795079365079365]","[0.7605284452438354, 1.510392427444458, 1.5078647136688232, 0.8569623827934265, 1.9343822002410889]","[0.772286647194124, 0.48655576699589814, 0.44277389277389273, 0.6599831862126944, 0.5546666666666666]",1.453715799987549
2,dtr,0.0,0.01,1.0385212898254395,0.8515026767839158,0.068310587888311,1.616315484046936,1.2602380514144897,0.6704028835528513,0.2805394373682772,1.8353837728500366,"[0.9775492548942566, 1.2597715854644775, 1.616315484046936]","[0.8565037849372488, 0.8139680232558139, 0.793968253968254]","[0.5325387716293335, 1.1388604640960693, 0.6685976982116699, 0.36848321557044983, 1.8353837728500366]","[0.878062139813949, 0.6596651793382627, 0.8667365967365969, 0.893948717948718, 0.5836666666666667]",1.4493694999982836
3,dtr,0.0,0.01,0.5275348424911499,0.8345408517350815,0.06340787376574752,0.6234094500541687,1.9965457916259766,0.5664034134852194,0.8129560675452476,3.1465249061584473,"[0.4626474976539612, 1.0587339401245117, 0.6234094500541687]","[0.826641347780291, 0.8404941860465115, 0.8804761904761905]","[0.6295395493507385, 1.541120171546936, 1.976919412612915, 0.8325870633125305, 3.1465249061584473]","[0.8332018951655218, 0.5526392416042878, 0.5160839160839161, 0.7415384615384616, 0.5033333333333333]",1.4602260999963619
4,dtr,0.0,0.01,1.3257508277893066,0.828145461089516,0.045871054784141864,1.8002805709838867,1.5847022533416748,0.6038920145258692,0.35882619039161967,2.2427151203155518,"[1.3070857524871826, 1.3987996578216553, 1.8002805709838867]","[0.8240053606609379, 0.8342441860465115, 0.7979365079365079]","[0.500131368637085, 1.3832051753997803, 1.1438019275665283, 0.7748674750328064, 2.2427151203155518]","[0.8742930858657525, 0.5569783561010092, 0.6008158508158508, 0.7595897435897436, 0.5783333333333334]",1.4547401000017999
5,dtr,0.0,0.01,1.4790879487991333,0.8216964046201289,0.16224396834787866,2.2925198078155518,1.7428308725357056,0.5865134043911738,0.3831353140125751,2.3629941940307617,"[1.4231541156768799, 1.4537944793701172, 2.2925198078155518]","[0.8240281917111663, 0.8023691860465115, 0.8019047619047619]","[0.6575779318809509, 1.528201937675476, 1.562288522720337, 0.7697656750679016, 2.3629941940307617]","[0.8457511865329937, 0.5444245117921074, 0.6224475524475526, 0.7514871794871796, 0.5503333333333333]",1.4562237999925856
6,dtr,0.0,0.01,0.8128057718276978,0.8340750918953299,0.048387095904372596,1.2109876871109009,1.3258978128433228,0.6784679314191292,0.5069885376077374,2.3051135540008545,"[0.8012809753417969, 0.7030712366104126, 1.2109876871109009]","[0.8332246234594571, 0.842921511627907, 0.8019047619047619]","[0.4409029483795166, 0.9218661189079285, 0.7566958665847778, 0.3165270686149597, 2.3051135540008545]","[0.9032602238246845, 0.7038325304246953, 0.7555827505827506, 0.9288205128205128, 0.557]",1.5030795999919064
7,dtr,0.0,0.01,0.9768287539482117,0.8302414295962681,0.08094805970154163,1.5020815134048462,1.5438789129257202,0.6077109944798474,0.30604292551446066,2.164883613586426,"[0.9523470997810364, 0.8562556505203247, 1.5020815134048462]","[0.823342284083967, 0.870140503875969, 0.7982539682539682]","[0.5671774744987488, 1.325227975845337, 1.1316921710968018, 0.7773553133010864, 2.164883613586426]","[0.8577734572491943, 0.5919431926195564, 0.6285780885780886, 0.7805128205128204, 0.5563333333333332]",1.4395370999991428
8,dtr,0.0,0.01,1.1602020263671875,0.8474862575510833,0.08008001492886604,1.6489452123641968,1.923691987991333,0.6098819486992694,0.5826644939670638,2.7690703868865967,"[1.1602927446365356, 0.9788559675216675, 1.6489452123641968]","[0.8511907919941187, 0.8398691860465115, 0.7807936507936508]","[0.5694562196731567, 1.6199296712875366, 1.6528139114379883, 0.8681610226631165, 2.7690703868865967]","[0.853960121400649, 0.5830263861949658, 0.6285780885780886, 0.7718974358974359, 0.5493333333333333]",1.4357574000023305
9,dtr,0.0,0.01,1.0553518533706665,0.8306861390728585,0.03598961041583948,1.4478237628936768,1.8496074676513672,0.6246927566595758,0.5319115717624785,2.6411385536193848,"[0.9922423362731934, 1.2993263006210327, 1.4478237628936768]","[0.8317648891298598, 0.8152858527131783, 0.8082539682539682]","[0.4398580491542816, 1.55037260055542, 1.6075141429901123, 1.0193166732788086, 2.6411385536193848]","[0.8875174730105391, 0.5824311102905962, 0.6038228438228438, 0.748923076923077, 0.6006666666666667]",1.4420270999980858
0,dtr,0.0,0.03,1.0446171760559082,0.8314436929489666,0.03803809274632957,1.424391746520996,1.171782374382019,0.6647941279737158,0.249919901345706,1.705669641494751,"[0.9727837443351746, 1.333528757095337, 1.424391746520996]","[0.8288510244557212, 0.8430620155038759, 0.8114285714285714]","[0.47605594992637634, 1.0341465473175049, 0.7539695501327515, 0.2716597318649292, 1.705669641494751]","[0.9003348729238357, 0.6542565274834654, 0.6933100233100233, 0.9183589743589742, 0.58]",1.4888723000040045
1,dtr,0.0,0.03,0.9804115295410156,0.8161718169547916,0.03961152573337282,1.3989299535751343,1.283728837966919,0.6313012566837892,0.1418644348258772,1.600677728652954,"[0.9563366174697876, 1.0006157159805298, 1.3989299535751343]","[0.8109381975565928, 0.8190358527131781, 0.8082539682539682]","[0.5375373959541321, 1.252847671508789, 1.3365764617919922, 0.8468989133834839, 1.600677728652954]","[0.8862791076034782, 0.5880431439171048, 0.49923076923076926, 0.7903589743589744, 0.609]",1.6381271999998717
2,dtr,0.0,0.03,0.6197971701622009,0.8624635695198732,0.03869556200572867,1.0202301740646362,1.1535133123397827,0.6913121681151582,0.2811501259606623,1.870589017868042,"[0.5593072772026062, 0.9113935232162476, 1.0202301740646362]","[0.868641809013629, 0.8248691860465115, 0.793968253968254]","[0.37787115573883057, 0.8298684358596802, 0.7885778546333313, 0.4773833155632019, 1.870589017868042]","[0.917781675969899, 0.7099108919513892, 0.8272494172494174, 0.8432820512820512, 0.5783333333333334]",1.6931659999972908
3,dtr,0.0,0.03,0.3971276879310608,0.8760917919469765,0.08245174982622198,0.730893075466156,1.7212388515472412,0.6233020452132438,0.5938378042967271,2.6883747577667236,"[0.3047870397567749, 1.0024616718292236, 0.730893075466156]","[0.8786941128741519, 0.8377858527131782, 0.8542857142857143]","[0.4413071572780609, 1.2134839296340942, 1.6823666095733643, 0.8730014562606812, 2.6883747577667236]","[0.8681844862764228, 0.6265078776698965, 0.6126573426573427, 0.7515897435897436, 0.5583333333333333]",1.6573818000033498
4,dtr,0.0,0.03,0.7384483218193054,0.8509983094108993,0.02695743279840536,1.0707576274871826,1.3093760013580322,0.6331805474525315,0.2940724883798845,1.9688453674316406,"[0.6936318874359131, 1.0031930208206177, 1.0707576274871826]","[0.8496301859335127, 0.8342441860465115, 0.8257142857142856]","[0.36010468006134033, 1.0291897058486938, 1.0143189430236816, 0.651725709438324, 1.9688453674316406]","[0.9027285753290958, 0.6101722295381848, 0.6078088578088578, 0.7888205128205128, 0.5763333333333333]",1.6198033000109717
5,dtr,0.0,0.03,1.2838853597640991,0.8353841024395751,0.11284464144882615,2.0048842430114746,1.4091150760650635,0.6252486952747117,0.2953721671979133,2.011946201324463,"[1.2123702764511108, 1.416944980621338, 2.0048842430114746]","[0.8360276537624876, 0.828202519379845, 0.8082539682539682]","[0.45743632316589355, 1.116804599761963, 1.331841230392456, 0.675676703453064, 2.011946201324463]","[0.883318268539662, 0.6208518721724475, 0.6286363636363637, 0.7823589743589744, 0.5626666666666666]",1.56626839999808
6,dtr,0.0,0.03,0.2754751741886139,0.8921504287121662,0.01206516090734766,0.5153861045837402,1.35591721534729,0.6952731427633485,0.8167341004547375,2.721874952316284,"[0.2468944787979126, 0.3962203860282898, 0.5153861045837402]","[0.8927513980547248, 0.8773691860465116, 0.8768253968253967]","[0.2881697714328766, 0.6609405279159546, 0.7826520800590515, 0.32176536321640015, 2.721874952316284]","[0.9193971682584274, 0.7848174084954126, 0.7712937062937063, 0.9127179487179488, 0.5136666666666667]",1.5488882000063313
7,dtr,0.0,0.03,0.8659608960151672,0.8341347993172368,0.06450436154114907,1.3233530521392822,1.2252002954483032,0.6410626900495806,0.19131609559081966,1.7197189331054688,"[0.766696572303772, 1.2855862379074097, 1.3233530521392822]","[0.8370502772577136, 0.8114583333333332, 0.8082539682539682]","[0.41204267740249634, 0.9928182363510132, 1.0730098485946655, 0.7007039189338684, 1.7197189331054688]","[0.8824951122940764, 0.6403513190293231, 0.6352447552447552, 0.7908717948717948, 0.5803333333333334]",1.5522501000086777
8,dtr,0.0,0.03,0.959031879901886,0.8562460490130691,0.06797263488063818,1.4175970554351807,1.725320816040039,0.6176974236744414,0.5523765539542479,2.6221773624420166,"[0.9563362002372742, 0.8044673800468445, 1.4175970554351807]","[0.8547738139949489, 0.8817441860465116, 0.7868253968253969]","[0.460092157125473, 1.3722606897354126, 1.4462201595306396, 0.7641624212265015, 2.6221773624420166]","[0.8958808222591422, 0.6154135913660623, 0.622983682983683, 0.7772307692307693, 0.5296666666666667]",1.5960832999990089
9,dtr,0.0,0.03,0.796413242816925,0.8374384944370743,0.03799281287869386,1.1607404947280884,1.468908429145813,0.6536727856922874,0.4171809820080332,2.248506546020508,"[0.7253483533859253, 1.1127291917800903, 1.1607404947280884]","[0.8372900032851108, 0.8352858527131783, 0.8114285714285714]","[0.3307151198387146, 1.0909980535507202, 1.359580159187317, 0.7490978837013245, 2.248506546020508]","[0.9240720489028525, 0.6409601916217553, 0.5932284382284382, 0.7595897435897436, 0.5970000000000001]",1.7079815000033705
0,dtr,0.0,0.1,0.5185023546218872,0.8642681286977808,0.007538027959063676,0.6959402561187744,1.0584205389022827,0.7093702990959286,0.2540421648750092,1.6977708339691162,"[0.4946393072605133, 0.654699981212616, 0.6959402561187744]","[0.864078919848, 0.8652858527131784, 0.8185714285714285]","[0.3288448750972748, 0.7713299989700317, 0.7653096318244934, 0.3064397871494293, 1.6977708339691162]","[0.9204219399963017, 0.7491501643125861, 0.7826340326340326, 0.9131282051282051, 0.5846666666666668]",1.5542427000036696
1,dtr,0.0,0.1,0.5658091306686401,0.8466036449390113,0.04742940987533551,0.7978837490081787,0.9716390371322632,0.6779534286832443,0.13540061811197446,1.402889370918274,"[0.4770415425300598, 1.006552815437317, 0.7978837490081787]","[0.8480924109231351, 0.8309108527131783, 0.8225396825396825]","[0.3278518617153168, 0.7967691421508789, 1.0859650373458862, 0.649504542350769, 1.402889370918274]","[0.922013032957738, 0.690030687106723, 0.7254662004662005, 0.8192820512820512, 0.5860000000000001]",1.711464000007254
2,dtr,0.0,0.1,0.3136036694049835,0.8956912712146275,0.016865637879204896,0.4781074523925781,1.2108404636383057,0.674033744584856,0.3082829301364355,1.9821579456329346,"[0.2715107202529907, 0.5842934846878052, 0.4781074523925781]","[0.8975035773822466, 0.8738275193798449, 0.8725396825396825]","[0.30729398131370544, 0.8402197957038879, 1.2085323333740234, 0.8187530636787415, 1.9821579456329346]","[0.9192600937130437, 0.7164583944014866, 0.5504662004662004, 0.6069184149184149, 0.568]",1.6336756000091555
3,dtr,0.0,0.1,0.23841555416584015,0.9340435611490457,0.022041716150532603,0.3246554136276245,1.6061004400253296,0.614507065815187,0.6168867833906833,2.638460636138916,"[0.20540282130241394, 0.5625553131103516, 0.3246554136276245]","[0.9376140888900185, 0.9167441860465116, 0.8828571428571429]","[0.39068087935447693, 1.073961853981018, 1.635967493057251, 0.7503174543380737, 2.638460636138916]","[0.8971560081434895, 0.641724730564025, 0.5760839160839161, 0.7545641025641026, 0.5076666666666667]",1.608273999998346
4,dtr,0.0,0.1,0.26157987117767334,0.9307963871329722,0.025050338207457983,0.43370944261550903,1.1982450485229492,0.6681867946482316,0.2877477646819381,1.8948230743408203,"[0.21126346290111542, 0.5974680185317993, 0.43370944261550903]","[0.9427808708650195, 0.8479941860465117, 0.8971428571428571]","[0.268756240606308, 0.8286136388778687, 1.0319162607192993, 0.7038137316703796, 1.8948230743408203]","[0.9260319696696031, 0.6848018739418792, 0.6287878787878788, 0.7752820512820513, 0.579]",1.588019599992549
5,dtr,0.0,0.1,0.5982629060745239,0.865338676851674,0.03964350364566687,1.0269572734832764,1.2275913953781128,0.6770806091797918,0.2483943042978458,1.7673511505126953,"[0.5424181222915649, 0.8327722549438477, 1.0269572734832764]","[0.8661646400638574, 0.8723691860465117, 0.8082539682539682]","[0.3302789330482483, 0.8832955360412598, 1.3755195140838623, 0.7694515585899353, 1.7673511505126953]","[0.9263376033458112, 0.7134908688665219, 0.630034965034965, 0.7797948717948718, 0.5833333333333334]",1.6970134000002872
6,dtr,0.0,0.1,0.22581493854522705,0.9321435678801976,0.02452658953499487,0.36858001351356506,0.9720178842544556,0.7139125663033201,0.3028830461201957,1.7655878067016602,"[0.16890716552734375, 0.5524119138717651, 0.36858001351356506]","[0.9495583719027945, 0.8408333333333333, 0.8828571428571429]","[0.2200075387954712, 0.5433823466300964, 0.8389531373977661, 0.3606507182121277, 1.7655878067016602]","[0.9442087155610176, 0.7774185349675068, 0.7422144522144523, 0.9152820512820513, 0.563]",1.6156378000014229
7,dtr,0.0,0.1,0.2919047474861145,0.9018037905541363,0.046238155918530956,0.4430851936340332,1.0696473121643066,0.6864667651590942,0.22949156577307211,1.6891530752182007,"[0.21605734527111053, 0.7411723732948303, 0.4430851936340332]","[0.9161108833183196, 0.8046608527131782, 0.8757142857142857]","[0.2645396590232849, 0.716465175151825, 1.0164467096328735, 0.6144142150878906, 1.6891530752182007]","[0.9216483272264643, 0.7189444372544525, 0.6216083916083915, 0.8167179487179487, 0.595]",1.5165296999912243
8,dtr,0.0,0.1,0.6012295484542847,0.8625577445191807,0.01102907196856743,0.8092811703681946,1.6323902606964111,0.6414618211392835,0.5211915214928879,2.5084359645843506,"[0.5687402486801147, 0.7679782509803772, 0.8092811703681946]","[0.8595355408525662, 0.8696608527131783, 0.8471428571428572]","[0.35746103525161743, 1.2252240180969238, 1.504734754562378, 0.8411466479301453, 2.5084359645843506]","[0.9027172391626064, 0.6588085303678903, 0.6163170163170164, 0.7743216783216783, 0.545]",1.551241499997559
9,dtr,0.0,0.1,0.4787539541721344,0.8799570830263728,0.06615644490091101,0.6209248900413513,1.4736981391906738,0.6647578067570729,0.42174207702323085,2.224149703979492,"[0.3930152952671051, 1.0156418085098267, 0.6209248900413513]","[0.8865708252029192, 0.8337596899224806, 0.8471428571428572]","[0.29622960090637207, 1.0321186780929565, 1.6161212921142578, 0.9846328496932983, 2.224149703979492]","[0.9140020823122501, 0.6720254295005905, 0.5801048951048952, 0.7515897435897436, 0.6033333333333333]",1.4971343999932287
0,dtr,0.0,0.3,0.17004403471946716,0.9700986204683384,0.03914375752100228,0.1755925416946411,0.977537989616394,0.7104027339366127,0.24534046924645145,1.6269880533218384,"[0.1211242526769638, 0.5653977394104004, 0.1755925416946411]","[0.9810251169791288, 0.8923013565891473, 0.9614285714285714]","[0.22689160704612732, 0.6183747053146362, 0.9142964482307434, 0.37628045678138733, 1.6269880533218384]","[0.9400012265174669, 0.7650683045527602, 0.6428088578088578, 0.905025641025641, 0.5853333333333334]",1.5718933000025572
1,dtr,0.0,0.3,0.29558640718460083,0.9323660548693298,0.11172150328021994,0.42248502373695374,0.9986315965652466,0.6948124058096617,0.18346315687304582,1.5170066356658936,"[0.1814732551574707, 0.9796086549758911, 0.42248502373695374]","[0.9466164873033758, 0.820702519379845, 0.9511111111111111]","[0.2854421138763428, 0.7418784499168396, 1.1666221618652344, 0.6406728029251099, 1.5170066356658936]","[0.9386913679051465, 0.7272621759329286, 0.7121328671328672, 0.8006153846153847, 0.5866666666666667]",1.6803119999967748
2,dtr,0.0,0.3,0.14440232515335083,0.9658469448626426,0.014735528164725675,0.2204328328371048,1.2848542928695679,0.679246743225969,0.3343135725156606,2.0330114364624023,"[0.10933220386505127, 0.4037388861179352, 0.2204328328371048]","[0.9768495715707066, 0.8898691860465116, 0.9511111111111111]","[0.2758598327636719, 0.9244605302810669, 1.277527928352356, 0.8479992151260376, 2.0330114364624023]","[0.9269868645687266, 0.7132377409918587, 0.6854662004662004, 0.7853426573426574, 0.5680000000000001]",1.5829497000086121
3,dtr,0.0,0.3,0.19129183888435364,0.9646215182765729,0.03189312552411631,0.2891078591346741,1.3905858993530273,0.6553500596880528,0.46659307872869304,2.262974262237549,"[0.1460832953453064, 0.575613796710968, 0.2891078591346741]","[0.9807210027777542, 0.8779941860465115, 0.8757142857142857]","[0.3121072053909302, 0.9168180227279663, 1.5203611850738525, 0.7017737030982971, 2.262974262237549]","[0.9268936511684924, 0.6810821294375529, 0.6223892773892774, 0.7646153846153847, 0.5516666666666666]",1.5903710999991745
4,dtr,0.0,0.3,0.17152616381645203,0.9723663010968933,0.04063498390820062,0.20732371509075165,1.1135655641555786,0.6867967455158914,0.2338232201568097,1.7262340784072876,"[0.11420442909002304, 0.5807093381881714, 0.20732371509075165]","[0.983328816070499, 0.8918846899224807, 0.9614285714285714]","[0.24713747203350067, 0.7785570025444031, 1.0834602117538452, 0.7797181010246277, 1.7262340784072876]","[0.9383510615009651, 0.7252654371692477, 0.6154545454545455, 0.8064615384615385, 0.5896666666666667]",1.5735635000019101
5,dtr,0.0,0.3,0.24635343253612518,0.9503144098808882,0.07931119191156515,0.3934269845485687,1.2832568883895874,0.6921133927430454,0.30368988315454876,1.8405418395996094,"[0.1526665985584259, 0.832891583442688, 0.3934269845485687]","[0.9680824482830355, 0.8227180232558139, 0.9542857142857143]","[0.31912508606910706, 0.924767017364502, 1.603626012802124, 0.8243793249130249, 1.8405418395996094]","[0.9316073266149314, 0.7578768042967439, 0.6061655011655012, 0.774983682983683, 0.5863333333333334]",1.5262679000006756
6,dtr,0.0,0.3,0.16741840541362762,0.9728291593476917,0.09578510960759061,0.11941244453191757,0.9644365310668945,0.7054605098752875,0.27320780139146456,1.6861522197723389,"[0.08733540773391724, 0.7593169808387756, 0.11941244453191757]","[0.9848061925752727, 0.8758430232558139, 0.9828571428571429]","[0.21078117191791534, 0.5527870059013367, 1.0243396759033203, 0.448799192905426, 1.6861522197723389]","[0.9508229701704314, 0.7638597834611869, 0.5774009324009324, 0.8403729603729604, 0.5736666666666667]",1.5365955000015674
7,dtr,0.0,0.3,0.18621158599853516,0.9712342701220239,0.05861821132825337,0.17485544085502625,1.0476971864700317,0.7039911486523753,0.2690873911042443,1.7252012491226196,"[0.12355370819568634, 0.6608763933181763, 0.17485544085502625]","[0.9851519792087305, 0.8723013565891472, 0.9542857142857143]","[0.21499963104724884, 0.6393335461616516, 1.0348930358886719, 0.5342099666595459, 1.7252012491226196]","[0.9419814245372689, 0.7419653240888988, 0.6205361305361305, 0.8433846153846154, 0.6043333333333333]",1.5863126999902306
8,dtr,0.0,0.3,0.2636982798576355,0.9366734689742122,0.06817829606338026,0.3345769941806793,1.5218666791915894,0.6654781997710348,0.5351640933571981,2.463520050048828,"[0.1828509271144867, 0.7968001365661621, 0.3345769941806793]","[0.9470812029530229, 0.8567441860465117, 0.9471428571428572]","[0.32213538885116577, 1.0288809537887573, 1.5188289880752563, 0.7755810022354126, 2.463520050048828]","[0.9266812308925185, 0.7051630306152281, 0.5952447552447552, 0.7718601398601399, 0.5523333333333333]",1.5004113000031793
9,dtr,0.0,0.3,0.3097384572029114,0.9304805852284058,0.09899113319151592,0.3513324558734894,1.5214418172836304,0.6804293150025972,0.440169515617154,2.2224435806274414,"[0.21959996223449707, 0.943071722984314, 0.3513324558734894]","[0.9411027886732388, 0.8368846899224807, 0.9542857142857143]","[0.2815447151660919, 1.077426552772522, 1.7907606363296509, 1.1502991914749146, 2.2224435806274414]","[0.9238984234288928, 0.7060923700929549, 0.5998018648018648, 0.748923076923077, 0.6093333333333334]",1.5396477000031155
0,dtr,0.0,1.0,0.21900883316993713,0.9699177411587441,0.16120750928700567,0.13647381961345673,1.0990127325057983,0.6984661460078059,0.2841700723357127,1.7622594833374023,"[0.11259958893060684, 0.976009726524353, 0.13647381961345673]","[0.9819416798682944, 0.8900096899224806, 0.9614285714285714]","[0.2225220501422882, 0.7178837060928345, 1.1489497423171997, 0.5459688305854797, 1.7622594833374023]","[0.9478282738136361, 0.7454395283110807, 0.6044405594405594, 0.8381538461538461, 0.5993333333333333]",1.5502908999915235
1,dtr,0.0,1.0,0.18408241868019104,0.974203552453132,0.07520854782531014,0.21266166865825653,1.1133674383163452,0.6838790066646121,0.2340579762712574,1.6953752040863037,"[0.10350431501865387, 0.7321056127548218, 0.21266166865825653]","[0.9846040340032512, 0.905218023255814, 0.9542857142857143]","[0.2901487946510315, 0.8462018966674805, 1.264284372329712, 0.6855153441429138, 1.6953752040863037]","[0.931843614835193, 0.7038445462322277, 0.7307342657342657, 0.7952820512820512, 0.5826666666666667]",1.6295867999870097
2,dtr,0.0,1.0,0.19503141939640045,0.9658815293525587,0.07672748783337147,0.2143445909023285,1.474579095840454,0.6740785255131961,0.42774999659312696,2.2815780639648438,"[0.11433543264865875, 0.7455218434333801, 0.2143445909023285]","[0.9750915807031266, 0.902093023255814, 0.9511111111111111]","[0.2940092086791992, 1.0604510307312012, 1.5406759977340698, 1.0490665435791016, 2.2815780639648438]","[0.9283655372541892, 0.7141593845087657, 0.5903613053613054, 0.7763729603729603, 0.569]",1.6929517000098713
3,dtr,0.0,1.0,0.16237056255340576,0.9668508462749175,0.045613047173911986,0.20371857285499573,1.1219865083694458,0.6718079803561616,0.35748852564598566,1.9128401279449463,"[0.11389647424221039, 0.6051344275474548, 0.20371857285499573]","[0.9766509183720533, 0.8733430232558138, 0.9685714285714285]","[0.28724390268325806, 0.7541121244430542, 1.393508791923523, 0.5156787633895874, 1.9128401279449463]","[0.9391292716176967, 0.7056136194529138, 0.613100233100233, 0.8164755244755245, 0.556]",1.630806399989524
4,dtr,0.0,1.0,0.20455045998096466,0.97245300540718,0.08550812856077934,0.19155417382717133,1.1482658386230469,0.6830941963194481,0.24227071518584128,1.7717835903167725,"[0.1244906410574913, 0.7756091952323914, 0.19155417382717133]","[0.9846040340032512, 0.889593023255814, 0.9614285714285714]","[0.26598238945007324, 0.8122167587280273, 1.125685453414917, 0.8136032819747925, 1.7717835903167725]","[0.9433606286055356, 0.7136448534518898, 0.6224475524475526, 0.8293892773892775, 0.5880000000000001]",1.6348888000065926
5,dtr,0.0,1.0,0.18168698251247406,0.97348393675044,0.06845457528773158,0.21218952536582947,1.2148505449295044,0.6952168097406984,0.27490787347803813,1.7518587112426758,"[0.11262042820453644, 0.7106841802597046, 0.21218952536582947]","[0.985985312542064, 0.8879263565891472, 0.9511111111111111]","[0.31753310561180115, 0.9058176875114441, 1.513005018234253, 0.7173458933830261, 1.7518587112426758]","[0.9191338237970526, 0.7591466455665852, 0.646013986013986, 0.7737062937062937, 0.5846666666666666]",1.6389425999950618
6,dtr,0.0,1.0,0.1957048922777176,0.9737188281919902,0.1334042074433149,0.11118829250335693,1.1511383056640625,0.6802620212785278,0.35661186178765053,1.9479058980941772,"[0.10446276515722275, 0.8826061487197876, 0.11118829250335693]","[0.984078919848, 0.889593023255814, 0.99]","[0.24012391269207, 0.6841793656349182, 1.2213077545166016, 0.5753437876701355, 1.9479058980941772]","[0.9488774448786026, 0.7435040135015771, 0.5683100233100233, 0.7819114219114219, 0.5603333333333332]",1.6028566000022693
7,dtr,0.0,1.0,0.17654947936534882,0.9712962691312589,0.047563750181156904,0.14596685767173767,1.1173412799835205,0.6903831080491374,0.2610853216376114,1.7203353643417358,"[0.12579147517681122, 0.5981903076171875, 0.14596685767173767]","[0.9810509691077206, 0.8918846899224807, 0.9868253968253968]","[0.23559033870697021, 0.7761447429656982, 1.300039529800415, 0.7288673520088196, 1.7203353643417358]","[0.9453408266253376, 0.7185781499683653, 0.6251981351981353, 0.7986759906759907, 0.5896666666666668]",1.665318400002434
8,dtr,0.0,1.0,0.1983507126569748,0.9735923754711457,0.09356193425539776,0.19330133497714996,1.3861198425292969,0.6714194567510655,0.4937865305469652,2.298788070678711,"[0.11626646667718887, 0.8002123832702637, 0.19330133497714996]","[0.9858927199494716, 0.8923013565891473, 0.9542857142857143]","[0.2628623843193054, 0.8920317888259888, 1.3956208229064941, 0.6523410677909851, 2.298788070678711]","[0.9365475482635552, 0.733440040343851, 0.6205128205128205, 0.78395337995338, 0.539]",1.5196792000060668
9,dtr,0.0,1.0,0.270473837852478,0.955588463085806,0.17112944018264187,0.2648497521877289,1.6117690801620483,0.6546711466186786,0.4690920883267709,2.3600451946258545,"[0.15159866213798523, 1.0802695751190186, 0.2648497521877289]","[0.9656494885487058, 0.8775096899224806, 0.9542857142857143]","[0.30622902512550354, 1.1709239482879639, 1.71121346950531, 1.0733067989349365, 2.3600451946258545]","[0.9233218288044499, 0.6872342031702717, 0.5868298368298368, 0.7542564102564102, 0.5706666666666667]",1.5718732999957865
0,dtr,0.0,3.0,0.23955273628234863,0.9722358647659195,0.21105720751956483,0.16930630803108215,1.1240469217300415,0.6954959882871155,0.29804482971484925,1.776824951171875,"[0.11253763735294342, 1.1142361164093018, 0.16930630803108215]","[0.9857960223801712, 0.8868846899224806, 0.9542857142857143]","[0.23007187247276306, 0.7295117974281311, 1.2892916202545166, 0.5921645164489746, 1.776824951171875]","[0.9500447600536999, 0.7511794156638714, 0.5941724941724942, 0.8222564102564103, 0.5896666666666667]",1.5828184999991208
1,dtr,0.0,3.0,0.1768498420715332,0.9761241526406905,0.048352313744773896,0.16737000644207,1.1734867095947266,0.6573472467556147,0.252686259813803,1.8103418350219727,"[0.12255587428808212, 0.6098061203956604, 0.16737000644207]","[0.984424706481458, 0.917718023255814, 0.9653968253968254]","[0.31706738471984863, 0.9070588946342468, 1.2955780029296875, 0.7833279371261597, 1.8103418350219727]","[0.9248538497108207, 0.6757800301031954, 0.5844405594405595, 0.8173053613053615, 0.5526666666666668]",1.57862150001165
2,dtr,0.0,3.0,0.20298580825328827,0.9606368128470051,0.07339829236361572,0.25786522030830383,1.5350109338760376,0.6658879489150065,0.5020296783297544,2.4472928047180176,"[0.11898627132177353, 0.7504104375839233, 0.25786522030830383]","[0.9743724026209349, 0.870843023255814, 0.9511111111111111]","[0.31180405616760254, 1.0620739459991455, 1.553896188735962, 0.9833391904830933, 2.4472928047180176]","[0.9301343777636258, 0.7069372241636154, 0.5906293706293707, 0.7635244755244756, 0.5546666666666666]",1.665328999995836
3,dtr,0.0,3.0,0.15832151472568512,0.9707895771283093,0.034508274504450986,0.23845341801643372,1.3130643367767334,0.6721137443532177,0.4183106491924155,2.150418519973755,"[0.11068554222583771, 0.5527807474136353, 0.23845341801643372]","[0.9856805987373501, 0.8612596899224805, 0.9471428571428572]","[0.2929026782512665, 0.9160582423210144, 1.4496898651123047, 0.6749095916748047, 2.150418519973755]","[0.938503346956265, 0.7081763434672508, 0.6414918414918416, 0.7818088578088578, 0.556]",1.5131131999951322
4,dtr,0.0,3.0,0.1907515674829483,0.9700224594691693,0.057117347396696945,0.16878005862236023,1.0699632167816162,0.685035155000733,0.2275488651817234,1.6826549768447876,"[0.12837675213813782, 0.6543488502502441, 0.16878005862236023]","[0.9824122531813334, 0.8900096899224806, 0.9542857142857143]","[0.25199344754219055, 0.7189415693283081, 1.1261279582977295, 0.7530908584594727, 1.6826549768447876]","[0.9426414905438696, 0.7274415764421611, 0.6185780885780885, 0.8595897435897435, 0.5766666666666667]",1.477582599996822
5,dtr,0.0,3.0,0.18833386898040771,0.9744459145837029,0.08134991166234744,0.2028960883617401,1.2189162969589233,0.6984240934602071,0.29487748686438464,1.8135522603988647,"[0.11240851879119873, 0.7575969696044922, 0.2028960883617401]","[0.9861646400638573, 0.8950096899224806, 0.9582539682539682]","[0.3123435378074646, 0.8830400705337524, 1.5010172128677368, 0.7092121839523315, 1.8135522603988647]","[0.9270204745310915, 0.758429784219181, 0.691002331002331, 0.7763729603729603, 0.5773333333333334]",1.6038950000074692
6,dtr,0.0,3.0,0.2361619472503662,0.9692960208656398,0.20254001037399086,0.1366448849439621,1.2622416019439697,0.6583153258831529,0.4034255317570379,2.0529074668884277,"[0.12138275057077408, 1.0836107730865479, 0.1366448849439621]","[0.9805223495791011, 0.880218023255814, 0.99]","[0.26858624815940857, 0.7842354774475098, 1.4351189136505127, 0.6218970417976379, 2.0529074668884277]","[0.9407794366341984, 0.7286192518133849, 0.5585198135198135, 0.764065268065268, 0.5286666666666667]",1.583035599993309
7,dtr,0.0,3.0,0.19488301873207092,0.9732706481193845,0.09917360435737423,0.13496264815330505,1.0959855318069458,0.6926951355185564,0.2873270196685019,1.7793020009994507,"[0.11809426546096802, 0.7944115400314331, 0.13496264815330505]","[0.9840274000841516, 0.8891763565891473, 0.9868253968253968]","[0.24234378337860107, 0.6894255876541138, 1.2299363613128662, 0.6198354363441467, 1.7793020009994507]","[0.9436315895537705, 0.7324927797191709, 0.59497668997669, 0.8495477855477856, 0.5886666666666667]",1.5884751000121469
8,dtr,0.0,3.0,0.198102205991745,0.97590701199943,0.12864407630641023,0.14788787066936493,1.2843595743179321,0.6749554323034621,0.5089708524729957,2.2726900577545166,"[0.10693508386611938, 0.8874381184577942, 0.14788787066936493]","[0.9868186458753974, 0.902093023255814, 0.9614285714285714]","[0.2546483278274536, 0.7810263633728027, 1.2836004495620728, 0.5069060921669006, 2.2726900577545166]","[0.947227279862101, 0.7263637474611063, 0.6138461538461538, 0.8292867132867133, 0.5373333333333333]",1.5808421000110684
9,dtr,0.0,3.0,0.23084533214569092,0.9593392583973767,0.07506691897068427,0.14980661869049072,1.678666353225708,0.6680732553446964,0.47255794315407285,2.3193554878234863,"[0.176057368516922, 0.7436938285827637, 0.14980661869049072]","[0.9643321138888654, 0.9056346899224806, 0.9685714285714285]","[0.3486892580986023, 1.2819244861602783, 2.0285820960998535, 1.273592233657837, 2.3193554878234863]","[0.9153165025774758, 0.6963688677888074, 0.5597435897435897, 0.7334079254079254, 0.59]",1.5829152999940561
0,dtr,0.0,10.0,0.22435951232910156,0.9734149832404428,0.1812343802909293,0.1516227424144745,1.072528600692749,0.6943409750370987,0.2780688647842243,1.7131150960922241,"[0.11009722948074341, 1.03322434425354, 0.1516227424144745]","[0.9850687496528984, 0.8900096899224806, 0.9757142857142856]","[0.22141174972057343, 0.6798116564750671, 1.2661010026931763, 0.6063536405563354, 1.7131150960922241]","[0.9489365169336681, 0.7534374801800005, 0.5911072261072261, 0.8302564102564102, 0.5826666666666668]",1.6706694000022253
1,dtr,0.0,10.0,0.1766764372587204,0.9727733369785942,0.05848571060255795,0.17879679799079895,1.23167085647583,0.6660468538363109,0.26114855920508545,1.8438316583633423,"[0.11634993553161621, 0.6577311754226685, 0.17879679799079895]","[0.9820442351009866, 0.9098691860465117, 0.9653968253968254]","[0.3182472586631775, 0.9386686086654663, 1.4043024778366089, 0.9478985071182251, 1.8438316583633423]","[0.931843614835193, 0.6974748585722175, 0.5861655011655011, 0.7627599067599068, 0.5613333333333334]",1.5838711999967927
2,dtr,0.0,10.0,0.18137291073799133,0.9732197086095258,0.0684960937539431,0.2074880301952362,1.3212811946868896,0.6631278643642963,0.3888890019653607,2.1364548206329346,"[0.10947278887033463, 0.7071398496627808, 0.2074880301952362]","[0.9853313067305238, 0.8962596899224806, 0.9542857142857143]","[0.3044375479221344, 0.9158976674079895, 1.3477187156677246, 0.7216907739639282, 2.1364548206329346]","[0.9305234828219916, 0.6927539164319205, 0.6163752913752913, 0.7988811188811189, 0.5506666666666666]",1.6076624999986961
3,dtr,0.0,10.0,0.17285044491291046,0.9671363943694565,0.0356685105761172,0.2437286674976349,1.3105981349945068,0.6674330832256358,0.4134992370796434,2.1562740802764893,"[0.12327519804239273, 0.570317804813385, 0.2437286674976349]","[0.9802111093226552, 0.892718023255814, 0.9257142857142856]","[0.3183760344982147, 0.8880227208137512, 1.4848214387893677, 0.7145229578018188, 2.1562740802764893]","[0.9285183540922933, 0.7161205318953102, 0.5875058275058275, 0.7600932400932401, 0.5423333333333333]",1.5621251999982633
4,dtr,0.0,10.0,0.17989134788513184,0.9728654206793577,0.03685985266875491,0.1900646686553955,1.1327592134475708,0.6790338499013755,0.2434297768115974,1.7796427011489868,"[0.13005220890045166, 0.5639992952346802, 0.1900646686553955]","[0.9838767612759785, 0.8923013565891473, 0.9725396825396825]","[0.2792738080024719, 0.7903248071670532, 1.1574342250823975, 0.839181125164032, 1.7796427011489868]","[0.9452817545702722, 0.7158030715778498, 0.6505944055944056, 0.8381538461538461, 0.5613333333333334]",1.5255710000055842
5,dtr,0.0,10.0,0.18492577970027924,0.9748835513451908,0.06404327738047226,0.20037837326526642,1.3685766458511353,0.6823040061692677,0.3492468009669614,2.057849407196045,"[0.12214869260787964, 0.6938091516494751, 0.20037837326526642]","[0.9851519792087305, 0.9048013565891473, 0.9542857142857143]","[0.35445648431777954, 0.9816188812255859, 1.5864723920822144, 0.8802891969680786, 2.057849407196045]","[0.9122372720729146, 0.7526182122785767, 0.5598251748251748, 0.7192634032634032, 0.5593333333333332]",1.5146639000013238
6,dtr,0.0,10.0,0.24847321212291718,0.9712956213430758,0.18645551391640747,0.20818190276622772,1.028408169746399,0.6876313985657149,0.32569400165707946,1.7541580200195312,"[0.13139866292476654, 1.0833700895309448, 0.20818190276622772]","[0.9860720474712646, 0.877093023255814, 0.9542857142857143]","[0.262098491191864, 0.5563849210739136, 1.399224042892456, 0.5468150973320007, 1.7541580200195312]","[0.9469319195867738, 0.7656927215547233, 0.48223776223776227, 0.8485780885780885, 0.5513333333333333]",1.6596767000010004
7,dtr,0.0,10.0,0.1943039447069168,0.973599714560242,0.08058431948805748,0.1317933052778244,1.1913707256317139,0.6785971509959137,0.3015151745265064,1.8432995080947876,"[0.12865278124809265, 0.7324041128158569, 0.1317933052778244]","[0.9840274000841516, 0.892718023255814, 0.9828571428571429]","[0.24167823791503906, 0.7979779243469238, 1.3228739500045776, 0.7218726873397827, 1.8432995080947876]","[0.9411685416925641, 0.7102347152030418, 0.5862587412587412, 0.7826666666666667, 0.591]",1.536778100009542
8,dtr,0.0,10.0,0.1902323067188263,0.97590701199943,0.13229000190908982,0.16208945214748383,1.070765733718872,0.6958075561477364,0.3006050875032295,1.8426475524902344,"[0.09447512775659561, 0.8976172208786011, 0.16208945214748383]","[0.9868186458753974, 0.895843023255814, 0.9757142857142856]","[0.24727138876914978, 0.6651163101196289, 1.1016532182693481, 0.5950104594230652, 1.8426475524902344]","[0.9460599646870037, 0.7350606240612088, 0.666993006993007, 0.8726153846153846, 0.5740000000000001]",1.6470642000058433
9,dtr,0.0,10.0,0.30732062458992004,0.9419487368340718,0.14536530740124715,0.4419727325439453,1.3683750629425049,0.6685818230865143,0.3420727929356028,2.0070672035217285,"[0.186216801404953, 1.091967225074768, 0.4419727325439453]","[0.9604850819253951, 0.8462596899224806, 0.8828571428571429]","[0.289813756942749, 0.9977591633796692, 1.5698505640029907, 0.9565160870552063, 2.0070672035217285]","[0.9302525218737567, 0.6909182789511218, 0.5804895104895105, 0.7558508158508159, 0.5926666666666668]",1.532728699996369
0,hybrid,0.003,0.1,0.5724069476127625,0.8258394425181599,0.005745593718369295,0.708210289478302,0.936432957649231,0.695821198895087,0.11066499074427383,1.3109359741210938,"[0.5786834955215454, 0.5282415151596069, 0.708210289478302]","[0.8147738139949491, 0.8707025193798449, 0.8114285714285714]","[0.4256775379180908, 0.8209393620491028, 0.7886797189712524, 0.3936537206172943, 1.3109359741210938]","[0.8835828086123462, 0.7176874271226756, 0.7804895104895107, 0.9195897435897435, 0.573]",1.5797048000094946
1,hybrid,0.003,0.1,0.6480811834335327,0.8095678606007404,0.009397530602160012,0.8108054995536804,0.9411395788192749,0.6328635264602769,0.0683906006951959,1.2102411985397339,"[0.6058908700942993, 0.8122538328170776, 0.8108054995536804]","[0.8003016263652272, 0.850421511627907, 0.8193650793650793]","[0.4273417890071869, 0.911398708820343, 0.9425739049911499, 0.7022460103034973, 1.2102411985397339]","[0.8760515421924111, 0.616111352386404, 0.5243589743589744, 0.8540546448087432, 0.5596666666666668]",1.5279729000030784
2,hybrid,0.003,0.1,0.3357309103012085,0.8713682747085991,0.005915295087261185,0.4855775237083435,0.945941150188446,0.6951767314380943,0.12393802723227423,1.408750057220459,"[0.3107616901397705, 0.45898404717445374, 0.4855775237083435]","[0.8758049472452603, 0.8567441860465117, 0.8153968253968253]","[0.33855563402175903, 0.7578336596488953, 0.8123637437820435, 0.6122828125953674, 1.408750057220459]","[0.9010090648566477, 0.7428217314979517, 0.7204428904428906, 0.878974358974359, 0.5596666666666666]",1.612005600007251
3,hybrid,0.003,0.1,0.3667028546333313,0.845029475489621,0.014521747732886997,0.6276304721832275,1.2784359455108643,0.6168347401154524,0.2394009417564115,1.9081531763076782,"[0.3354427218437195, 0.44523778557777405, 0.6276304721832275]","[0.8418490642140348, 0.850077519379845, 0.8542857142857143]","[0.4925467073917389, 1.008994221687317, 1.143405556678772, 0.6765019297599792, 1.9081531763076782]","[0.8290952586900386, 0.6418171331495932, 0.7008974358974359, 0.8454358974358975, 0.5090000000000001]",1.5303858000115724
4,hybrid,0.003,0.1,0.33595436811447144,0.8940096776786728,0.020280121872580992,0.5079364776611328,1.065009355545044,0.683251322308343,0.1618810306109309,1.5586178302764893,"[0.2844499945640564, 0.6281434297561646, 0.5079364776611328]","[0.9057831539700423, 0.8104941860465116, 0.8765079365079366]","[0.3425687849521637, 0.8462691307067871, 0.8803108930587769, 0.6289663314819336, 1.5586178302764893]","[0.8997236055714195, 0.706609961061612, 0.7165617715617716, 0.844923076923077, 0.575]",1.5929159999941476
5,hybrid,0.003,0.1,0.4502381682395935,0.8437969450604891,0.010882402014676865,0.6798690557479858,0.9765853881835938,0.6346497015681847,0.11805341466279713,1.3653589487075806,"[0.4245556890964508, 0.561274528503418, 0.6798690557479858]","[0.8374188949413999, 0.881327519379845, 0.8122222222222222]","[0.34698885679244995, 0.7741467952728271, 1.0361193418502808, 0.6714393496513367, 1.3653589487075806]","[0.8814947398832944, 0.643551776618374, 0.6140559440559441, 0.7702564102564102, 0.5586666666666666]",1.7258138000033796
6,hybrid,0.003,0.1,0.36111900210380554,0.8456814173886261,0.011040142541170065,0.4842278063297272,1.0267890691757202,0.6853450090103265,0.2164300014096497,1.6562740802764893,"[0.3201027512550354, 0.5738564729690552, 0.4842278063297272]","[0.843653982749873, 0.8412499999999999, 0.8542857142857143]","[0.3044745922088623, 0.7444025278091431, 0.7832137942314148, 0.48347991704940796, 1.6562740802764893]","[0.9013249719337366, 0.7297429349463628, 0.7675874125874126, 0.8660512820512821, 0.5453333333333333]",1.623798300002818
7,hybrid,0.003,0.1,0.5042339563369751,0.8181592481835182,0.023901722539067787,0.700312077999115,1.045947551727295,0.6757643789654303,0.11179272480354656,1.4434244632720947,"[0.43895506858825684, 0.8069669604301453, 0.700312077999115]","[0.8173242498604534, 0.8220833333333333, 0.7982539682539682]","[0.4270678460597992, 0.8679981231689453, 0.8593791127204895, 0.683493971824646, 1.4434244632720947]","[0.8684077113360816, 0.6971196190726369, 0.7212004662004662, 0.809948717948718, 0.5900000000000001]",1.6700678000051994
8,hybrid,0.003,0.1,0.4348570704460144,0.8605248861496744,0.0078567368870692,0.5556787252426147,1.189880132675171,0.6536941074105281,0.22719014764961115,1.7880613803863525,"[0.44518405199050903, 0.33857184648513794, 0.5556787252426147]","[0.8587987205951981, 0.8973691860465116, 0.7804761904761905]","[0.3530043661594391, 0.9467619061470032, 0.9448810815811157, 0.6714619398117065, 1.7880613803863525]","[0.890600294206337, 0.67513718834499, 0.5761072261072261, 0.7692867132867133, 0.5556666666666666]",1.5872457999939797
9,hybrid,0.003,0.1,0.8243368864059448,0.8296100125415299,0.017194713831041025,1.1148560047149658,1.2775367498397827,0.6227661103158141,0.20886037011130668,1.7563244104385376,"[0.799172043800354, 0.9056921005249023, 1.1148560047149658]","[0.8322524358297352, 0.8075096899224807, 0.8050793650793651]","[0.3551529049873352, 1.1007566452026367, 1.065346360206604, 0.792609691619873, 1.7563244104385376]","[0.8775060696188792, 0.6056413236604977, 0.566060606060606, 0.7622564102564102, 0.5776666666666667]",1.610444699996151
0,hybrid,0.003,0.3,0.22104008495807648,0.9377459094396903,0.05819538518562043,0.2566687762737274,0.808184027671814,0.7359584589912875,0.12462858710005306,1.2790563106536865,"[0.14145946502685547, 0.70098477602005, 0.2566687762737274]","[0.957598222463193, 0.8231346899224807, 0.89]","[0.2506205439567566, 0.5829156041145325, 0.6872677803039551, 0.3999151289463043, 1.2790563106536865]","[0.9172988261284946, 0.8017217167501854, 0.7952214452214452, 0.9216410256410257, 0.593]",1.6888772000093013
1,hybrid,0.003,0.3,0.34523507952690125,0.8888735314937495,0.054788485623301464,0.4086342453956604,0.9319847822189331,0.6656910292872662,0.11853833719362342,1.3564372062683105,"[0.2640639543533325, 0.8168413043022156, 0.4086342453956604]","[0.8954782556719934, 0.8477858527131783, 0.8765079365079366]","[0.29148077964782715, 0.7864130735397339, 0.8828997611999512, 0.6678444147109985, 1.3564372062683105]","[0.9197028019346355, 0.6783989005168921, 0.6244988344988345, 0.8065641025641025, 0.5716666666666667]",1.627895500001614
2,hybrid,0.003,0.3,0.1904813051223755,0.9341201710686166,0.006226411551508173,0.24775278568267822,0.9897102117538452,0.661129845400487,0.13829069099191144,1.4423120021820068,"[0.16454753279685974, 0.3572346270084381, 0.24775278568267822]","[0.9431594511888054, 0.8634108527131783, 0.9511111111111111]","[0.27744922041893005, 0.8103048205375671, 0.9546524286270142, 0.8202873468399048, 1.4423120021820068]","[0.9079386951603462, 0.6954215298177875, 0.5017016317016317, 0.7691934731934731, 0.5493333333333333]",1.5870168000110425
3,hybrid,0.003,0.3,0.20821304619312286,0.9229465569428263,0.006182553097405267,0.3239576816558838,1.1956976652145386,0.629942204114126,0.2365428751987912,1.81618332862854,"[0.17984597384929657, 0.36256054043769836, 0.3239576816558838]","[0.9417585471714631, 0.8265358527131783, 0.8614285714285714]","[0.34629279375076294, 0.9015041589736938, 1.177497148513794, 0.7806435823440552, 1.81618332862854]","[0.8951616841974761, 0.6400828647450132, 0.5868181818181818, 0.7516550116550116, 0.5333333333333333]",1.6167248999990989
4,hybrid,0.003,0.3,0.20462723076343536,0.954287509754361,0.0463678232527397,0.25182217359542847,0.8510737419128418,0.7076883966474468,0.12615891456541192,1.331310510635376,"[0.13520202040672302, 0.6389949917793274, 0.25182217359542847]","[0.9674384051115948, 0.8629941860465117, 0.9542857142857143]","[0.2631092667579651, 0.5922526121139526, 0.8644886016845703, 0.610834002494812, 1.331310510635376]","[0.9190671352551272, 0.743101925145156, 0.7114335664335665, 0.9052867132867133, 0.5810000000000001]",1.6143985999951838
5,hybrid,0.003,0.3,0.17502418160438538,0.958304011061637,0.014875301033621904,0.23407769203186035,0.8427025675773621,0.6757817440856385,0.13022478353310948,1.29216468334198,"[0.13981106877326965, 0.4324524402618408, 0.23407769203186035]","[0.9714861427620722, 0.870843023255814, 0.9511111111111111]","[0.23496432602405548, 0.5876100659370422, 0.9621379971504211, 0.6032971143722534, 1.29216468334198]","[0.9279428222334587, 0.7099069987609117, 0.6235198135198136, 0.8260512820512821, 0.5633333333333332]",1.6152558000030695
6,hybrid,0.003,0.3,0.2116760015487671,0.9331074380250455,0.02676889888849625,0.2761828601360321,0.9478477239608765,0.6936533894599141,0.20080404728444273,1.5723209381103516,"[0.15561553835868835, 0.5468941926956177, 0.2761828601360321]","[0.9524038662649229, 0.832437015503876, 0.8685714285714285]","[0.24338214099407196, 0.6169980764389038, 0.8842241168022156, 0.5541139841079712, 1.5723209381103516]","[0.928662491677929, 0.7407979512501489, 0.6815617715617716, 0.837062937062937, 0.5576666666666668]",1.5901261000108207
7,hybrid,0.003,0.3,0.12896069884300232,0.9824300542995313,0.00022100715874012126,0.1466510146856308,0.8485393524169922,0.7126870661056899,0.12033918978341715,1.2997413873672485,"[0.1271311193704605, 0.1635136604309082, 0.1466510146856308]","[0.9851519792087305, 0.9567441860465117, 0.9685714285714285]","[0.25518542528152466, 0.6072496175765991, 0.9162096977233887, 0.6685293912887573, 1.2997413873672485]","[0.9197169278608468, 0.769950413261494, 0.5528671328671328, 0.6913752913752914, 0.5956666666666666]",1.5916385000018636
8,hybrid,0.003,0.3,0.22653384506702423,0.9026607672201038,0.00574833349257764,0.30396974086761475,1.1311352252960205,0.6779472202970835,0.24373320806506754,1.7986778020858765,"[0.19839410483837128, 0.3834991157054901, 0.30396974086761475]","[0.9059120456263313, 0.8602858527131783, 0.9257142857142856]","[0.3003802001476288, 0.8204655647277832, 0.9808831214904785, 0.698529839515686, 1.7986778020858765]","[0.9059243557953753, 0.7141473122348297, 0.669067599067599, 0.7651655011655012, 0.5589999999999999]",1.5906156000128249
9,hybrid,0.003,0.3,0.32269877195358276,0.8911403641941427,0.027145134991713685,0.36269432306289673,1.2730038166046143,0.6534165279482556,0.2519610235349327,1.8261563777923584,"[0.27749717235565186, 0.6617230176925659, 0.36269432306289673]","[0.8980776745179876, 0.827093023255814, 0.89]","[0.27608877420425415, 0.9545486569404602, 1.2768856287002563, 1.029483437538147, 1.8261563777923584]","[0.9098598211250828, 0.6508460342041913, 0.5633333333333334, 0.7543589743589745, 0.597]",1.726308199999039
0,hybrid,0.003,1.0,0.1730184257030487,0.9706553708615745,0.06244623361349794,0.1374143809080124,0.7575358748435974,0.7104801200153631,0.12247812285190399,1.2191269397735596,"[0.10268209874629974, 0.6492961049079895, 0.1374143809080124]","[0.984078919848, 0.880218023255814, 0.9614285714285714]","[0.19875235855579376, 0.5128535628318787, 0.8188389539718628, 0.4551810324192047, 1.2191269397735596]","[0.9301593084735224, 0.7640467991764162, 0.6905128205128206, 0.9183589743589742, 0.5783333333333334]",2.024199999999837
1,hybrid,0.003,1.0,0.16634240746498108,0.9625302992336682,0.02936608162869314,0.13047942519187927,0.8332841992378235,0.6822711967218684,0.1308794530103718,1.3313086032867432,"[0.12292511761188507, 0.490164190530777, 0.13047942519187927]","[0.9699988036171989, 0.9071608527131783, 0.9653968253968254]","[0.22600647807121277, 0.6348326802253723, 0.8928179740905762, 0.6591439843177795, 1.3313086032867432]","[0.9302779839664573, 0.7064226312296676, 0.6824009324009324, 0.8834871794871795, 0.5573333333333333]",2.0219868999993196
2,hybrid,0.003,1.0,0.17802031338214874,0.9704077609404516,0.04129292181798292,0.16619916260242462,1.0409209728240967,0.65222406490593,0.17434310913724346,1.5513746738433838,"[0.12226124107837677, 0.5736137628555298, 0.16619916260242462]","[0.980957707726788, 0.9071608527131783, 0.9511111111111111]","[0.25523990392684937, 0.8245545625686646, 1.0511709451675415, 0.8426322937011719, 1.5513746738433838]","[0.9093422985557051, 0.6765967223715006, 0.5894405594405594, 0.763962703962704, 0.5516666666666666]",1.799314100004267
3,hybrid,0.003,1.0,0.17453433573246002,0.9360266125891918,0.006891962192883916,0.168853759765625,1.1254973411560059,0.6345646435193383,0.24584170287485904,1.7845237255096436,"[0.15899863839149475, 0.33982670307159424, 0.168853759765625]","[0.9436103990233148, 0.8812596899224806, 0.9185714285714285]","[0.30103257298469543, 0.8071097135543823, 1.1801273822784424, 0.7516281008720398, 1.7845237255096436]","[0.9205883513778129, 0.6450119809480495, 0.5506876456876457, 0.7288671328671329, 0.5296666666666667]",1.7205470999906538
4,hybrid,0.003,1.0,0.17823071777820587,0.9708110286818584,0.042095578244066074,0.1142197698354721,0.9002607464790344,0.6815904194109622,0.1417497694519112,1.3852728605270386,"[0.13021786510944366, 0.5572339296340942, 0.1142197698354721]","[0.980018313787394, 0.8962596899224806, 0.9828571428571429]","[0.24193134903907776, 0.6258520483970642, 0.9487707018852234, 0.7467851638793945, 1.3852728605270386]","[0.9298292754702221, 0.6977257546295651, 0.6541491841491842, 0.8660139860139859, 0.5763333333333334]",1.6921136000019033
5,hybrid,0.003,1.0,0.15114012360572815,0.9747389333672626,0.021576579087573097,0.15176139771938324,0.9346990585327148,0.6638597500134816,0.14801563746307536,1.3720128536224365,"[0.11768519878387451, 0.4449227750301361, 0.15176139771938324]","[0.9829701610269124, 0.9243846899224806, 0.9511111111111111]","[0.2554859220981598, 0.690423846244812, 1.1151373386383057, 0.7056025266647339, 1.3720128536224365]","[0.9255729877724868, 0.6935757290279266, 0.6171794871794871, 0.7671142191142192, 0.563]",1.789673799998127
6,hybrid,0.003,1.0,0.1718522161245346,0.9698886676592288,0.04667164288326656,0.1369403749704361,0.999897301197052,0.6667494152652667,0.22295099817883965,1.6374616622924805,"[0.11451903730630875, 0.5836001634597778, 0.1369403749704361]","[0.9822329256595401, 0.8900096899224806, 0.9542857142857143]","[0.2302412986755371, 0.6543452739715576, 1.0008816719055176, 0.6226381063461304, 1.6374616622924805]","[0.9328586445549905, 0.7070575518645882, 0.5752680652680653, 0.767039627039627, 0.5476666666666666]",1.7060859000048367
7,hybrid,0.003,1.0,0.16289111971855164,0.9716392147051807,0.021741706365674556,0.1436094343662262,0.8308391571044922,0.6953028120872604,0.12910860456613746,1.275246024131775,"[0.1259862184524536, 0.44721540808677673, 0.1436094343662262]","[0.9824122531813334, 0.9056346899224806, 0.9511111111111111]","[0.22089895606040955, 0.5830861330032349, 0.9964429140090942, 0.7124714851379395, 1.275246024131775]","[0.9380210284976649, 0.7374721746542232, 0.44417249417249416, 0.779067599067599, 0.5913333333333334]",1.751201899998705
8,hybrid,0.003,1.0,0.18301257491111755,0.9696428184497666,0.02937733002247864,0.1780809462070465,1.029916763305664,0.6748595639758627,0.2595240899435234,1.7545801401138306,"[0.13572345674037933, 0.5186374187469482, 0.1780809462070465]","[0.9815191209457353, 0.8931346899224806, 0.9542857142857143]","[0.2521630823612213, 0.6364142298698425, 0.9745087623596191, 0.6030248403549194, 1.7545801401138306]","[0.9302774525836532, 0.725892677312617, 0.6915850815850816, 0.7881958041958043, 0.5326666666666666]",1.8669511999905808
9,hybrid,0.003,1.0,0.21140646934509277,0.9531762140048036,0.06197570783356513,0.1473756730556488,1.2537100315093994,0.6642671734569012,0.24807362037586872,1.7442543506622314,"[0.15281400084495544, 0.6781748533248901, 0.1473756730556488]","[0.959078919848, 0.8962596899224806, 0.9542857142857143]","[0.24429035186767578, 0.9765221476554871, 1.3728773593902588, 1.0110070705413818, 1.7442543506622314]","[0.9273412968991191, 0.6764431125404715, 0.5622610722610722, 0.748923076923077, 0.5993333333333333]",1.5968237000051886
0,hybrid,0.003,3.0,0.18699946999549866,0.9712015779436929,0.07755094940798916,0.12697814404964447,0.9215018153190613,0.6794108175577543,0.1716823473539216,1.4344987869262695,"[0.1130448430776596, 0.7106329202651978, 0.12697814404964447]","[0.9822329256595401, 0.8868846899224806, 0.9828571428571429]","[0.2134021520614624, 0.6218597888946533, 1.0179226398468018, 0.6144844889640808, 1.4344987869262695]","[0.9321985785483898, 0.7198686117724223, 0.60986013986014, 0.786051282051282, 0.5816666666666668]",1.748594899996533
1,hybrid,0.003,3.0,0.16712543368339539,0.9547076290469484,0.017077827362794878,0.10499374568462372,0.90630704164505,0.6475935676957586,0.13834066982743423,1.3906216621398926,"[0.1455840766429901, 0.40026989579200745, 0.10499374568462372]","[0.9562299276428435, 0.9259108527131783, 0.9836507936507937]","[0.2520855963230133, 0.7166146636009216, 0.9837357401847839, 0.7417986989021301, 1.3906216621398926]","[0.9155787842732425, 0.6660181253412907, 0.59997668997669, 0.8443170163170164, 0.5356666666666666]",1.7894202000024961
2,hybrid,0.003,3.0,0.18946251273155212,0.96480707966298,0.039971986213008716,0.19156570732593536,1.0878087282180786,0.6526592231429493,0.18609964893156544,1.5773694515228271,"[0.13206446170806885, 0.5827885270118713, 0.19156570732593536]","[0.9804097625213085, 0.8681346899224807, 0.9511111111111111]","[0.26212385296821594, 0.8610101938247681, 1.1742159128189087, 0.8755669593811035, 1.5773694515228271]","[0.9121353794202118, 0.6814788620187704, 0.4778321678321678, 0.7425641025641025, 0.559]",1.7980832000030205
3,hybrid,0.003,3.0,0.166901633143425,0.9528573781497339,0.00868041942941448,0.18268504738807678,1.0509788990020752,0.6354635435208411,0.22041486263945856,1.6729692220687866,"[0.1475575566291809, 0.3604068160057068, 0.18268504738807678]","[0.9612029916159075, 0.8973013565891472, 0.9114285714285714]","[0.2744692862033844, 0.7593549489974976, 1.1553324460983276, 0.727030873298645, 1.6729692220687866]","[0.9258688794306181, 0.6471471575993551, 0.5692074592074592, 0.7427599067599068, 0.5296666666666667]",1.83447950000118
4,hybrid,0.003,3.0,0.16416552662849426,0.965317025413432,0.02019729673966802,0.1139383465051651,0.8425748944282532,0.6771492144818778,0.1160656774938579,1.2725343704223633,"[0.13521763682365417, 0.4254903197288513, 0.1139383465051651]","[0.9726324690385356, 0.8962596899224806, 0.99]","[0.23219922184944153, 0.6145905256271362, 0.8930667638778687, 0.7755457758903503, 1.2725343704223633]","[0.9350507314679619, 0.7011973368108247, 0.6422144522144523, 0.8357575757575757, 0.5703333333333334]",1.7664971999911359
5,hybrid,0.003,3.0,0.14121752977371216,0.9760518436517265,0.02253015384984726,0.13270729780197144,0.8897672891616821,0.6723539357595646,0.14735585170796894,1.3263654708862305,"[0.1098741665482521, 0.4390873312950134, 0.13270729780197144]","[0.9829701610269124, 0.9243846899224806, 0.9725396825396825]","[0.239547461271286, 0.6446789503097534, 1.1202507019042969, 0.6623932719230652, 1.3263654708862305]","[0.9357107974745625, 0.713703737220451, 0.5991724941724941, 0.7935104895104895, 0.5643333333333334]",1.7801328000059584
6,hybrid,0.003,3.0,0.1936081051826477,0.9727171019481698,0.08086857374415536,0.12021087110042572,1.0208570957183838,0.6523965258544362,0.2149987670748658,1.5958229303359985,"[0.1240970641374588, 0.7253929376602173, 0.12021087110042572]","[0.9842260532828048, 0.8900096899224806, 0.9757142857142856]","[0.2327589988708496, 0.6911548376083374, 1.1181453466415405, 0.647819995880127, 1.5958229303359985]","[0.9335187105615912, 0.7007646691200925, 0.5720046620046619, 0.7539114219114219, 0.5346666666666666]",1.6119281999999657
7,hybrid,0.003,3.0,0.1637374460697174,0.9747026720355965,0.03136525494440557,0.1295936554670334,0.8643498420715332,0.6840693823710907,0.1441339592026404,1.3477725982666016,"[0.12043122947216034, 0.5006195306777954, 0.1295936554670334]","[0.9846040340032512, 0.9025096899224806, 0.9796825396825397]","[0.2209997922182083, 0.5838243961334229, 0.9788650274276733, 0.6839746236801147, 1.3477725982666016]","[0.9363708634811634, 0.7187575006613112, 0.5839860139860139, 0.8255011655011655, 0.5746666666666667]",1.6447744999895804
8,hybrid,0.003,3.0,0.16302582621574402,0.9762796788610502,0.037310447829376585,0.12387140840291977,1.141728401184082,0.639663706289378,0.2505822228162253,1.7864959239959717,"[0.11741578578948975, 0.530357837677002, 0.12387140840291977]","[0.9843321138888653, 0.9118846899224806, 0.9828571428571429]","[0.2790273129940033, 0.8083322644233704, 1.2371197938919067, 0.852208137512207, 1.7864959239959717]","[0.9174403068001095, 0.6594973880141017, 0.36585081585081586, 0.5621538461538462, 0.5563333333333335]",1.6390791000012541
9,hybrid,0.003,3.0,0.1965421587228775,0.958481867274615,0.050300266756454166,0.14047369360923767,1.1414904594421387,0.6590586407725295,0.19959379855265155,1.5284281969070435,"[0.14388248324394226, 0.6179327368736267, 0.14047369360923767]","[0.9665560887977719, 0.8931346899224806, 0.9542857142857143]","[0.2629851698875427, 0.933988094329834, 1.4056272506713867, 0.9158017039299011, 1.5284281969070435]","[0.9118389563792763, 0.674940296360236, 0.5846969696969697, 0.7515897435897436, 0.5856666666666667]",1.599263999989489
0,hybrid,0.003,10.0,0.19142599403858185,0.9689048238156225,0.08005171419276404,0.15950711071491241,0.8662104606628418,0.6870499923654306,0.16872867441112221,1.3914154767990112,"[0.11231143772602081, 0.7347098588943481, 0.15950711071491241]","[0.9816017508982284, 0.8837596899224807, 0.9614285714285714]","[0.20485158264636993, 0.5425421595573425, 1.0012791156768799, 0.5795683264732361, 1.3914154767990112]","[0.9351098035230274, 0.7430227336362216, 0.6112587412587412, 0.8098461538461539, 0.5743333333333334]",1.6058104999974603
1,hybrid,0.003,10.0,0.16201092302799225,0.9645846912311674,0.03486760847602414,0.1054840087890625,0.89832603931427,0.6451512179494328,0.13586728822864189,1.3406141996383667,"[0.12530860304832458, 0.511135458946228, 0.1054840087890625]","[0.9692715308899261, 0.9165358527131783, 0.9868253968253968]","[0.24632611870765686, 0.7042012214660645, 1.0771936178207397, 0.8866432309150696, 1.3406141996383667]","[0.9287801044052557, 0.6630944182240353, 0.43932400932400933, 0.7848484848484849, 0.5406666666666666]",1.6981747000099858
2,hybrid,0.003,10.0,0.16578304767608643,0.9685034483858008,0.02631168886124528,0.17432531714439392,1.006157636642456,0.6480001511207861,0.1685167459559628,1.4889994859695435,"[0.12347342073917389, 0.4901663661003113, 0.17432531714439392]","[0.9817910410601213, 0.8868846899224806, 0.9511111111111111]","[0.26192736625671387, 0.7821254134178162, 1.0885040760040283, 0.6839883923530579, 1.4889994859695435]","[0.9165688832831436, 0.6652705574969486, 0.5895337995337996, 0.7699114219114219, 0.548]",1.6161916000128258
3,hybrid,0.003,10.0,0.16497500240802765,0.9695198528078135,0.013868685274357154,0.1755489706993103,1.12140691280365,0.6292792291293274,0.25412607096300893,1.7823442220687866,"[0.1400161236524582, 0.40569815039634705, 0.1755489706993103]","[0.9807590545281346, 0.9150096899224807, 0.9114285714285714]","[0.2778394818305969, 0.805472195148468, 1.2279584407806396, 0.7748154401779175, 1.7823442220687866]","[0.9153170339602801, 0.6413893490996112, 0.5036130536130536, 0.7142564102564102, 0.5233333333333333]",1.607513300012215
4,hybrid,0.003,10.0,0.1804528832435608,0.9663008692570381,0.02065760514757543,0.1702854335308075,0.9404172897338867,0.6576449483579588,0.15438304220501792,1.4497283697128296,"[0.14572015404701233, 0.46215182542800903, 0.1702854335308075]","[0.9808516471207274, 0.886468023255814, 0.9225396825396824]","[0.22966894507408142, 0.6841408610343933, 0.9102694392204285, 0.8000825643539429, 1.4497283697128296]","[0.9376909954943645, 0.6740826414703229, 0.6238461538461538, 0.7853333333333333, 0.557]",1.605459600003087
5,hybrid,0.003,10.0,0.16053567826747894,0.9739359688332507,0.032394402049722486,0.14452841877937317,0.9810290336608887,0.6549945795699555,0.17734947680280216,1.4661304950714111,"[0.1217213124036789, 0.5144183039665222, 0.14452841877937317]","[0.984424706481458, 0.908343023255814, 0.9511111111111111]","[0.2634998857975006, 0.7084819674491882, 1.2376765012741089, 0.7972782850265503, 1.4661304950714111]","[0.9274941137372232, 0.7025132610299749, 0.43110722610722607, 0.6014358974358973, 0.5476666666666666]",1.5738529000082053
6,hybrid,0.003,10.0,0.20841558277606964,0.9688254585944319,0.06305213940727587,0.1604928821325302,1.1035009622573853,0.6586492896348238,0.23815692794385881,1.6821540594100952,"[0.14480865001678467, 0.6851450204849243, 0.1604928821325302]","[0.9833927199494713, 0.8833430232558139, 0.9328571428571429]","[0.24482977390289307, 0.7461575269699097, 1.2295658588409424, 0.7509592175483704, 1.6821540594100952]","[0.9282132517988894, 0.7054753706049876, 0.566923076923077, 0.7511421911421912, 0.552]",1.6424008999892976
7,hybrid,0.003,10.0,0.16906124353408813,0.9735598148927392,0.029519028779881367,0.12460464239120483,0.911758303642273,0.6691770198328626,0.16214539852511706,1.4034311771392822,"[0.12884549796581268, 0.49117279052734375, 0.12460464239120483]","[0.9836974337541852, 0.8993846899224807, 0.9796825396825397]","[0.23389151692390442, 0.6182839274406433, 1.1039396524429321, 0.7457941770553589, 1.4034311771392822]","[0.9274599723920544, 0.7013176645117976, 0.536013986013986, 0.7603170163170163, 0.571]",1.5715372999984538
8,hybrid,0.003,10.0,0.16813716292381287,0.9719503987458242,0.04875848272581651,0.1462646871805191,1.0494493246078491,0.6551058204682201,0.19689244882249288,1.601384162902832,"[0.11292147636413574, 0.5971177816390991, 0.1462646871805191]","[0.983498780555532, 0.895843023255814, 0.9542857142857143]","[0.2466774433851242, 0.7617908716201782, 1.0856735706329346, 0.7897313833236694, 1.601384162902832]","[0.9239818948110505, 0.6688343055768258, 0.5605827505827505, 0.7563729603729603, 0.5673333333333334]",1.5926209000026574
9,hybrid,0.003,10.0,0.2812204957008362,0.9304219939041213,0.08215971763407401,0.30851656198501587,1.225189447402954,0.6468610652664162,0.2267683078954376,1.693023443222046,"[0.1975615918636322, 0.8534435033798218, 0.30851656198501587]","[0.9486700134322442, 0.8337596899224806, 0.8757142857142857]","[0.2753535211086273, 0.9714723825454712, 1.3795636892318726, 0.9733680486679077, 1.693023443222046]","[0.9218835526811177, 0.6449838191456941, 0.548974358974359, 0.7324382284382284, 0.586]",1.5678024999942863
0,hybrid,0.01,0.1,0.6537712812423706,0.8068770046172299,0.004820242535483348,0.8015071749687195,0.9818881750106812,0.6243317488441772,0.04139966265784608,1.0964529514312744,"[0.6335152387619019, 0.6945956349372864, 0.8015071749687195]","[0.8044310686776439, 0.8322916666666668, 0.7923809523809523]","[0.6101312637329102, 1.031081199645996, 1.0690133571624756, 0.7033959031105042, 1.0964529514312744]","[0.7475656790587206, 0.6342587399463195, 0.5695804195804196, 0.724923076923077, 0.5753333333333334]",1.6201451000088127
1,hybrid,0.01,0.1,0.7496908903121948,0.7904682423682979,0.011811937964810997,0.950892448425293,1.0987495183944702,0.5374297099176318,0.043531736089528296,1.2066535949707031,"[0.7352229356765747, 0.7078958749771118, 0.950892448425293]","[0.7926956885978413, 0.8154166666666667, 0.7442857142857143]","[0.6705247163772583, 1.1627973318099976, 1.2047933340072632, 0.9340422749519348, 1.2066535949707031]","[0.7107736415529322, 0.519560677544594, 0.4625641025641025, 0.6795897435897437, 0.5293333333333333]",1.5439289000059944
2,hybrid,0.01,0.1,0.5181993842124939,0.8007737968805261,0.0050570601218782076,0.6664762496948242,0.9376193881034851,0.6559289023909218,0.05757866468673343,1.1957060098648071,"[0.49503716826438904, 0.6074634790420532, 0.6664762496948242]","[0.7978572511057834, 0.8275096899224806, 0.7903174603174603]","[0.47639551758766174, 0.8725372552871704, 0.9111734628677368, 0.6860169768333435, 1.1957060098648071]","[0.8470942570334529, 0.6876272100176253, 0.6922494172494174, 0.8875897435897435, 0.534]",1.5526036999945063
3,hybrid,0.01,0.1,0.4798344671726227,0.8079532539876741,0.018735865589958323,0.7463746070861816,1.3674970865249634,0.5760879638035363,0.19369205925477587,1.8702962398529053,"[0.4602195620536804, 0.4519766867160797, 0.7463746070861816]","[0.7968583811274612, 0.8327858527131783, 0.8519047619047619]","[0.6237875819206238, 1.2034320831298828, 1.0578018426895142, 0.731377899646759, 1.8702962398529053]","[0.8327705678551964, 0.5598196257730466, 0.6731818181818182, 0.8426666666666668, 0.4706666666666666]",1.6189084999932675
4,hybrid,0.01,0.1,0.6156851649284363,0.8157343791802628,0.013609443507055926,0.8595671653747559,1.1138439178466797,0.5935715363752716,0.07148655023584866,1.3030993938446045,"[0.5780549645423889, 0.7613040804862976, 0.8595671653747559]","[0.8153214669290991, 0.7995930232558139, 0.8061904761904761]","[0.6199244260787964, 1.0872795581817627, 1.0885089635849, 0.6571172475814819, 1.3030993938446045]","[0.7222506053531098, 0.5891946377906299, 0.5207575757575758, 0.8956923076923078, 0.5663333333333334]",1.7255183000088437
5,hybrid,0.01,0.1,0.4545000493526459,0.8172680139467312,0.0042631534934841,0.5864948034286499,0.9407671689987183,0.6219184364804367,0.06346450736322978,1.2023868560791016,"[0.4494372308254242, 0.44658249616622925, 0.5864948034286499]","[0.8082383220895941, 0.851952519379845, 0.8161904761904761]","[0.48521193861961365, 0.8291987180709839, 1.0202332735061646, 0.6740256547927856, 1.2023868560791016]","[0.8306824991261447, 0.6254517613915136, 0.534009324009324, 0.8902564102564103, 0.5453333333333333]",1.631133900009445
6,hybrid,0.01,0.1,0.516351044178009,0.8370516478008196,0.004472260748548094,0.645470380783081,1.0917072296142578,0.6501238161951743,0.13783456208410513,1.5518743991851807,"[0.49039679765701294, 0.6136425733566284, 0.645470380783081]","[0.8352326460956597, 0.8585416666666668, 0.8082539682539682]","[0.47482672333717346, 0.9151376485824585, 0.8687762022018433, 0.6110658049583435, 1.5518743991851807]","[0.8484490617746273, 0.6678138613469775, 0.7324242424242424, 0.868923076923077, 0.5386666666666666]",1.5865785000059986
7,hybrid,0.01,0.1,0.5237058401107788,0.8156202304821967,0.007742463973104643,0.7127307653427124,1.039081335067749,0.6106715062924211,0.046273710734169526,1.2212222814559937,"[0.4971984326839447, 0.6056339740753174, 0.7127307653427124]","[0.8138572511057834, 0.8034786821705426, 0.8307936507936506]","[0.6247402429580688, 0.9739978909492493, 1.0743083953857422, 0.7550314664840698, 1.2212222814559937]","[0.7180192483652709, 0.6344628711671192, 0.5552680652680653, 0.867305590584279, 0.5716666666666667]",1.5848421999980928
8,hybrid,0.01,0.1,0.5732022523880005,0.8311763413586494,0.02108339690721155,0.77525794506073,1.2359846830368042,0.6082841925386298,0.1315193868529511,1.6430327892303467,"[0.5842497944831848, 0.41992276906967163, 0.77525794506073]","[0.8238022744451315, 0.8886143410852714, 0.7804761904761905]","[0.555215060710907, 1.0888469219207764, 1.077926516532898, 0.8048641085624695, 1.6430327892303467]","[0.8351642702604565, 0.5961613682838776, 0.6036713286713288, 0.7915897435897437, 0.538]",1.5575534000090556
9,hybrid,0.01,0.1,0.6096500158309937,0.8270912005685309,0.010969425311233275,0.8191625475883484,1.3586080074310303,0.5863421368270241,0.15566495252598486,1.711382508277893,"[0.5724412202835083, 0.7567022442817688, 0.8191625475883484]","[0.8283811199310221, 0.8147965116279069, 0.8050793650793651]","[0.5263067483901978, 1.23923659324646, 1.1644210815429688, 0.8721583485603333, 1.711382508277893]","[0.8424040167497162, 0.5531464644450542, 0.5793939393939394, 0.7464615384615385, 0.5603333333333333]",1.5599382000073092
0,hybrid,0.01,0.3,0.37457889318466187,0.8215481005763502,0.019810592789364517,0.45041292905807495,0.8215324282646179,0.6953711989543921,0.0598907340485043,1.1055768728256226,"[0.3207539916038513, 0.6622404456138611, 0.45041292905807495]","[0.8146044491132554, 0.836812015503876, 0.8622222222222222]","[0.3960122764110565, 0.735016942024231, 0.8380311727523804, 0.5419156551361084, 1.1055768728256226]","[0.8807062563656819, 0.7260054270863836, 0.7525641025641027, 0.9302564102564104, 0.5616666666666668]",1.5938162999955239
1,hybrid,0.01,0.3,0.3299023509025574,0.84741072288761,0.009163151018833521,0.43314385414123535,0.9390299916267395,0.6374368840614053,0.07900620953233697,1.2467122077941895,"[0.28835877776145935, 0.5204765200614929, 0.43314385414123535]","[0.8437358314295691, 0.8539631782945737, 0.8733333333333334]","[0.3925500512123108, 0.8696619272232056, 0.9916618466377258, 0.7607746720314026, 1.2467122077941895]","[0.866486585371345, 0.6578786783782993, 0.4468648018648018, 0.8582564102564103, 0.5403333333333334]",1.5308657999994466
2,hybrid,0.01,0.3,0.20772218704223633,0.9402835607354826,0.011425799007300933,0.2627691924571991,0.9246052503585815,0.6634093658801515,0.09493280460133775,1.2911773920059204,"[0.17050769925117493, 0.4288457930088043, 0.2627691924571991]","[0.9560774669629856, 0.8727858527131783, 0.8733333333333334]","[0.3288823068141937, 0.7956350445747375, 0.908205509185791, 0.764198899269104, 1.2911773920059204]","[0.8908365824265987, 0.7134810785360505, 0.5663286713286714, 0.8153846153846154, 0.5303333333333333]",1.5279664999980014
3,hybrid,0.01,0.3,0.27894097566604614,0.8792542360387922,0.00303516145689701,0.38239696621894836,1.1657081842422485,0.6050076476544434,0.16804191052045722,1.6909481287002563,"[0.2579709589481354, 0.36542612314224243, 0.38239696621894836]","[0.8883095826403068, 0.8129263565891472, 0.8796825396825397]","[0.43787699937820435, 0.9120407104492188, 1.111295461654663, 0.8365374803543091, 1.6909481287002563]","[0.8514129379287798, 0.6304989564596287, 0.6528787878787878, 0.7981631701631702, 0.48599999999999993]",1.4716416000010213
4,hybrid,0.01,0.3,0.2613258361816406,0.9019015347067789,0.010484424568230783,0.3981628119945526,0.9054111242294312,0.6854393564669718,0.0842973756466931,1.236314058303833,"[0.22111830115318298, 0.46349549293518066, 0.3981628119945526]","[0.9143709497359204, 0.8242441860465115, 0.8765079365079366]","[0.36552754044532776, 0.7579138875007629, 0.9211600422859192, 0.634701132774353, 1.236314058303833]","[0.885354970264309, 0.7090447833925524, 0.7207575757575758, 0.8958974358974359, 0.5723333333333335]",1.5586911999998847
5,hybrid,0.01,0.3,0.23104706406593323,0.9170775588598963,0.00529491029598085,0.2940993010997772,0.8031376600265503,0.6968164853723249,0.08385345916362169,1.1614503860473633,"[0.2078319489955902, 0.3860417306423187, 0.2940993010997772]","[0.9262692477849035, 0.8696608527131783, 0.8796825396825397]","[0.3049997389316559, 0.630821704864502, 0.9183894395828247, 0.6452099084854126, 1.1614503860473633]","[0.9032255510967113, 0.7459932814108903, 0.7335314685314686, 0.9035897435897435, 0.5536666666666668]",1.50419530000363
6,hybrid,0.01,0.3,0.31323444843292236,0.864561280953585,0.011789300407410233,0.37946781516075134,0.9643024206161499,0.6854093437620156,0.13514410709313637,1.436481237411499,"[0.2718963623046875, 0.5363314151763916, 0.37946781516075134]","[0.8645362990636963, 0.8585416666666668, 0.8685714285714285]","[0.32039493322372437, 0.732160747051239, 0.9196687936782837, 0.6504405736923218, 1.436481237411499]","[0.9041321787244547, 0.7344379164729462, 0.7352913752913752, 0.8252867132867132, 0.5456666666666667]",1.5326471000007587
7,hybrid,0.01,0.3,0.26639264822006226,0.8654437931360176,0.00417257183656873,0.3784973621368408,0.8840306401252747,0.6955824232503256,0.07899472837780536,1.2215640544891357,"[0.26763778924942017, 0.22529646754264832, 0.3784973621368408]","[0.8557636437998474, 0.8990988372093023, 0.8828571428571429]","[0.37156614661216736, 0.7165905237197876, 0.935714602470398, 0.7062260508537292, 1.2215640544891357]","[0.8819185176696334, 0.7396983865174512, 0.7417132867132867, 0.8822564102564103, 0.5696666666666667]",1.5455585999879986
8,hybrid,0.01,0.3,0.29291102290153503,0.8824483668185353,0.004137663795068352,0.4144383370876312,1.0660960674285889,0.6671819332537856,0.15977824177076544,1.5861337184906006,"[0.267578125, 0.3904404640197754, 0.4144383370876312]","[0.8877225733243346, 0.8647916666666667, 0.8511111111111112]","[0.34604698419570923, 0.8147035837173462, 0.9627839922904968, 0.799759030342102, 1.5861337184906006]","[0.8925214201710736, 0.6933042569849948, 0.7068414918414918, 0.7913473193473194, 0.5526666666666668]",1.5044439999910537
9,hybrid,0.01,0.3,0.4231066107749939,0.8366936572450723,0.0048883182262075865,0.5711318850517273,1.0315159559249878,0.663686460723682,0.11903433191217316,1.407798409461975,"[0.40457138419151306, 0.522357165813446, 0.5711318850517273]","[0.8292601153648119, 0.8461191860465116, 0.8653968253968254]","[0.3425981402397156, 0.8397485613822937, 1.0321381092071533, 0.8215394020080566, 1.407798409461975]","[0.8939266289866016, 0.6892735058273984, 0.6134848484848485, 0.8343589743589744, 0.5660000000000001]",1.4720896000071662
0,hybrid,0.01,1.0,0.21244171261787415,0.9547414341487567,0.04961573627452746,0.20696330070495605,0.8033418655395508,0.6954548309854204,0.10362871080889505,1.2114897966384888,"[0.1431741714477539, 0.6443437337875366, 0.20696330070495605]","[0.9687235856844467, 0.8900096899224806, 0.8828571428571429]","[0.25269412994384766, 0.5893217325210571, 0.8642899394035339, 0.5687189698219299, 1.2114897966384888]","[0.9122193821851738, 0.7489904755717054, 0.6945221445221446, 0.889948717948718, 0.5603333333333333]",1.6556608000100823
1,hybrid,0.01,1.0,0.21639308333396912,0.9463740003902796,0.03207236271953621,0.2088945209980011,0.847154974937439,0.6641063435214084,0.09678497210393275,1.2327543497085571,"[0.16045895218849182, 0.5622560381889343, 0.2088945209980011]","[0.9572167363693783, 0.8977858527131783, 0.9019047619047619]","[0.26983556151390076, 0.7055757641792297, 0.8927128911018372, 0.7497527599334717, 1.2327543497085571]","[0.9157565318212428, 0.6973609845354347, 0.6269114219114218, 0.8497435897435898, 0.5433333333333333]",1.5540010999975493
2,hybrid,0.01,1.0,0.16899815201759338,0.9692649037975946,0.019439277023325374,0.15476468205451965,0.8990190625190735,0.6448035283150491,0.11062487958412759,1.2906936407089233,"[0.13206246495246887, 0.438524067401886, 0.15476468205451965]","[0.9802304349995152, 0.9009108527131783, 0.9622222222222222]","[0.2735981345176697, 0.7464815378189087, 0.9829016923904419, 0.7859734296798706, 1.2906936407089233]","[0.9116183882336385, 0.6879919962007477, 0.5506060606060605, 0.7680093240093241, 0.5103333333333333]",1.6355285000026925
3,hybrid,0.01,1.0,0.24094071984291077,0.9123391973797942,0.0006388882401721455,0.2582431435585022,1.1606130599975586,0.6072146568209206,0.1971207511687106,1.7262243032455444,"[0.23262754082679749, 0.2942500710487366, 0.2582431435585022]","[0.9166873096824173, 0.8911191860465116, 0.89]","[0.3675583302974701, 0.8867009282112122, 1.1907442808151245, 0.8999379873275757, 1.7262243032455444]","[0.8940084949485902, 0.626608682952078, 0.598939393939394, 0.752065268065268, 0.484]",1.6262940000015078
4,hybrid,0.01,1.0,0.21351094543933868,0.9636698008975586,0.03719311717521591,0.1880188286304474,0.8668680191040039,0.6801748465808897,0.10362427426697933,1.2464697360992432,"[0.15836389362812042, 0.5814920663833618, 0.1880188286304474]","[0.9766345445885563, 0.8911191860465116, 0.9336507936507937]","[0.27739790081977844, 0.6626367568969727, 0.9652025103569031, 0.7769883871078491, 1.2464697360992432]","[0.9143177243151065, 0.7053832047063701, 0.6776456876456877, 0.8184988344988344, 0.568]",1.58822190000501
5,hybrid,0.01,1.0,0.1692492514848709,0.9684782268964905,0.013654716247521473,0.15695065259933472,0.8260908126831055,0.6607639950430582,0.09994324962286583,1.1743022203445435,"[0.1442098319530487, 0.398218035697937, 0.15695065259933472]","[0.9762154910393658, 0.9181346899224806, 0.9511111111111111]","[0.2648247182369232, 0.642184853553772, 1.0233665704727173, 0.747126042842865, 1.1743022203445435]","[0.9208593123260478, 0.6752679973330982, 0.5864102564102563, 0.8323170163170163, 0.562]",1.637231000000611
6,hybrid,0.01,1.0,0.18495292961597443,0.964879388651944,0.018842773182680548,0.1775761991739273,1.024300217628479,0.6504504085002336,0.18644768988481758,1.575609564781189,"[0.14646124839782715, 0.4519607424736023, 0.1775761991739273]","[0.9824954827371657, 0.8743846899224806, 0.9042857142857142]","[0.2662973403930664, 0.7238014936447144, 1.0481715202331543, 0.7404571175575256, 1.575609564781189]","[0.9260807683237877, 0.6806366609275682, 0.5521678321678322, 0.7358321678321678, 0.541]",1.6094532999995863
7,hybrid,0.01,1.0,0.19953188300132751,0.9546528375268849,0.01619718114914094,0.2038635015487671,0.8203949928283691,0.7011082371570909,0.09936925531767771,1.1983296871185303,"[0.16312214732170105, 0.45115384459495544, 0.2038635015487671]","[0.9694508584117194, 0.8915358527131783, 0.8796825396825397]","[0.2772645950317383, 0.6084024310112, 0.9808932542800903, 0.7576262950897217, 1.1983296871185303]","[0.9188205736339846, 0.750207220068931, 0.7143822843822845, 0.8424988344988344, 0.5653333333333335]",1.6327140999928815
8,hybrid,0.01,1.0,0.13757577538490295,0.9788639903077598,0.002199186386358755,0.13377967476844788,0.9497209787368774,0.66327062065388,0.14951645168624964,1.4615504741668701,"[0.13011899590492249, 0.23137915134429932, 0.13377967476844788]","[0.983498780555532, 0.9348691860465117, 0.9828571428571429]","[0.2937765419483185, 0.6860007047653198, 1.0431206226348877, 0.8237401843070984, 1.4615504741668701]","[0.9073870312457997, 0.6972700454641786, 0.5665501165501166, 0.6281958041958042, 0.55]",1.6115005999890855
9,hybrid,0.01,1.0,0.18881350755691528,0.9620112059524455,0.01779719289978976,0.17502276599407196,0.8882929682731628,0.655767217820436,0.11245911749824926,1.2009447813034058,"[0.15789838135242462, 0.4490688443183899, 0.17502276599407196]","[0.9800411448376224, 0.8681346899224807, 0.9042857142857142]","[0.25370949506759644, 0.7223888635635376, 1.1147737503051758, 0.8345266580581665, 1.2009447813034058]","[0.9256477911739326, 0.6663535068057044, 0.5593939393939393, 0.7704615384615385, 0.568]",1.6188060999993468
0,hybrid,0.01,3.0,0.18227478861808777,0.9669700419811095,0.0432627969280182,0.13748590648174286,0.7976295351982117,0.6792730701875326,0.11552628419476677,1.2099769115447998,"[0.1270136535167694, 0.5733850598335266, 0.13748590648174286]","[0.9795031622722424, 0.8833430232558139, 0.9582539682539682]","[0.2213226854801178, 0.5621864199638367, 0.9537399411201477, 0.6224313974380493, 1.2099769115447998]","[0.9304302694217574, 0.7214123905742655, 0.60986013986014, 0.8366153846153846, 0.5666666666666667]",1.759217799990438
1,hybrid,0.01,3.0,0.17901968955993652,0.9550452791003041,0.014697366610668153,0.1422879993915558,0.8017144203186035,0.6549675926934706,0.09556065135734272,1.181199312210083,"[0.1524716168642044, 0.4044019281864166, 0.1422879993915558]","[0.9588605719858165, 0.9087596899224806, 0.9796825396825397]","[0.25910648703575134, 0.6494718790054321, 0.9484182596206665, 0.8067585229873657, 1.181199312210083]","[0.9220271588839491, 0.6853499225763138, 0.5775058275058276, 0.8487832167832167, 0.5306666666666666]",1.640033500007121
2,hybrid,0.01,3.0,0.1593407839536667,0.969924928990895,0.014969005653560123,0.14735998213291168,0.867792010307312,0.6424886182371499,0.11719027766898052,1.240389108657837,"[0.126530259847641, 0.3958565294742584, 0.14735998213291168]","[0.9802304349995152, 0.8931346899224806, 0.9796825396825397]","[0.2558025121688843, 0.6994211077690125, 1.0906482934951782, 0.7590591311454773, 1.240389108657837]","[0.9172289492897441, 0.6687856315251306, 0.4481351981351981, 0.8125780885780886, 0.5359999999999999]",1.6560791000083555
3,hybrid,0.01,3.0,0.22676773369312286,0.918930862603009,0.003605375188046316,0.1808466762304306,1.1614882946014404,0.6001973614100434,0.21988856092891265,1.7561317682266235,"[0.21853284537792206, 0.32281166315078735, 0.1808466762304306]","[0.9231794225923385, 0.8825096899224807, 0.9185714285714285]","[0.3381195664405823, 0.8697441220283508, 1.2665786743164062, 0.9212517738342285, 1.7561317682266235]","[0.9135985862534405, 0.6097508442352999, 0.49912587412587417, 0.712, 0.4916666666666666]",1.6045622000092408
4,hybrid,0.01,3.0,0.1923018842935562,0.9473234752138048,0.01643260007143314,0.16172313690185547,0.8063739538192749,0.6794767955309364,0.08897289018012629,1.1498327255249023,"[0.16197922825813293, 0.43378251791000366, 0.16172313690185547]","[0.9567291896695028, 0.8900096899224806, 0.9225396825396824]","[0.27001264691352844, 0.6158596873283386, 0.9414819478988647, 0.7543920278549194, 1.1498327255249023]","[0.9225094773425495, 0.7081584223202974, 0.6811888111888111, 0.8446806526806526, 0.5616666666666668]",1.6523328000039328
5,hybrid,0.01,3.0,0.15478917956352234,0.9589840099536959,0.012732476099151303,0.1280965507030487,0.7754422426223755,0.6521201434654696,0.10724627799963513,1.1619805097579956,"[0.1349133998155594, 0.3707982897758484, 0.1280965507030487]","[0.9610523528077344, 0.9212596899224806, 0.9868253968253968]","[0.2572517991065979, 0.5609701871871948, 1.0439872741699219, 0.7101105451583862, 1.1619805097579956]","[0.9289919932984251, 0.6970165892429805, 0.5768531468531469, 0.85406993006993, 0.5063333333333333]",1.5959736999939196
6,hybrid,0.01,3.0,0.2029234915971756,0.9636353002775528,0.04643835014973701,0.15885277092456818,0.9694412350654602,0.65770146138023,0.16202488205919024,1.461454153060913,"[0.14748942852020264, 0.6102003455162048, 0.15885277092456818]","[0.9810216116057603, 0.8837596899224807, 0.8828571428571429]","[0.25666773319244385, 0.6848991513252258, 1.0517112016677856, 0.7178738713264465, 1.461454153060913]","[0.9298292754702221, 0.7016965687616696, 0.5424941724941725, 0.7494079254079254, 0.54]",1.5937325000122655
7,hybrid,0.01,3.0,0.1868106573820114,0.9624851040455995,0.020407663158200022,0.17506957054138184,0.8545835614204407,0.6726279744441375,0.11854811250112221,1.2604386806488037,"[0.1475115865468979, 0.46339139342308044, 0.17506957054138184]","[0.9742030377392412, 0.8931346899224806, 0.9368253968253969]","[0.25482678413391113, 0.6206234693527222, 1.0273430347442627, 0.7904120683670044, 1.2604386806488037]","[0.931090335428358, 0.721430311721219, 0.4517249417249417, 0.6305547785547785, 0.558]",1.6161961999896448
8,hybrid,0.01,3.0,0.1648237407207489,0.9727533632798361,0.014247552981468492,0.13702034950256348,1.0130382776260376,0.6387553485959725,0.16385641897687592,1.505118489265442,"[0.13804133236408234, 0.3907366991043091, 0.13702034950256348]","[0.9814962898955072, 0.9056346899224806, 0.9757142857142856]","[0.3109837472438812, 0.7390531301498413, 1.189936876296997, 0.8934184312820435, 1.505118489265442]","[0.9084703436559349, 0.649087761798024, 0.36818181818181817, 0.5730256410256411, 0.5613333333333335]",1.5492548000038369
9,hybrid,0.01,3.0,0.1881205290555954,0.9677946588510966,0.030294161715536755,0.12433123588562012,0.9530054330825806,0.6485744884866559,0.13274903014745604,1.284978985786438,"[0.1518734097480774, 0.5065515041351318, 0.12433123588562012]","[0.9783516471207273, 0.8900096899224806, 0.9685714285714285]","[0.26767605543136597, 0.743824303150177, 1.2046133279800415, 0.9100635647773743, 1.284978985786438]","[0.9179231566415137, 0.6683017914959246, 0.5647319347319348, 0.7492307692307693, 0.568]",1.541815199991106
0,hybrid,0.01,10.0,0.19105549156665802,0.9652447164244679,0.043467379278432555,0.15823712944984436,0.8238949775695801,0.6780247860267409,0.12844204496382833,1.2489343881607056,"[0.13524416089057922, 0.5885626673698425, 0.15823712944984436]","[0.9785865993830768, 0.8900096899224806, 0.9257142857142856]","[0.23622314631938934, 0.561321496963501, 1.037454605102539, 0.6442971229553223, 1.2489343881607056]","[0.931090335428358, 0.7248762922639738, 0.6056643356643356, 0.820923076923077, 0.5673333333333334]",1.656025000003865
1,hybrid,0.01,10.0,0.18518325686454773,0.9518374866488297,0.02404944023218351,0.12965843081474304,0.857758641242981,0.6410747304166107,0.10395209540262455,1.2072275876998901,"[0.15344583988189697, 0.46987834572792053, 0.12965843081474304]","[0.956152555750403, 0.9025096899224806, 0.9836507936507937]","[0.2814495265483856, 0.6926643252372742, 1.0660159587860107, 0.8761318325996399, 1.2072275876998901]","[0.9148596462115763, 0.655303839627005, 0.5306993006993007, 0.8126806526806526, 0.5393333333333333]",1.648393399998895
2,hybrid,0.01,10.0,0.1793103814125061,0.9658524063275626,0.019925394983569305,0.1791052371263504,0.9392558932304382,0.6414401810462635,0.13284440347402166,1.334210991859436,"[0.1408558487892151, 0.45758265256881714, 0.1791052371263504]","[0.9795031622722424, 0.8837596899224807, 0.943968253968254]","[0.2826872766017914, 0.7468308210372925, 1.1546493768692017, 0.7798057794570923, 1.334210991859436]","[0.9146477573184069, 0.6729075107936817, 0.41200466200466196, 0.5862564102564103, 0.5469999999999999]",1.6742108000034932
3,hybrid,0.01,10.0,0.2335047721862793,0.9230273160297193,0.00503571894508618,0.13854257762432098,1.1910173892974854,0.5802156956944081,0.23123734980606017,1.7924487590789795,"[0.23207958042621613, 0.3121923506259918, 0.13854257762432098]","[0.9257513058080573, 0.9150096899224807, 0.9185714285714285]","[0.35145434737205505, 0.9160970449447632, 1.3382230997085571, 0.9199342727661133, 1.7924487590789795]","[0.9100023645623058, 0.5902833583162012, 0.3672494172494173, 0.568, 0.473]",1.6315099000057671
4,hybrid,0.01,10.0,0.19913020730018616,0.9454247410365897,0.014279432494519365,0.19326689839363098,0.8770351409912109,0.6557879596801046,0.10620212418705519,1.2555420398712158,"[0.16987380385398865, 0.43425002694129944, 0.19326689839363098]","[0.9567063586192746, 0.8833430232558139, 0.9011111111111111]","[0.2697458565235138, 0.6765793561935425, 0.9636219143867493, 0.8191116452217102, 1.2555420398712158]","[0.92316954334915, 0.6863458263141531, 0.5762937062937064, 0.7942564102564103, 0.549]",1.6595040999964112
5,hybrid,0.01,10.0,0.168453648686409,0.953341819554006,0.01686886009804731,0.14588555693626404,0.7992855906486511,0.6566072659079555,0.11051881493847104,1.1715911626815796,"[0.1449781209230423, 0.42094817757606506, 0.14588555693626404]","[0.9580272386524833, 0.908343023255814, 0.9582539682539682]","[0.2638172507286072, 0.5883370041847229, 1.0891281366348267, 0.7526353597640991, 1.1715911626815796]","[0.9313022243215274, 0.6963714279526578, 0.4505128205128205, 0.7760466200466201, 0.538]",1.6254572999896482
6,hybrid,0.01,10.0,0.2017974853515625,0.9632701041049536,0.039372598672216576,0.15303316712379456,1.0444446802139282,0.6587234784100515,0.18034737748949953,1.521056890487671,"[0.1540595293045044, 0.5744690299034119, 0.15303316712379456]","[0.9758516471207273, 0.8868846899224806, 0.9328571428571429]","[0.26956674456596375, 0.7575057148933411, 1.2020463943481445, 0.8116437792778015, 1.521056890487671]","[0.9249129217658861, 0.6976412692224991, 0.5582051282051281, 0.738013986013986, 0.5556666666666666]",1.6494655999995302
7,hybrid,0.01,10.0,0.16907089948654175,0.973628636802812,0.015095612804388696,0.13362064957618713,0.8952504992485046,0.6566126977020927,0.1369414522833111,1.324929118156433,"[0.14207467436790466, 0.3983791470527649, 0.13362064957618713]","[0.9827715078282594, 0.9025096899224806, 0.9868253968253968]","[0.2634952664375305, 0.6422088742256165, 1.1189990043640137, 0.8194357752799988, 1.324929118156433]","[0.9297702034151566, 0.6987267786951054, 0.398018648018648, 0.6041958041958042, 0.5496666666666666]",1.7062385000026552
8,hybrid,0.01,10.0,0.18105947971343994,0.9684531566641252,0.02150139285738881,0.15704181790351868,0.995561957359314,0.6420525650813811,0.1539341105200657,1.454917550086975,"[0.14617614448070526, 0.46252331137657166, 0.15704181790351868]","[0.980086322643074, 0.9025096899224806, 0.9328571428571429]","[0.30691400170326233, 0.72474205493927, 1.1830183267593384, 0.8955432772636414, 1.454917550086975]","[0.9146818986635757, 0.6591312845834821, 0.3714452214452214, 0.5702564102564103, 0.5656666666666667]",1.6356856999918818
9,hybrid,0.01,10.0,0.22090306878089905,0.9623442560034323,0.0394420312451067,0.18664661049842834,0.9836123585700989,0.6394810131313686,0.12937531636014085,1.3199293613433838,"[0.17153652012348175, 0.6001828908920288, 0.18664661049842834]","[0.9776150113566944, 0.8618846899224806, 0.9542857142857143]","[0.2730807662010193, 0.7955288887023926, 1.1564704179763794, 0.8419114947319031, 1.3199293613433838]","[0.9222135856844179, 0.6421958007125145, 0.5753729603729604, 0.7595897435897436, 0.566]",1.6381729999993695
0,hybrid,0.03,0.1,0.8493584394454956,0.7745892005816173,0.01555975918596412,1.0931525230407715,1.1899558305740356,0.5595461959760252,0.04157592886407087,1.0894075632095337,"[0.7943870425224304, 0.9992071986198425, 1.0931525230407715]","[0.7907822517411558, 0.7259108527131783, 0.6831746031746032]","[0.8810309171676636, 1.3665368556976318, 1.4314640760421753, 1.0653889179229736, 1.0894075632095337]","[0.6877555767887151, 0.5473409210378797, 0.5442773892773893, 0.7116923076923077, 0.554]",1.6641763999941759
1,hybrid,0.03,0.1,0.9682596921920776,0.7715025291905249,0.03456877572593539,1.3227300643920898,1.3182313442230225,0.5064688642574229,0.04348959474371043,1.2273215055465698,"[0.936970055103302, 0.9202041625976562, 1.3227300643920898]","[0.7908883123472165, 0.7331976744186046, 0.6680952380952381]","[0.9442666172981262, 1.50225830078125, 1.4753588438034058, 1.1521835327148438, 1.2273215055465698]","[0.6796136964528217, 0.47368500705938493, 0.40242424242424246, 0.6585641025641026, 0.5250000000000001]",1.5952605000056792
2,hybrid,0.03,0.1,0.7666692137718201,0.7772852241535559,0.012178505498661077,0.992928683757782,1.1744542121887207,0.5422812028388073,0.03359774615062179,1.1979403495788574,"[0.7240632176399231, 0.8827198147773743, 0.992928683757782]","[0.7893177436465107, 0.761812015503876, 0.7125396825396825]","[0.8032807111740112, 1.2518844604492188, 1.2383711338043213, 0.9284771084785461, 1.1979403495788574]","[0.6760036071124297, 0.5428095733683866, 0.5022261072261072, 0.6738741258741259, 0.5186666666666667]",1.695288699993398
3,hybrid,0.03,0.1,0.8401998281478882,0.7581747550030831,0.019815397826586752,1.1329824924468994,1.432317852973938,0.5094648128610904,0.07808467817322935,1.565453052520752,"[0.789545476436615, 0.9346641302108765, 1.1329824924468994]","[0.7726036621927033, 0.7090988372093023, 0.6887301587301587]","[0.9363927841186523, 1.489945650100708, 1.2831977605819702, 0.8817232251167297, 1.565453052520752]","[0.6864298248314779, 0.4823151422178592, 0.5118181818181818, 0.8613635981504835, 0.4623333333333333]",1.6344278999895323
4,hybrid,0.03,0.1,0.8784599304199219,0.7921536223228897,0.023621249416606815,1.2050023078918457,1.2489423751831055,0.5690094003901462,0.0539166381441612,1.1753190755844116,"[0.8442162275314331, 0.931492805480957, 1.2050023078918457]","[0.8117037959503713, 0.7702180232558139, 0.6998412698412698]","[0.9001407623291016, 1.3931777477264404, 1.4107625484466553, 0.8682535290718079, 1.1753190755844116]","[0.6914560862124798, 0.5487139778758529, 0.5318181818181819, 0.6984615384615385, 0.5706666666666667]",1.6375666999956593
5,hybrid,0.03,0.1,0.6167121529579163,0.7827593853231485,0.008526537647611576,0.8012967109680176,1.0387738943099976,0.5753512794944013,0.032487871536017676,1.0491210222244263,"[0.5996006727218628, 0.6118007898330688, 0.8012967109680176]","[0.7958930861122642, 0.7821608527131783, 0.713015873015873]","[0.7769460678100586, 1.0689141750335693, 1.2930489778518677, 0.8583100438117981, 1.0491210222244263]","[0.677323739125631, 0.5778395066879521, 0.5318181818181819, 0.7116923076923077, 0.5586666666666666]",1.6137516000017058
6,hybrid,0.03,0.1,0.6945332884788513,0.8077739304761812,0.00978830806536024,0.8567202687263489,1.1599129438400269,0.554999597988582,0.04999269863061499,1.3101783990859985,"[0.6901348829269409, 0.6209993362426758, 0.8567202687263489]","[0.8078553111018865, 0.8189583333333333, 0.7892063492063491]","[0.694870114326477, 1.1639959812164307, 1.1566635370254517, 0.8700863718986511, 1.3101783990859985]","[0.7059017720261973, 0.5257849374126409, 0.5418181818181818, 0.8423892391761244, 0.5326666666666667]",1.6222643999935826
7,hybrid,0.03,0.1,0.7170133590698242,0.7757071190920338,0.015498474642281539,0.9522933959960938,1.2394987344741821,0.5582245410165166,0.030810426537115066,1.1802303791046143,"[0.6630285382270813, 0.891252338886261, 0.9522933959960938]","[0.7939351736543517, 0.6988275193798449, 0.6934920634920635]","[0.962990939617157, 1.3211681842803955, 1.379136323928833, 0.9579237699508667, 1.1802303791046143]","[0.6669745719131899, 0.5394240900102406, 0.5428787878787878, 0.6985641025641026, 0.568]",1.6089768999954686
8,hybrid,0.03,0.1,0.5676630735397339,0.8106046844254436,0.023047788645855227,0.814531683921814,1.2670055627822876,0.5119822230301125,0.051494475039961574,1.3810234069824219,"[0.5610571503639221, 0.45215052366256714, 0.814531683921814]","[0.8127868179512016, 0.8799321705426356, 0.7284126984126984]","[0.7797120809555054, 1.268717885017395, 1.2139016389846802, 0.9126453399658203, 1.3810234069824219]","[0.6787209216454394, 0.4706959588982932, 0.3853030303030303, 0.8158974358974358, 0.524]",1.5895859000011114
9,hybrid,0.03,0.1,0.7319735288619995,0.8106020506611145,0.009276320444920808,0.927115797996521,1.3588769435882568,0.5066781095131658,0.08271998149911554,1.5061134099960327,"[0.7195662260055542, 0.7262028455734253, 0.927115797996521]","[0.8105226978573358, 0.7988275193798449, 0.7907936507936508]","[0.731712818145752, 1.3529636859893799, 1.2804666757583618, 0.9178178906440735, 1.5061134099960327]","[0.7080591862111956, 0.4531124495150369, 0.3837878787878788, 0.7493333333333333, 0.5483333333333333]",1.612197800001013
0,hybrid,0.03,0.3,0.5369065403938293,0.8152116310803272,0.013821784976808577,0.6414337158203125,1.000239610671997,0.5829118611208537,0.031237809009954848,1.0676906108856201,"[0.4845561385154724, 0.7721362709999084, 0.6414337158203125]","[0.8117969881463031, 0.8321608527131783, 0.8169841269841269]","[0.6831456422805786, 1.0148553848266602, 1.2167335748672485, 0.9240745306015015, 1.0676906108856201]","[0.6971993155334459, 0.6006142742868109, 0.5632634032634033, 0.7222564102564103, 0.5366666666666667]",1.7109785999928135
1,hybrid,0.03,0.3,0.5541259050369263,0.7922966914680586,0.007951741943383045,0.6807316541671753,1.0952502489089966,0.5433269321046357,0.044369997483719316,1.2169878482818604,"[0.5116716623306274, 0.7159801125526428, 0.6807316541671753]","[0.7953223098565564, 0.8281298449612404, 0.7741269841269841]","[0.6390975713729858, 1.1124228239059448, 1.1606649160385132, 0.9191837310791016, 1.2169878482818604]","[0.7068479989446089, 0.5308260617703316, 0.44052447552447555, 0.7269205548549811, 0.5263333333333333]",1.602616999996826
2,hybrid,0.03,0.3,0.5034067034721375,0.7954142448003407,0.00950277645836195,0.6147720217704773,1.0213640928268433,0.5703422335261765,0.05734725840412893,1.2304754257202148,"[0.4608568549156189, 0.695912778377533, 0.6147720217704773]","[0.7967035883953694, 0.8321608527131783, 0.7768253968253968]","[0.5490250587463379, 0.9550973773002625, 1.1550124883651733, 0.8772689700126648, 1.2304754257202148]","[0.711078281895083, 0.6133835905060998, 0.4541608391608391, 0.858013986013986, 0.5053333333333334]",1.6021629000024404
3,hybrid,0.03,0.3,0.4863741397857666,0.7990057572179645,0.0072623307725107914,0.6355195045471191,1.2487807273864746,0.5599932537075116,0.09594159963657262,1.5508617162704468,"[0.44475823640823364, 0.6135424971580505, 0.6355195045471191]","[0.7905256497506987, 0.8205571705426357, 0.8526984126984127]","[0.6259576082229614, 1.1694905757904053, 1.0754585266113281, 0.8646030426025391, 1.5508617162704468]","[0.8203474578399149, 0.5484962495498688, 0.6903030303030303, 0.8507692307692307, 0.44633333333333336]",1.6161118000018178
4,hybrid,0.03,0.3,0.4998336732387543,0.8104234763244325,0.011321805976001386,0.7272099256515503,1.0682551860809326,0.5874039305539738,0.03809878155130604,1.1451936960220337,"[0.46664804220199585, 0.5915665626525879, 0.7272099256515503]","[0.8157791384161246, 0.7952858527131783, 0.7998412698412698]","[0.6805416345596313, 1.0702842473983765, 1.099644660949707, 0.7427549362182617, 1.1451936960220337]","[0.7185611702617407, 0.5701520720094091, 0.5324242424242425, 0.9009230769230768, 0.567]",1.5741963000036776
5,hybrid,0.03,0.3,0.3364749848842621,0.8234343317438277,0.0023908585075359903,0.4257074296474457,0.8817928433418274,0.6534149548483931,0.052092250473429545,1.0954418182373047,"[0.3159029483795166, 0.4122309684753418, 0.4257074296474457]","[0.8177860597400715, 0.8286191860465116, 0.8661904761904762]","[0.4746832847595215, 0.7863300442695618, 1.0769208669662476, 0.7868555784225464, 1.0954418182373047]","[0.8442421041138808, 0.6891697346884917, 0.5724242424242425, 0.9052867132867133, 0.5356666666666666]",1.5576128999964567
6,hybrid,0.03,0.3,0.43032217025756836,0.8297929158394869,0.0013281731339900048,0.5077264308929443,1.0253486633300781,0.6338001069036903,0.07758483686575118,1.3255674839019775,"[0.4188620448112488, 0.45593762397766113, 0.5077264308929443]","[0.8247355518656889, 0.8616666666666667, 0.8304761904761906]","[0.4738423824310303, 0.8811178207397461, 1.0318883657455444, 0.8129169344902039, 1.3255674839019775]","[0.8504883318494947, 0.6426288628814978, 0.7092424242424242, 0.8343589743589744, 0.529]",1.5894546000054106
7,hybrid,0.03,0.3,0.6681533455848694,0.811831694188702,0.008739819637990346,0.7855867147445679,1.0373104810714722,0.5633186119126361,0.031287858627683254,1.083827257156372,"[0.6766902208328247, 0.5566811561584473, 0.7855867147445679]","[0.8074811614420225, 0.8440988372093023, 0.799047619047619]","[0.7071830034255981, 1.0273351669311523, 1.2517954111099243, 0.9868699908256531, 1.083827257156372]","[0.6931062512289814, 0.5574981922706399, 0.5257575757575758, 0.700923076923077, 0.5483333333333332]",1.6353120999992825
8,hybrid,0.03,0.3,0.33410921692848206,0.8503166484413525,0.007950781672104648,0.5057319402694702,1.1313620805740356,0.5960748820279125,0.08076789583368993,1.4606326818466187,"[0.3207012414932251, 0.312711626291275, 0.5057319402694702]","[0.8442822517411559, 0.882015503875969, 0.8590476190476191]","[0.5864394903182983, 0.9828044772148132, 1.0772708654403687, 0.8800371289253235, 1.4606326818466187]","[0.7510726315245986, 0.610264068639578, 0.7174242424242425, 0.8343589743589744, 0.5253333333333333]",1.5749561999982689
9,hybrid,0.03,0.3,0.4379344880580902,0.8165336906910289,0.0064501127496377425,0.6106613278388977,1.1996759176254272,0.55303062545456,0.0774072251509972,1.394025444984436,"[0.4154844880104065, 0.49174198508262634, 0.6106613278388977]","[0.8121437024235458, 0.8054941860465116, 0.8550793650793651]","[0.5967831611633301, 1.1353076696395874, 1.1954753398895264, 0.8609304428100586, 1.394025444984436]","[0.7312640203132827, 0.5465227534447503, 0.5443939393939393, 0.7998974358974358, 0.5509999999999999]",1.6200631999963662
0,hybrid,0.03,1.0,0.2775879502296448,0.917768597594311,0.032656343773486064,0.29848626255989075,0.797403872013092,0.6966921627726415,0.06679063197017554,1.0929502248764038,"[0.2154931128025055, 0.633536696434021, 0.29848626255989075]","[0.9332003395242143, 0.8384108527131783, 0.8765079365079366]","[0.36157432198524475, 0.6314297914505005, 0.9781922101974487, 0.7447671890258789, 1.0929502248764038]","[0.901762875646287, 0.7580852032120864, 0.7073659673659674, 0.9142564102564104, 0.5356666666666667]",1.659723299992038
1,hybrid,0.03,1.0,0.2807773947715759,0.917573322963394,0.025925568439221152,0.32741254568099976,0.8689899444580078,0.6532903407661601,0.07566538147545415,1.1648528575897217,"[0.22125525772571564, 0.603291392326355, 0.32741254568099976]","[0.9330942789181537, 0.8415358527131783, 0.8733333333333334]","[0.3691316545009613, 0.7575495839118958, 1.0483207702636719, 0.8700773119926453, 1.1648528575897217]","[0.8930882727774397, 0.6869277685199334, 0.4322727272727273, 0.859048951048951, 0.5276666666666666]",1.6437851999944542
2,hybrid,0.03,1.0,0.24341711401939392,0.9324276528073547,0.01685059980430914,0.2705300748348236,0.8818438649177551,0.6463795334184245,0.07998133052591201,1.1732947826385498,"[0.1984991729259491, 0.5027241706848145, 0.2705300748348236]","[0.9461505517386144, 0.8727858527131783, 0.8733333333333334]","[0.35977378487586975, 0.7653876543045044, 1.0680631399154663, 0.8698000907897949, 1.1732947826385498]","[0.8990185934359648, 0.7034778517039555, 0.39010489510489516, 0.8192261072261072, 0.4966666666666667]",1.5702537000033772
3,hybrid,0.03,1.0,0.3328182101249695,0.8822415338975225,0.005513920406283883,0.36111754179000854,1.098138689994812,0.5859682143341386,0.10985927306535488,1.4817553758621216,"[0.30372777581214905, 0.4818965792655945, 0.36111754179000854]","[0.8941432157753096, 0.8182025193798449, 0.8661904761904762]","[0.4710589349269867, 0.9001674652099609, 1.145241141319275, 0.9103317260742188, 1.4817553758621216]","[0.8368151880692641, 0.6238171299937671, 0.635151515151515, 0.6898741258741258, 0.4673333333333334]",1.5690621999965515
4,hybrid,0.03,1.0,0.2605273723602295,0.9490416606683093,0.03992804112247485,0.28957781195640564,0.859996497631073,0.6817788033358964,0.06985555866867742,1.1371469497680664,"[0.19318827986717224, 0.6569645404815674, 0.28957781195640564]","[0.969806607685277, 0.8547286821705427, 0.8733333333333334]","[0.3530426621437073, 0.7240578532218933, 0.9725887179374695, 0.7764571309089661, 1.1371469497680664]","[0.9002308547399162, 0.7092607720694486, 0.7053030303030303, 0.8583589743589745, 0.5626666666666666]",1.5762855000066338
5,hybrid,0.03,1.0,0.19830194115638733,0.9546439036704824,0.008200904314633137,0.18805758655071259,0.7792823910713196,0.6805738028436485,0.07294363540007168,1.081000804901123,"[0.17483572661876678, 0.3732094168663025, 0.18805758655071259]","[0.9654458770916696, 0.8962596899224806, 0.9153968253968253]","[0.31719422340393066, 0.6261149644851685, 0.9767614603042603, 0.7868025898933411, 1.081000804901123]","[0.9098159377618369, 0.735672503221475, 0.6750349650349651, 0.9016503496503496, 0.5223333333333333]",1.578088199996273
6,hybrid,0.03,1.0,0.2376733273267746,0.9348328621390065,0.010215007511300162,0.251863956451416,0.9599593877792358,0.64685229200384,0.10972181213934191,1.352046251296997,"[0.20547369122505188, 0.4392715096473694, 0.251863956451416]","[0.9542291896695028, 0.8352858527131783, 0.8796825396825397]","[0.34364181756973267, 0.7475008368492126, 1.0234993696212769, 0.8378680944442749, 1.352046251296997]","[0.8973190983824745, 0.6798057674422188, 0.5748484848484848, 0.7890256410256411, 0.5246666666666666]",1.6118813999928534
7,hybrid,0.03,1.0,0.29970455169677734,0.8870580145479299,0.0058745852265575695,0.36230799555778503,0.8745180368423462,0.6618925484328704,0.07073069730265416,1.1366454362869263,"[0.2687622308731079, 0.45650506019592285, 0.36230799555778503]","[0.8947416199079605, 0.8352858527131783, 0.8796825396825397]","[0.41325241327285767, 0.7067665457725525, 1.0947401523590088, 0.8716934323310852, 1.1366454362869263]","[0.8695262278569944, 0.7074738565974593, 0.5886013986013987, 0.7304988344988346, 0.5483333333333333]",1.560808199996245
8,hybrid,0.03,1.0,0.2059061974287033,0.9573367854378223,0.0012756381193790055,0.23391850292682648,0.9336684942245483,0.6586755362914136,0.1059338281433122,1.3291025161743164,"[0.19461731612682343, 0.2819578945636749, 0.23391850292682648]","[0.9745587870127987, 0.8786191860465117, 0.8796825396825397]","[0.3623570203781128, 0.7043498158454895, 1.0543180704116821, 0.8643289804458618, 1.3291025161743164]","[0.8987471011049257, 0.6896055815640667, 0.6456410256410257, 0.8073473193473193, 0.534]",1.5810617999959504
9,hybrid,0.03,1.0,0.22002597153186798,0.9371176593140577,0.003827426565737103,0.23511619865894318,1.0268995761871338,0.6439765811013334,0.10333527374215153,1.3368257284164429,"[0.2029598206281662, 0.3472873568534851, 0.23511619865894318]","[0.9539047812012587, 0.8462596899224806, 0.8796825396825397]","[0.35803717374801636, 0.8536734580993652, 1.0733089447021484, 0.8959015011787415, 1.3368257284164429]","[0.8988907185795136, 0.6669187428575453, 0.5599999999999999, 0.7545641025641026, 0.5553333333333332]",1.5853745999920648
0,hybrid,0.03,3.0,0.2328142374753952,0.9512513798992088,0.024627565158310747,0.2290007621049881,0.8115628957748413,0.6701496953797351,0.08639667891720479,1.1165217161178589,"[0.18307280540466309, 0.5365545749664307, 0.2290007621049881]","[0.9655291066475019, 0.8837596899224807, 0.8868253968253968]","[0.3043798804283142, 0.626584529876709, 1.0379979610443115, 0.8296871185302734, 1.1165217161178589]","[0.9220613002291183, 0.7129203270822022, 0.5761655011655012, 0.868923076923077, 0.5356666666666666]",1.6747933000006014
1,hybrid,0.03,3.0,0.21998906135559082,0.9542335796968489,0.022377442393133034,0.1907353401184082,0.8280609250068665,0.6483137130127972,0.08540102082593051,1.1430705785751343,"[0.17804476618766785, 0.5015299320220947, 0.1907353401184082]","[0.9646764476373088, 0.8977858527131783, 0.9265079365079366]","[0.32415732741355896, 0.6772000193595886, 1.0488070249557495, 0.8842455148696899, 1.1430705785751343]","[0.9045695510542007, 0.6925977000292369, 0.388974358974359, 0.7872261072261073, 0.5203333333333334]",1.565196299998206
2,hybrid,0.03,3.0,0.2078131139278412,0.9644275702435017,0.01625872006251525,0.17773595452308655,0.9817469716072083,0.6209562773907379,0.12075593873602501,1.3472766876220703,"[0.17498478293418884, 0.44683876633644104, 0.17773595452308655]","[0.9760965620231765, 0.8868846899224806, 0.9622222222222222]","[0.3427909314632416, 0.7988160252571106, 1.1873114109039307, 0.8702290654182434, 1.3472766876220703]","[0.8967419723752272, 0.6530841775686332, 0.5095221445221444, 0.76395337995338, 0.5026666666666666]",1.5640171999984886
3,hybrid,0.03,3.0,0.2841262221336365,0.897843855778832,0.004818044913877914,0.22504587471485138,1.0593702793121338,0.5650079470615913,0.11771800979595226,1.4355217218399048,"[0.2720872461795807, 0.3900640308856964, 0.22504587471485138]","[0.9035914653947922, 0.8633430232558139, 0.9011111111111111]","[0.42616233229637146, 0.8585323095321655, 1.2230056524276733, 0.956596851348877, 1.4355217218399048]","[0.8664038667814934, 0.5999786988179932, 0.43090909090909085, 0.5290069930069929, 0.45133333333333325]",1.5597878000116907
4,hybrid,0.03,3.0,0.22531390190124512,0.9577871406788828,0.011515393176263414,0.23101583123207092,0.8343299031257629,0.6861017479523814,0.08271905690031729,1.1654484272003174,"[0.1927032321691513, 0.4370669424533844, 0.23101583123207092]","[0.9737758895449697, 0.880218023255814, 0.8868253968253968]","[0.307856023311615, 0.6388656497001648, 0.9324091672897339, 0.7393654584884644, 1.1654484272003174]","[0.9192091473095461, 0.7305640295919515, 0.6668764568764569, 0.8502564102564103, 0.5566666666666668]",1.568327600005432
5,hybrid,0.03,3.0,0.19387467205524445,0.9496346246631976,0.006766305715415921,0.1765040159225464,0.8039835691452026,0.6362152329982425,0.086150530196999,1.1130249500274658,"[0.17727108299732208, 0.3513809144496918, 0.1765040159225464]","[0.9572266990094779, 0.895843023255814, 0.9368253968253969]","[0.3150232136249542, 0.634685754776001, 1.0656815767288208, 0.8162201046943665, 1.1130249500274658]","[0.9220613002291183, 0.6566376695238405, 0.5534032634032634, 0.8376503496503498, 0.516]",1.5505247999972198
6,hybrid,0.03,3.0,0.23373942077159882,0.9488679214608519,0.01984200037009629,0.21252243220806122,0.9329873919487,0.64157208497474,0.12158257749229762,1.345505952835083,"[0.19692449271678925, 0.503230631351471, 0.21252243220806122]","[0.9663396089306069, 0.8650096899224806, 0.8796825396825397]","[0.31417471170425415, 0.6955265998840332, 1.0756807327270508, 0.8276659846305847, 1.345505952835083]","[0.9150119316668762, 0.6851015866828165, 0.5244638694638695, 0.770013986013986, 0.5103333333333334]",1.582336799998302
7,hybrid,0.03,3.0,0.24184365570545197,0.9382924814531218,0.01253302160788921,0.23213188350200653,0.8888659477233887,0.6533784448731612,0.10044214637186089,1.212256908416748,"[0.20974811911582947, 0.4576314091682434, 0.23213188350200653]","[0.9550701333529122, 0.8556346899224806, 0.8796825396825397]","[0.3305715322494507, 0.6850939989089966, 1.1152490377426147, 0.9102161526679993, 1.212256908416748]","[0.9144705411532106, 0.6977692774150235, 0.4459090909090909, 0.629892773892774, 0.5386666666666666]",1.657677800001693
8,hybrid,0.03,3.0,0.21764233708381653,0.9577836535999914,0.01028291033888652,0.2039259970188141,0.9397492408752441,0.6450549357196166,0.11692220843358854,1.3248376846313477,"[0.1905168741941452, 0.4120195806026459, 0.2039259970188141]","[0.9722287514978316, 0.892718023255814, 0.8796825396825397]","[0.3456346392631531, 0.7019259333610535, 1.1345396041870117, 0.9535948038101196, 1.3248376846313477]","[0.9073621005359032, 0.6706443414191197, 0.48412587412587416, 0.6369230769230769, 0.5366666666666667]",1.6154596999986097
9,hybrid,0.03,3.0,0.20243532955646515,0.9647639757734554,0.00800564360933192,0.16139492392539978,0.9361581802368164,0.6540260367505988,0.10282121302286724,1.2553017139434814,"[0.1870540827512741, 0.362722784280777, 0.16139492392539978]","[0.9746226908917711, 0.8900096899224806, 0.9685714285714285]","[0.3475073575973511, 0.7057133913040161, 1.1246652603149414, 0.89942866563797, 1.2553017139434814]","[0.9169487889779931, 0.6960411668159451, 0.561060606060606, 0.734153846153846, 0.5483333333333333]",1.6233975000068313
0,hybrid,0.03,10.0,0.2234514057636261,0.9564453902262928,0.016187181054036357,0.21033170819282532,0.856413722038269,0.6473508360400252,0.10459029869009555,1.218967080116272,"[0.1875920295715332, 0.4681355953216553, 0.21033170819282532]","[0.9694192639280702, 0.8868846899224806, 0.9153968253968253]","[0.32136914134025574, 0.634843111038208, 1.104077935218811, 0.8339926600456238, 1.218967080116272]","[0.9227213662357189, 0.6946894003028883, 0.5626340326340327, 0.83595337995338, 0.5063333333333333]",1.8614768999977969
1,hybrid,0.03,10.0,0.20826944708824158,0.9458156552297371,0.008409527265408308,0.17673717439174652,0.8481031656265259,0.6316146542152323,0.0971287335792546,1.1806172132492065,"[0.18832732737064362, 0.3768055737018585, 0.17673717439174652]","[0.9514009760262206, 0.9025096899224806, 0.947936507936508]","[0.35301390290260315, 0.6695869565010071, 1.1481878757476807, 0.9407240748405457, 1.1806172132492065]","[0.9052296170608013, 0.660562416175904, 0.4279020979020979, 0.8095291375291375, 0.508]",1.6378545000043232
2,hybrid,0.03,10.0,0.22414076328277588,0.956597196036372,0.014474415028784304,0.21454103291034698,0.9920918345451355,0.6246505591762419,0.13431595879649394,1.4132543802261353,"[0.19087031483650208, 0.4570963978767395, 0.21454103291034698]","[0.9737026226292371, 0.8775096899224806, 0.8796825396825397]","[0.3430910110473633, 0.7697260975837708, 1.1860501766204834, 0.8738439679145813, 1.4132543802261353]","[0.897131077433593, 0.6676233480755458, 0.36791375291375294, 0.5818927738927739, 0.5106666666666666]",1.5646161000040593
3,hybrid,0.03,10.0,0.2862999439239502,0.8963791396842886,0.002416912472471703,0.19436368346214294,1.0893962383270264,0.5543125056112406,0.14302320445287137,1.5191062688827515,"[0.28983381390571594, 0.30566129088401794, 0.19436368346214294]","[0.8948788829493332, 0.9056346899224806, 0.9153968253968253]","[0.4125247001647949, 0.8707584142684937, 1.2926698923110962, 1.0009205341339111, 1.5191062688827515]","[0.9052296170608013, 0.5814533531958734, 0.3560606060606061, 0.4740512820512821, 0.43066666666666664]",1.5709263000026112
4,hybrid,0.03,10.0,0.20443959534168243,0.9653751527554416,0.012650588987586975,0.184894397854805,0.819929301738739,0.670280264108811,0.07997315083371802,1.1235557794570923,"[0.17550742626190186, 0.4186575412750244, 0.184894397854805]","[0.9762758895449697, 0.8833430232558139, 0.9725396825396825]","[0.3039831221103668, 0.6519836783409119, 0.979450523853302, 0.7621229290962219, 1.1235557794570923]","[0.9099432925072403, 0.7106084991252128, 0.6541491841491842, 0.844923076923077, 0.5433333333333333]",1.5729338000091957
5,hybrid,0.03,10.0,0.19279496371746063,0.9478696822959229,0.008511738381066053,0.18306729197502136,0.7882463932037354,0.6490494619314695,0.08375419243328763,1.0833353996276855,"[0.17584927380084991, 0.3750694990158081, 0.18306729197502136]","[0.9562873050700839, 0.8954263565891474, 0.9153968253968253]","[0.31943726539611816, 0.6204460263252258, 1.0766880512237549, 0.8146665692329407, 1.0833353996276855]","[0.9296520593050259, 0.6759976285612188, 0.5473892773892775, 0.8153473193473193, 0.532]",1.5947073999996064
6,hybrid,0.03,10.0,0.20677335560321808,0.9599753244863226,0.01406885511938939,0.17190000414848328,0.9441741704940796,0.6441056744055474,0.12665898439904963,1.3251076936721802,"[0.18193462491035461, 0.42838168144226074, 0.17190000414848328]","[0.9734905014171158, 0.8868846899224806, 0.9153968253968253]","[0.3143467307090759, 0.7250879406929016, 1.182207465171814, 0.8955073356628418, 1.3251076936721802]","[0.9215535196778173, 0.6852167940560884, 0.39582750582750587, 0.6798321678321678, 0.5333333333333333]",1.6702786999958334
7,hybrid,0.03,10.0,0.21153533458709717,0.9469729076939171,0.00835030376599989,0.18280136585235596,0.8349267840385437,0.6398621099004562,0.0997550594399405,1.1498053073883057,"[0.1904817521572113, 0.38037365674972534, 0.18280136585235596]","[0.9566407020536178, 0.8931346899224806, 0.9153968253968253]","[0.3143579959869385, 0.6442633867263794, 1.1378189325332642, 0.8698980212211609, 1.1498053073883057]","[0.9247015642555209, 0.6785936501748799, 0.3591841491841492, 0.6645594405594405, 0.5203333333333333]",1.5727268000046024
8,hybrid,0.03,10.0,0.22363261878490448,0.9593135729257913,0.012302380626922607,0.2031753957271576,0.9014193415641785,0.6586239873255242,0.10969529965984806,1.2783135175704956,"[0.19527050852775574, 0.4344119131565094, 0.2031753957271576]","[0.9738028255719058, 0.892718023255814, 0.8868253968253968]","[0.3308422863483429, 0.6640475988388062, 1.0849632024765015, 0.9272257685661316, 1.2783135175704956]","[0.9116525295788074, 0.6826873521718079, 0.6344289044289044, 0.8153473193473193, 0.5366666666666667]",1.5724047999974573
9,hybrid,0.03,10.0,0.21405932307243347,0.9601168203166729,0.012819792550432356,0.17432352900505066,0.8998567461967468,0.6402309716689308,0.09765921460718077,1.190434217453003,"[0.18989825248718262, 0.4219173491001129, 0.17432352900505066]","[0.9707033606025778, 0.8868846899224806, 0.9582539682539682]","[0.32708367705345154, 0.7139498591423035, 1.1340268850326538, 0.8511126637458801, 1.190434217453003]","[0.9200811022093163, 0.6680841775686333, 0.5621911421911422, 0.7649230769230769, 0.5403333333333334]",1.5728202000027522
0,hybrid,0.1,0.3,0.8409954309463501,0.7720467288440094,0.013206618772941504,1.0596463680267334,1.2582662105560303,0.5606626192682723,0.03547630542753723,1.077501654624939,"[0.7866231799125671, 0.9824941754341125, 1.0596463680267334]","[0.7889590886029242, 0.7323691860465116, 0.6879365079365078]","[1.0647341012954712, 1.4354149103164673, 1.5160771608352661, 1.1598379611968994, 1.077501654624939]","[0.652123086764675, 0.565298719299304, 0.543939393939394, 0.7198974358974359, 0.534]",1.6917430000030436
1,hybrid,0.1,0.3,0.831530749797821,0.7733054115266825,0.01539028943590163,1.0803380012512207,1.2590787410736084,0.5706564065854507,0.042732858941271844,1.0541198253631592,"[0.7940074801445007, 0.8490397334098816, 1.0803380012512207]","[0.7902343065356764, 0.7383381782945737, 0.6815873015873015]","[1.0506923198699951, 1.4535417556762695, 1.5493204593658447, 1.180429220199585, 1.0541198253631592]","[0.6679337479701685, 0.574357367934992, 0.543939393939394, 0.6916923076923076, 0.5436666666666667]",1.6172646000050008
2,hybrid,0.1,0.3,0.6473599076271057,0.788271241616971,0.010648169091470865,0.8231034278869629,1.1685174703598022,0.5377750905142847,0.03260745587810447,1.1179134845733643,"[0.5990211963653564, 0.8123397827148438, 0.8231034278869629]","[0.8024690512430238, 0.800765503875969, 0.710952380952381]","[0.8220504522323608, 1.2607014179229736, 1.3132739067077637, 0.9810260534286499, 1.1179134845733643]","[0.6654757294219369, 0.5299488962959747, 0.37272727272727274, 0.7158787878787878, 0.5453333333333333]",1.5780839000071865
3,hybrid,0.1,0.3,0.7321738004684448,0.7407010178846715,0.016557020695248385,0.9911437034606934,1.4176933765411377,0.4773810773651278,0.03878354251582664,1.3679527044296265,"[0.6876119375228882, 0.7658390998840332, 0.9911437034606934]","[0.7576899820118999, 0.7165358527131782, 0.6704761904761904]","[1.0384600162506104, 1.5237380266189575, 1.3874664306640625, 1.0407731533050537, 1.3679527044296265]","[0.6135954752486596, 0.45532701522426483, 0.4878787878787879, 0.728, 0.47800000000000004]",1.592637299996568
4,hybrid,0.1,0.3,0.6449117660522461,0.7857558506376537,0.01488596997526849,0.8938571810722351,1.1952931880950928,0.5795003113704864,0.033715676640943,1.12457275390625,"[0.6102167367935181, 0.6705020666122437, 0.8938571810722351]","[0.8066668280983349, 0.7902180232558139, 0.6855555555555556]","[0.9162120819091797, 1.2656110525131226, 1.4349486827850342, 1.013188123703003, 1.12457275390625]","[0.6926126270078979, 0.5564918484692386, 0.5428787878787878, 0.7093333333333333, 0.5803333333333334]",1.6010730999987572
5,hybrid,0.1,0.3,0.5714698433876038,0.8063183288698038,0.005174538641119694,0.6775429248809814,1.0651229619979858,0.5587485460473153,0.043517851605238314,1.0415018796920776,"[0.5337464213371277, 0.6938339471817017, 0.6775429248809814]","[0.8093139615331395, 0.8258381782945736, 0.7776190476190477]","[0.8197308778762817, 1.0880712270736694, 1.45462167263031, 0.990746021270752, 1.0415018796920776]","[0.6571326538692455, 0.5516923951817716, 0.5389393939393939, 0.7093333333333333, 0.5533333333333332]",1.6113517999910982
6,hybrid,0.1,0.3,0.5594704151153564,0.8081809810452913,0.0027317855808348668,0.6515003442764282,1.1556689739227295,0.521804708731115,0.02981861978041934,1.188073754310608,"[0.5478905439376831, 0.5345664024353027, 0.6515003442764282]","[0.8104157096074905, 0.8440988372093023, 0.7749206349206349]","[0.7747017741203308, 1.1590449810028076, 1.2679784297943115, 1.0281665325164795, 1.188073754310608]","[0.6558369211831364, 0.4967035825849765, 0.5286363636363636, 0.6225573770491803, 0.5393333333333332]",1.6064421999908518
7,hybrid,0.1,0.3,0.7423664331436157,0.7982928937061253,0.005604118612810775,0.895164966583252,1.2028553485870361,0.5568364239596386,0.023274604789907585,1.1255271434783936,"[0.7120636701583862, 0.7950137257575989, 0.895164966583252]","[0.8057409021724091, 0.831671511627907, 0.7236507936507938]","[0.9497678875923157, 1.2973227500915527, 1.2828058004379272, 0.9484847784042358, 1.1255271434783936]","[0.6675755658647251, 0.5297610848907018, 0.548939393939394, 0.7012307692307692, 0.5720000000000001]",1.5852458000008482
8,hybrid,0.1,0.3,0.5201878547668457,0.8024581741359302,0.017915882296032137,0.7469395399093628,1.1409610509872437,0.5500332813869907,0.026925411931304093,1.1607540845870972,"[0.4995572566986084, 0.4369073808193207, 0.7469395399093628]","[0.8137033808403672, 0.8800000000000001, 0.7061904761904761]","[0.812067985534668, 1.157017707824707, 1.2906246185302734, 1.001753330230713, 1.1607540845870972]","[0.6368658022813629, 0.5374994621807467, 0.5378787878787878, 0.8565128205128205, 0.561]",1.5991822000069078
9,hybrid,0.1,0.3,0.5145493745803833,0.8136043392745614,0.0048457005676510395,0.6492652297019958,1.3126637935638428,0.4624442087597149,0.045213918719065875,1.323603868484497,"[0.5041157007217407, 0.4992026388645172, 0.6492652297019958]","[0.8121427747797612, 0.7897916666666667, 0.8447619047619048]","[0.8353846669197083, 1.3397903442382812, 1.3961389064788818, 1.0575673580169678, 1.323603868484497]","[0.6140071497354321, 0.43034495545157103, 0.37212121212121213, 0.6235897435897436, 0.5376666666666666]",1.5766839000134496
0,hybrid,0.1,1.0,0.48197323083877563,0.8190002824908706,0.008446547920283246,0.5916374921798706,1.0381252765655518,0.5469829567149856,0.029007334758542815,1.0350022315979004,"[0.43545761704444885, 0.6539589166641235, 0.5916374921798706]","[0.8120595452239288, 0.836812015503876, 0.863015873015873]","[0.789185643196106, 1.023781418800354, 1.3245846033096313, 1.0765266418457031, 1.0350022315979004]","[0.6508620268065392, 0.5455611499007176, 0.5240909090909092, 0.7041025641025641, 0.5356666666666666]",1.7223208000068553
1,hybrid,0.1,1.0,0.445844829082489,0.8107362698197914,0.012771310296815367,0.5426701307296753,1.006422758102417,0.570467724853355,0.031899732367472775,1.0373132228851318,"[0.394731342792511, 0.6713247299194336, 0.5426701307296753]","[0.81443065356764, 0.7941763565891472, 0.8280952380952382]","[0.7203801870346069, 0.9961827397346497, 1.2831988334655762, 1.0169036388397217, 1.0373132228851318]","[0.7042770803741527, 0.5707557381324847, 0.508939393939394, 0.7109642707019758, 0.538]",1.6322117999952752
2,hybrid,0.1,1.0,0.41137781739234924,0.8127724836682647,0.0058723448291575255,0.49557700753211975,1.0185835361480713,0.5765996386212178,0.05131043083028203,1.116433024406433,"[0.38087499141693115, 0.5669044256210327, 0.49557700753211975]","[0.8113598773119322, 0.7675096899224806, 0.8661904761904762]","[0.5798803567886353, 0.9771865606307983, 1.2548587322235107, 1.0357632637023926, 1.116433024406433]","[0.8185694179669621, 0.5552352125555006, 0.403030303030303, 0.6982843822843823, 0.5283333333333333]",1.6428202999959467
3,hybrid,0.1,1.0,0.5834615230560303,0.7523698322979349,0.000903546169852455,0.6329739689826965,1.1689218282699585,0.5019667140367188,0.040791280387418284,1.2888524532318115,"[0.5636264085769653, 0.6197278499603271, 0.6329739689826965]","[0.7381013560260137, 0.8115988372093025, 0.8347619047619048]","[0.729377269744873, 1.1320397853851318, 1.2732515335083008, 1.1002219915390015, 1.2888524532318115]","[0.6724104851543194, 0.5109519792281244, 0.6486363636363637, 0.5869090909090909, 0.46799999999999997]",1.6227350999979535
4,hybrid,0.1,1.0,0.36581698060035706,0.8397252642026874,0.007380592032079747,0.479128360748291,0.951971709728241,0.6088039215375634,0.039505850405763,1.0931165218353271,"[0.32331159710884094, 0.5237088203430176, 0.479128360748291]","[0.8515336728575477, 0.7863275193798449, 0.8315873015873017]","[0.5665349960327148, 0.8821244239807129, 1.1200997829437256, 0.8762571215629578, 1.0931165218353271]","[0.7185763702253168, 0.6303666366198184, 0.5440909090909092, 0.8805128205128204, 0.5693333333333334]",1.6678118999989238
5,hybrid,0.1,1.0,0.36000385880470276,0.8446942982681767,0.011737207603121962,0.43456000089645386,0.9111407399177551,0.6019435781837368,0.037812601519843836,1.0022999048233032,"[0.30977171659469604, 0.574991762638092, 0.43456000089645386]","[0.8499126682913374, 0.8098691860465117, 0.8606349206349208]","[0.607880711555481, 0.8712148666381836, 1.207147479057312, 0.9304922223091125, 1.0022999048233032]","[0.6964386856397377, 0.6518152514883347, 0.5268181818181819, 0.9030303030303031, 0.5363333333333333]",1.6465148999996018
6,hybrid,0.1,1.0,0.40245944261550903,0.8343160582455538,0.0008049639934060653,0.4552749991416931,0.981853187084198,0.6291467019877197,0.051520331524287144,1.1605119705200195,"[0.3881073594093323, 0.4371417164802551, 0.4552749991416931]","[0.8316716762254923, 0.827093023255814, 0.8590476190476191]","[0.510347843170166, 0.9190815091133118, 1.0982669591903687, 0.9369539022445679, 1.1605119705200195]","[0.8543762827001281, 0.6430951756222776, 0.5943939393939395, 0.7812307692307693, 0.5316666666666666]",1.7104909000045154
7,hybrid,0.1,1.0,0.5556298494338989,0.8167816147161595,0.004726624433289651,0.634293794631958,1.0421112775802612,0.5576221703463153,0.02546181523783787,1.065422773361206,"[0.5226483941078186, 0.6876557469367981, 0.634293794631958]","[0.813049375028827, 0.8240988372093023, 0.8347619047619048]","[0.7573034167289734, 1.0183831453323364, 1.2556712627410889, 0.993308424949646, 1.065422773361206]","[0.6997069112949881, 0.5410510208826608, 0.5251515151515151, 0.6768857808857808, 0.55]",1.6587957000010647
8,hybrid,0.1,1.0,0.3628750741481781,0.8362671754429885,0.004085252696651251,0.4946349263191223,0.9540510177612305,0.6286536873462789,0.043886063284521125,1.0893449783325195,"[0.34033456444740295, 0.3945242166519165, 0.4946349263191223]","[0.8357381399494903, 0.8286191860465116, 0.8566666666666667]","[0.5563251376152039, 0.9017471075057983, 1.158478021621704, 0.969133734703064, 1.0893449783325195]","[0.8230750457738056, 0.6467708371820288, 0.6913636363636364, 0.7132680652680652, 0.5396666666666667]",1.6300737999990815
9,hybrid,0.1,1.0,0.312382310628891,0.9064629134010357,0.0022664022672979436,0.3885463774204254,1.1008378267288208,0.5548230350092462,0.05245637299878127,1.2369120121002197,"[0.29035457968711853, 0.39392605423927307, 0.3885463774204254]","[0.9220219777685532, 0.8190310077519379, 0.8733333333333334]","[0.5972048044204712, 1.0321332216262817, 1.19745934009552, 0.937644362449646, 1.2369120121002197]","[0.71093573845786, 0.5765353688592246, 0.572121212121212, 0.752102564102564, 0.5413333333333333]",1.6409698000061326
0,hybrid,0.1,3.0,0.32590344548225403,0.8996430493390086,0.010148255258193196,0.33876773715019226,0.8964271545410156,0.6341153023139906,0.06098988707209259,1.0903875827789307,"[0.29024484753608704, 0.5240326523780823, 0.33876773715019226]","[0.9122711411948202, 0.827093023255814, 0.8733333333333334]","[0.4815393090248108, 0.764681875705719, 1.1550843715667725, 1.0011136531829834, 1.0903875827789307]","[0.8325003596992676, 0.6880835897960389, 0.6357575757575759, 0.7357948717948718, 0.518]",1.7190957999991952
1,hybrid,0.1,3.0,0.2867416441440582,0.9337677754500338,0.01505576793930076,0.28066492080688477,0.8745779991149902,0.6641887586304381,0.0632452173466865,1.0980091094970703,"[0.24807551503181458, 0.5231257081031799, 0.28066492080688477]","[0.9482574171497851, 0.8641763565891474, 0.8733333333333334]","[0.45849674940109253, 0.7480155825614929, 1.129478096961975, 0.9870637655258179, 1.0980091094970703]","[0.8920440282751685, 0.7113837751219213, 0.4581818181818182, 0.7243729603729604, 0.5309999999999999]",1.5905003999941982
2,hybrid,0.1,3.0,0.3309190273284912,0.9069682082449602,0.014935021857357672,0.33347660303115845,0.9693340063095093,0.629273925008446,0.07486743159134975,1.1988130807876587,"[0.2929684519767761, 0.5700822472572327, 0.33347660303115845]","[0.921154656715322, 0.8173013565891474, 0.8765079365079366]","[0.45472726225852966, 0.825478196144104, 1.1768802404403687, 0.9957143068313599, 1.1988130807876587]","[0.8585208584350393, 0.6571537296070208, 0.49333333333333335, 0.7730256410256411, 0.5410000000000001]",1.548430599999847
3,hybrid,0.1,3.0,0.3884071409702301,0.8668598823733564,0.002167792605825348,0.38490089774131775,1.0029897689819336,0.5817506116773539,0.06419065486757972,1.2405955791473389,"[0.3691522777080536, 0.4748481214046478, 0.38490089774131775]","[0.8771242590851202, 0.7984108527131782, 0.8733333333333334]","[0.5337002873420715, 0.8578704595565796, 1.1821149587631226, 0.9868835210800171, 1.2405955791473389]","[0.8559435077172761, 0.6263462917984894, 0.5077272727272728, 0.5482983682983682, 0.46033333333333337]",1.5625064999912865
4,hybrid,0.1,3.0,0.3259013295173645,0.9082566298512267,0.007753270826173954,0.38728901743888855,0.8850064277648926,0.6606925325182441,0.05626657397754982,1.0868076086044312,"[0.28897199034690857, 0.5043834447860718, 0.38728901743888855]","[0.9258520622307314, 0.8090358527131783, 0.8733333333333334]","[0.46995678544044495, 0.7553143501281738, 1.103105068206787, 0.9528683423995972, 1.0868076086044312]","[0.863505483557957, 0.6930593214940232, 0.6786363636363637, 0.7569230769230769, 0.5533333333333333]",1.5943509000062477
5,hybrid,0.1,3.0,0.2835511863231659,0.9323210733556291,0.008447533329322552,0.3163670301437378,0.81028813123703,0.6803410502726749,0.05105340482066012,0.987712562084198,"[0.24932968616485596, 0.4689757227897644, 0.3163670301437378]","[0.946982199217033, 0.8610513565891473, 0.8733333333333334]","[0.4662107527256012, 0.7045936584472656, 1.1036770343780518, 0.9171646237373352, 0.987712562084198]","[0.8832463547334953, 0.7216293772811375, 0.6451515151515151, 0.8673193473193473, 0.545]",1.5940411999908974
6,hybrid,0.1,3.0,0.30949363112449646,0.9367557195694636,0.004624694672018807,0.33627477288246155,0.9330681562423706,0.6299622145386886,0.06466562202716886,1.1421358585357666,"[0.2820419669151306, 0.4455593526363373, 0.33627477288246155]","[0.9595012250922231, 0.823968023255814, 0.8733333333333334]","[0.44666391611099243, 0.8308979272842407, 1.1270549297332764, 0.9534387588500977, 1.1421358585357666]","[0.8845762287647734, 0.6548046865718103, 0.48090909090909084, 0.6546853146853147, 0.5246666666666667]",1.566398199996911
7,hybrid,0.1,3.0,0.33684760332107544,0.9023306025431778,0.006770115912749317,0.38721150159835815,0.924394428730011,0.6356634226921558,0.05754283723126861,1.113487958908081,"[0.29982346296310425, 0.5008007287979126, 0.38721150159835815]","[0.9174476989633545, 0.823968023255814, 0.8633333333333333]","[0.4925130009651184, 0.8152325749397278, 1.1570008993148804, 0.9555389285087585, 1.113487958908081]","[0.8542612383230216, 0.6603129047372183, 0.6275757575757576, 0.8197109557109558, 0.5333333333333334]",1.5592313000088325
8,hybrid,0.1,3.0,0.31773799657821655,0.9302487989579158,0.00796993611033889,0.36330896615982056,0.8808916211128235,0.6434533883582537,0.06770258766300628,1.1217658519744873,"[0.2826443612575531, 0.4990011751651764, 0.36330896615982056]","[0.9520608395011527, 0.8173013565891474, 0.8733333333333334]","[0.46851664781570435, 0.7322648763656616, 1.156193494796753, 0.9974581003189087, 1.1217658519744873]","[0.881546859680005, 0.6910640741679941, 0.5027272727272727, 0.573995337995338, 0.5063333333333333]",1.5685757999890484
9,hybrid,0.1,3.0,0.28133338689804077,0.9271985254680256,0.002487222808292068,0.29944294691085815,0.9671338796615601,0.636083281974113,0.06819954374209075,1.1945455074310303,"[0.26273030042648315, 0.3819907307624817, 0.29944294691085815]","[0.946539504635395, 0.8235513565891474, 0.8765079365079366]","[0.4607623517513275, 0.8167163729667664, 1.1304776668548584, 0.9402549862861633, 1.1945455074310303]","[0.876203407046804, 0.6640613593686691, 0.5918181818181818, 0.7736410256410257, 0.5363333333333333]",1.6205678999976953
0,hybrid,0.1,10.0,0.3055610656738281,0.9193910971521122,0.004386611266063964,0.3128613531589508,0.9019436836242676,0.6334738554892896,0.06441947465462419,1.099119782447815,"[0.2829527258872986, 0.4359970688819885, 0.3128613531589508]","[0.9320628919895064, 0.8556346899224806, 0.8804761904761905]","[0.48329830169677734, 0.7607817053794861, 1.184823751449585, 0.9915345907211304, 1.099119782447815]","[0.899536658659903, 0.6711162912541094, 0.5596969696969697, 0.7276923076923076, 0.5013333333333333]",1.6310783999942942
1,hybrid,0.1,10.0,0.2690538763999939,0.940401148782426,0.002355523573177365,0.26852530241012573,0.8877769708633423,0.6220820539255317,0.07228691679200963,1.103245496749878,"[0.25476574897766113, 0.36390921473503113, 0.26852530241012573]","[0.9501544468070886, 0.886468023255814, 0.905079365079365]","[0.46215376257896423, 0.7452031373977661, 1.2036997079849243, 1.011132001876831, 1.103245496749878]","[0.8926883629353888, 0.6478374550911836, 0.36385780885780883, 0.728102564102564, 0.5183333333333333]",1.5792084999993676
2,hybrid,0.1,10.0,0.30840298533439636,0.9297108914784067,0.010285981346180861,0.2831360697746277,0.9654897451400757,0.6278881521799731,0.08161342924010113,1.2098402976989746,"[0.2828352153301239, 0.4981294274330139, 0.2831360697746277]","[0.9498289544405004, 0.8173013565891474, 0.8765079365079366]","[0.4607688784599304, 0.8127685785293579, 1.2258780002593994, 1.0292978286743164, 1.2098402976989746]","[0.8815615282607769, 0.6554024986376377, 0.4800000000000001, 0.7320652680652681, 0.5193333333333333]",1.5511502000008477
3,hybrid,0.1,10.0,0.3999820053577423,0.8674860543476729,0.004192636247573489,0.2945594787597656,1.0800564289093018,0.5299891627794112,0.09138955669018714,1.3426185846328735,"[0.3967849016189575, 0.4506928324699402, 0.2945594787597656]","[0.8691191163334022, 0.8500096899224806, 0.9122222222222222]","[0.5483811497688293, 0.9271681904792786, 1.3558533191680908, 1.1620142459869385, 1.3426185846328735]","[0.8286619602951248, 0.5693232195259288, 0.34272727272727277, 0.48266666666666663, 0.42433333333333334]",1.6799889999965671
4,hybrid,0.1,10.0,0.28068313002586365,0.9343901435313207,0.004133026859663029,0.30314409732818604,0.8589838147163391,0.657398876254358,0.072523498295635,1.0519192218780518,"[0.2562624514102936, 0.40989622473716736, 0.30314409732818604]","[0.9497764660866421, 0.8512596899224807, 0.8836507936507937]","[0.43409934639930725, 0.7483245134353638, 1.1799366474151611, 1.0463380813598633, 1.0519192218780518]","[0.8955751885829342, 0.6958869349487273, 0.48090909090909084, 0.5309184149184148, 0.5546666666666666]",1.6479020999977365
5,hybrid,0.1,10.0,0.2623106837272644,0.9429257381198196,0.002767622384993926,0.2666131556034088,0.8046342134475708,0.6573410013168819,0.06620807746305317,1.018996000289917,"[0.2460595667362213, 0.36650651693344116, 0.2666131556034088]","[0.9529809077636866, 0.8798013565891474, 0.9153968253968253]","[0.43969544768333435, 0.6663841605186462, 1.1521321535110474, 0.9462949633598328, 1.018996000289917]","[0.9143523970430797, 0.695052648020831, 0.44594405594405595, 0.7085034965034964, 0.5226666666666666]",1.752548000004026
6,hybrid,0.1,10.0,0.29238682985305786,0.9398049627039619,0.005263240196694478,0.28874334692955017,0.9464058876037598,0.6157261464921376,0.0846564723248173,1.20626962184906,"[0.27410614490509033, 0.43479976058006287, 0.28874334692955017]","[0.9570359559625704, 0.845843023255814, 0.8796825396825397]","[0.4454299807548523, 0.790197491645813, 1.2208038568496704, 1.020904302597046, 1.20626962184906]","[0.8950078045937637, 0.6531097792071381, 0.3616666666666667, 0.44153846153846155, 0.5156666666666666]",1.6440074999991339
7,hybrid,0.1,10.0,0.2941642701625824,0.9355077791848675,0.0026806479453909617,0.2941288948059082,0.9326475858688354,0.6218300222220808,0.06918077688025193,1.1329270601272583,"[0.27745479345321655, 0.3946697413921356, 0.2941288948059082]","[0.9506701979255794, 0.8548013565891474, 0.8796825396825397]","[0.48241525888442993, 0.7844170331954956, 1.2111859321594238, 0.9969813227653503, 1.1329270601272583]","[0.8635434774284564, 0.6530047454279655, 0.4071212121212121, 0.6882610722610722, 0.5353333333333332]",1.647022500008461
8,hybrid,0.1,10.0,0.29405516386032104,0.9339563587800376,0.0016927316766497886,0.2955208122730255,0.9091078639030457,0.6339036712897379,0.07639222111881935,1.165763020515442,"[0.2817554473876953, 0.37509724497795105, 0.2955208122730255]","[0.9482932319184766, 0.8575096899224807, 0.8836507936507937]","[0.4970631003379822, 0.7303265929222107, 1.227271556854248, 1.03346848487854, 1.165763020515442]","[0.8814428414960854, 0.6848443434704066, 0.4284848484848485, 0.5543589743589743, 0.5016666666666667]",1.665779200004181
9,hybrid,0.1,10.0,0.25698214769363403,0.9560681564049087,0.0014769326241981734,0.2527482509613037,0.9106539487838745,0.6408037844692562,0.08464809472838523,1.1868478059768677,"[0.2460387647151947, 0.33071038126945496, 0.2527482509613037]","[0.9673385913933858, 0.8825096899224807, 0.9296825396825398]","[0.42136678099632263, 0.7234231233596802, 1.1813957691192627, 0.94342041015625, 1.1868478059768677]","[0.9146824300463802, 0.6833657955921868, 0.3560606060606061, 0.5688671328671328, 0.535]",1.6014578000031179
0,hybrid,0.3,1.0,0.6477073431015015,0.7869114575072216,0.007940851525608947,0.8280332684516907,1.2022173404693604,0.5287275006191494,0.023288132074488883,1.0525544881820679,"[0.6225385069847107, 0.6615461111068726, 0.8280332684516907]","[0.7992340989806743, 0.8240988372093023, 0.710952380952381]","[1.0011532306671143, 1.315183401107788, 1.3912885189056396, 1.1056474447250366, 1.0525544881820679]","[0.5788518851342828, 0.5286678949265442, 0.5478787878787879, 0.6962051282051281, 0.563]",1.6792318999941926
1,hybrid,0.3,1.0,0.5640465021133423,0.7893869666037369,0.010462644179474822,0.7657610177993774,1.2169950008392334,0.5183290512656077,0.024723899478552767,1.0671024322509766,"[0.516476035118103, 0.6629049181938171, 0.7657610177993774]","[0.8094258798025923, 0.7687596899224806, 0.7284126984126984]","[1.0412335395812988, 1.3116685152053833, 1.4625571966171265, 1.184430718421936, 1.0671024322509766]","[0.5704429187478735, 0.5228230408558836, 0.55, 0.5653333333333334, 0.554]",1.6205445999949006
2,hybrid,0.3,1.0,0.6880570650100708,0.7738625634847707,0.007850330404880404,0.8687030673027039,1.2439727783203125,0.5130288017563769,0.03258339632901879,1.1093604564666748,"[0.6526240110397339, 0.7782381772994995, 0.8687030673027039]","[0.7824536921728702, 0.8183381782945738, 0.703015873015873]","[0.8860235214233398, 1.3918898105621338, 1.3286625146865845, 1.103891134262085, 1.1093604564666748]","[0.6022123369348282, 0.5091702869580434, 0.46848484848484856, 0.773948717948718, 0.5509999999999999]",1.612177499991958
3,hybrid,0.3,1.0,0.6893760561943054,0.7280151990934742,0.0067162191528377475,0.835940957069397,1.2717751264572144,0.47599196248560516,0.023810761910331164,1.2545461654663086,"[0.6438642740249634, 0.7904288172721863, 0.835940957069397]","[0.7418659425303261, 0.8178488372093025, 0.6079365079365079]","[0.9138904809951782, 1.3443833589553833, 1.2888940572738647, 1.1177250146865845, 1.2545461654663086]","[0.5815264006369183, 0.47229363526360213, 0.5395454545454546, 0.7277575757575757, 0.48999999999999994]",1.7133027999952901
4,hybrid,0.3,1.0,0.5121363997459412,0.7881087412388286,0.0073959108795490875,0.6761921644210815,1.1150503158569336,0.5314322224803482,0.024561314732786742,1.0738275051116943,"[0.4890693128108978, 0.4988430440425873, 0.6761921644210815]","[0.8076437894931046, 0.8084738372093023, 0.7069841269841269]","[0.8516817092895508, 1.1535624265670776, 1.3381853103637695, 1.0701661109924316, 1.0738275051116943]","[0.5981066189700357, 0.5233837167391402, 0.553939393939394, 0.5653333333333334, 0.5726666666666667]",1.6253012000088347
5,hybrid,0.3,1.0,0.6092709302902222,0.7903778519921605,0.005968983540816294,0.7567484974861145,1.0993216037750244,0.53555528913668,0.03286863705218934,1.0182044506072998,"[0.5701019167900085, 0.6904939413070679, 0.7567484974861145]","[0.8107010977353444, 0.818062015503876, 0.6815873015873015]","[0.8511651754379272, 1.187010407447815, 1.395181655883789, 1.0668532848358154, 1.0182044506072998]","[0.6244593865425128, 0.517182999893262, 0.5272727272727272, 0.6308251748251749, 0.5680000000000001]",2.0267845999915153
6,hybrid,0.3,1.0,0.6000091433525085,0.7906042570767073,0.006432909825203441,0.7613440752029419,1.166871428489685,0.5295902293095479,0.020796305700506536,1.110891580581665,"[0.5649779438972473, 0.6684855818748474, 0.7613440752029419]","[0.8070595452239289, 0.8274321705426356, 0.6887301587301587]","[0.8395602107048035, 1.2344958782196045, 1.220751166343689, 1.0365002155303955, 1.110891580581665]","[0.616191867183573, 0.5145700075153707, 0.5048484848484849, 0.7873939393939394, 0.5653333333333332]",1.6385065000067698
7,hybrid,0.3,1.0,0.7259247899055481,0.7982494101978784,0.006044736859044362,0.8864423632621765,1.2161390781402588,0.5253064252102073,0.0179671095248068,1.1504753828048706,"[0.696049153804779, 0.7950054407119751, 0.8864423632621765]","[0.8046415063880816, 0.7924321705426356, 0.7593650793650794]","[0.901287853717804, 1.2909867763519287, 1.2315797805786133, 1.098724365234375, 1.1504753828048706]","[0.6348856042615609, 0.526892076127762, 0.49696969696969695, 0.4755124001681379, 0.5526666666666666]",1.6013930999906734
8,hybrid,0.3,1.0,0.5975379943847656,0.7863318726720312,0.014979941706526589,0.800811767578125,1.218582034111023,0.5121765629695461,0.02383458266957689,1.1268761157989502,"[0.5779954195022583, 0.5156958103179932, 0.800811767578125]","[0.7929770536414372, 0.8758333333333332, 0.7069841269841269]","[0.9617975354194641, 1.2944291830062866, 1.4178459644317627, 1.170406699180603, 1.1268761157989502]","[0.587148962893144, 0.5087838241950158, 0.5078787878787879, 0.5413333333333333, 0.5533333333333333]",1.618639100008295
9,hybrid,0.3,1.0,0.5239188075065613,0.7930275460000654,0.00319079654570547,0.6282099485397339,1.1895910501480103,0.5253826707399991,0.020026428848345858,1.126318335533142,"[0.4930853247642517, 0.5864272117614746, 0.6282099485397339]","[0.7974080300724136, 0.850765503875969, 0.7665079365079365]","[0.9213315844535828, 1.2294100522994995, 1.320400595664978, 1.0271902084350586, 1.126318335533142]","[0.5899381912323202, 0.5080642564169461, 0.527878787878788, 0.7573333333333333, 0.5753333333333334]",1.589839000007487
0,hybrid,0.3,3.0,0.47080326080322266,0.8230608446102503,0.0048251351633843914,0.5348650217056274,1.0354422330856323,0.5261015804352107,0.024605547415146704,1.0345137119293213,"[0.43516483902931213, 0.604421854019165, 0.5348650217056274]","[0.8155962824592962, 0.850765503875969, 0.863015873015873]","[0.8191357851028442, 0.9961934089660645, 1.3046603202819824, 1.0917775630950928, 1.0345137119293213]","[0.5839205242939186, 0.5442743342317259, 0.5318181818181819, 0.5706666666666667, 0.5529999999999999]",1.6369240000058198
1,hybrid,0.3,3.0,0.4415211081504822,0.8437878484381098,0.005095231605994381,0.5133805274963379,1.0741627216339111,0.5459149705425126,0.03057981247439386,1.0590046644210815,"[0.4042392373085022, 0.5771089792251587, 0.5133805274963379]","[0.8629493335178268, 0.8079263565891474, 0.793968253968254]","[0.8265684247016907, 1.0320825576782227, 1.3696696758270264, 1.1253687143325806, 1.0590046644210815]","[0.6006803160284575, 0.5782554600253176, 0.5290909090909091, 0.752, 0.5549999999999999]",1.5883964000095148
2,hybrid,0.3,3.0,0.49557286500930786,0.7928941722378526,0.00457277959882971,0.5556379556655884,1.1115498542785645,0.53896018902468,0.03523051634396324,1.1455013751983643,"[0.4647328853607178, 0.6301008462905884, 0.5556379556655884]","[0.784383700013837, 0.8121608527131784, 0.843174603174603]","[0.7057863473892212, 1.1070606708526611, 1.2617015838623047, 1.0818464756011963, 1.1455013751983643]","[0.7192836294659329, 0.5198027026560688, 0.5443939393939393, 0.632, 0.541]",1.5854781999951228
3,hybrid,0.3,3.0,0.6152136325836182,0.752161043465267,0.004980106700451693,0.6380433440208435,1.1559126377105713,0.4823376539589244,0.02667668720973438,1.1984056234359741,"[0.5811086297035217, 0.7509241700172424, 0.6380433440208435]","[0.7363433651584336, 0.810765503875969, 0.8561904761904762]","[0.8285144567489624, 1.1337252855300903, 1.3174219131469727, 1.1818597316741943, 1.1984056234359741]","[0.6065119653412486, 0.5023264400749745, 0.4213636363636364, 0.5573333333333333, 0.4786666666666667]",1.6494968000042718
4,hybrid,0.3,3.0,0.4290335178375244,0.8265912754015181,0.0013946327170185745,0.4995904862880707,1.0084402561187744,0.5980833997470139,0.03481826742577852,1.0600582361221313,"[0.4104801118373871, 0.47293370962142944, 0.4995904862880707]","[0.8242949125962825, 0.8307655038759691, 0.8534920634920635]","[0.6767824292182922, 0.9671394228935242, 1.2480214834213257, 1.0586777925491333, 1.0600582361221313]","[0.7363071861084615, 0.6110036913820782, 0.6931818181818181, 0.7413333333333333, 0.5613333333333334]",1.6224910000019008
5,hybrid,0.3,3.0,0.4109780788421631,0.8634830350549516,0.006810753861170187,0.485149621963501,0.9760869741439819,0.5699978183354137,0.0323371772170114,1.0142706632614136,"[0.36760491132736206, 0.5688055753707886, 0.485149621963501]","[0.8922295097089619, 0.789452519379845, 0.7807936507936508]","[0.7203157544136047, 0.9322317242622375, 1.2747528553009033, 1.0563749074935913, 1.0142706632614136]","[0.665603072895584, 0.6055670631297037, 0.5045454545454546, 0.6514312354312354, 0.5486666666666666]",1.6451670999958878
6,hybrid,0.3,3.0,0.44241660833358765,0.7916972864801639,0.0016935175302672278,0.5236298441886902,1.0484132766723633,0.5201684975385141,0.030738196774271958,1.0887975692749023,"[0.4231819212436676, 0.48071956634521484, 0.5236298441886902]","[0.7842911074212445, 0.8307655038759691, 0.8344444444444445]","[0.7145185470581055, 1.0237873792648315, 1.2535260915756226, 1.0570741891860962, 1.0887975692749023]","[0.6087777928900575, 0.561065521903176, 0.41303030303030297, 0.4612307692307692, 0.5463333333333333]",1.6351987999951234
7,hybrid,0.3,3.0,0.5126230120658875,0.8004273267859915,0.004737984300251223,0.6165573000907898,1.0931973457336426,0.5268905548875275,0.01988725831548436,1.0501104593276978,"[0.4795403480529785, 0.6331411004066467, 0.6165573000907898]","[0.7983017619113509, 0.8240988372093023, 0.8173015873015872]","[0.8592988848686218, 1.0847328901290894, 1.3007844686508179, 1.0346338748931885, 1.0501104593276978]","[0.6155318011769724, 0.5209743777032292, 0.4875757575757575, 0.7610976346058312, 0.5536666666666668]",1.6458472999947844
8,hybrid,0.3,3.0,0.4654265344142914,0.8389211341224255,0.0016924623575494341,0.5318776369094849,1.043337345123291,0.5349159268120698,0.02706244118854443,1.0596412420272827,"[0.4425566792488098, 0.5276201963424683, 0.5318776369094849]","[0.8367124671371247, 0.8440988372093023, 0.8601587301587301]","[0.7693808078765869, 1.0254768133163452, 1.2810016870498657, 1.100480318069458, 1.0596412420272827]","[0.6007393880835229, 0.5591893596716283, 0.4890909090909091, 0.5626666666666666, 0.5549999999999999]",1.6598197999992408
9,hybrid,0.3,3.0,0.4267084002494812,0.8612932417927963,0.006964311556437508,0.4764636158943176,1.0690116882324219,0.5343263608948611,0.03121475288099873,1.1342360973358154,"[0.38940125703811646, 0.5931026935577393, 0.4764636158943176]","[0.8688197500115308, 0.8068120155038759, 0.8566666666666667]","[0.7212487459182739, 1.013690710067749, 1.252701997756958, 1.02547287940979, 1.1342360973358154]","[0.6129506092056352, 0.5818314645444603, 0.6571212121212122, 0.6923636363636364, 0.5296666666666666]",1.6052494999894407
0,hybrid,0.3,10.0,0.4079844355583191,0.8666672846543323,0.0040036661830629644,0.42000311613082886,0.917497992515564,0.63522705866172,0.04009221348131632,1.0195941925048828,"[0.38413310050964355, 0.5326495170593262, 0.42000311613082886]","[0.8732246488743554, 0.812577519379845, 0.8733333333333334]","[0.6056874990463257, 0.8226129412651062, 1.191938042640686, 1.0143524408340454, 1.0195941925048828]","[0.7617667764959769, 0.6918852697451936, 0.6990909090909091, 0.7598974358974359, 0.5676666666666667]",1.709187500004191
1,hybrid,0.3,10.0,0.3543555736541748,0.9293705973047093,0.0021803847304146095,0.3553948402404785,0.9550102949142456,0.6187266264618976,0.040271551802402425,1.068618893623352,"[0.33848851919174194, 0.4449078142642975, 0.3553948402404785]","[0.9421615036771591, 0.8543846899224807, 0.8947619047619048]","[0.6305373907089233, 0.8583098649978638, 1.2221100330352783, 1.0049387216567993, 1.068618893623352]","[0.7489108334314658, 0.6729450693778434, 0.6963636363636365, 0.7516550116550116, 0.5426666666666666]",1.620879000009154
2,hybrid,0.3,10.0,0.4027220606803894,0.8598939907506808,0.004193165216953787,0.3937229514122009,1.0158302783966064,0.5813147598150195,0.04470245551700032,1.1122515201568604,"[0.3837292194366455, 0.5258185267448425, 0.3937229514122009]","[0.8668492204685944, 0.7918846899224806, 0.8733333333333334]","[0.6436891555786133, 0.9367786645889282, 1.2691720724105835, 1.0896379947662354, 1.1122515201568604]","[0.7393110931005292, 0.618793366623913, 0.5333333333333334, 0.64, 0.5406666666666666]",1.571539099997608
3,hybrid,0.3,10.0,0.4709271788597107,0.8893959782201163,0.002066953159671314,0.42019137740135193,1.082087755203247,0.5337478407325393,0.04691372278639733,1.245339035987854,"[0.46253666281700134, 0.5305629372596741, 0.42019137740135193]","[0.9058507707773853, 0.7898013565891473, 0.8733333333333334]","[0.6892913579940796, 0.9679857492446899, 1.2829623222351074, 1.1282081604003906, 1.245339035987854]","[0.7558171271736804, 0.5834835355158315, 0.43863636363636366, 0.5173333333333334, 0.45166666666666677]",1.5956194000027608
4,hybrid,0.3,10.0,0.34011220932006836,0.936610736660222,0.0024045501318076625,0.3438646197319031,0.8987328410148621,0.6559071193464658,0.04344603658130438,1.0443161725997925,"[0.3228883743286133, 0.4357995092868805, 0.3438646197319031]","[0.9552846068550569, 0.8356346899224807, 0.8876190476190476]","[0.5721799731254578, 0.799616813659668, 1.1592353582382202, 1.015334129333496, 1.0443161725997925]","[0.8324341139763456, 0.6991487639147943, 0.6713636363636364, 0.7588251748251749, 0.5496666666666666]",1.5693946999963373
5,hybrid,0.3,10.0,0.3647863268852234,0.9219246680759223,0.0015182594140041616,0.3881332278251648,0.8995224833488464,0.6405007926893328,0.042802110135280604,1.004777193069458,"[0.345257043838501, 0.44054222106933594, 0.3881332278251648]","[0.9341300781555185, 0.8548013565891474, 0.8915873015873016]","[0.6081026792526245, 0.8179181814193726, 1.2178605794906616, 1.027530312538147, 1.004777193069458]","[0.8154945600987789, 0.6842089415720194, 0.5096969696969696, 0.5784615384615385, 0.5576666666666668]",1.6071374000021024
6,hybrid,0.3,10.0,0.3706771731376648,0.916233871361085,0.00045597718804361403,0.3893304169178009,0.9856332540512085,0.5746485646461292,0.04615572404200634,1.0953764915466309,"[0.36009421944618225, 0.4122733473777771, 0.3893304169178009]","[0.9319012245274477, 0.8195930232558138, 0.8804761904761905]","[0.6041760444641113, 0.9179474115371704, 1.2406104803085327, 1.0467808246612549, 1.0953764915466309]","[0.7618791864857434, 0.6257026374150866, 0.36272727272727273, 0.43200000000000005, 0.5343333333333333]",1.6083383000077447
7,hybrid,0.3,10.0,0.3843880593776703,0.9063784626658604,0.0019092938654442628,0.39813271164894104,0.9614431262016296,0.5613969545769958,0.04264500989691612,1.0480087995529175,"[0.3681451678276062, 0.472118616104126, 0.39813271164894104]","[0.9223428836873063, 0.8070930232558139, 0.8765079365079366]","[0.6655431985855103, 0.8660804629325867, 1.282204031944275, 1.0539010763168335, 1.0480087995529175]","[0.6569459170954741, 0.6360861136678904, 0.45181818181818184, 0.5172307692307692, 0.5366666666666666]",1.6201895999984117
8,hybrid,0.3,10.0,0.42454710602760315,0.8859276029712315,0.0015606205336005591,0.42480573058128357,0.9872803688049316,0.5928810185568139,0.04015991463617524,1.1025011539459229,"[0.4097297787666321, 0.5000465512275696, 0.42480573058128357]","[0.8979230305101147, 0.8075096899224807, 0.8733333333333334]","[0.670203447341919, 0.8940075635910034, 1.248757004737854, 1.0917789936065674, 1.1025011539459229]","[0.7540346921208366, 0.6382152284279229, 0.4668181818181818, 0.5599999999999999, 0.5273333333333333]",1.5937643999932334
9,hybrid,0.3,10.0,0.41358208656311035,0.9122419203835713,0.0014751314695392716,0.39983534812927246,0.9805809259414673,0.6076326625881294,0.041464326028017806,1.1077009439468384,"[0.39915233850479126, 0.480966180562973, 0.39983534812927246]","[0.9290149208984826, 0.814593023255814, 0.8704761904761904]","[0.6285284161567688, 0.8925886154174805, 1.2236244678497314, 1.0082381963729858, 1.1077009439468384]","[0.8129719087997029, 0.6427909303262335, 0.6453030303030303, 0.7217342657342657, 0.5096666666666666]",1.6175653999962378
0,isotropic,0.001,0.001,1.4722492694854736,0.7695891529750138,0.10014431306358851,2.0657458305358887,1.5131226778030396,0.5934996953823377,0.2658908810470473,1.9723316431045532,"[1.3345704078674316, 1.9230623245239258, 2.0657458305358887]","[0.7944658047251003, 0.6769525193798449, 0.6744444444444444]","[0.7304314374923706, 1.51300048828125, 1.0936942100524902, 0.5624459981918335, 1.9723316431045532]","[0.8551850658431807, 0.5405713862776396, 0.48047785547785543, 0.8875897435897435, 0.5586666666666666]",1.7410564000019804
1,isotropic,0.001,0.001,1.714677095413208,0.7852671611215787,0.18644231175824508,2.193060874938965,1.854487419128418,0.5004090657002453,0.20292006422293923,2.0459859371185303,"[1.509764313697815, 2.5505690574645996, 2.193060874938965]","[0.8053077810064112, 0.7372916666666667, 0.703015873015873]","[1.160957932472229, 2.088355779647827, 1.6999105215072632, 0.9880182147026062, 2.0459859371185303]","[0.6957040467528568, 0.4396724568422738, 0.4153962703962704, 0.6393846153846153, 0.5373333333333333]",1.6039117999898735
2,isotropic,0.001,0.001,1.3244779109954834,0.8003398498526755,0.08976781761839447,1.9428389072418213,1.537737488746643,0.6225749428652303,0.287161667110349,1.9499847888946533,"[1.2726542949676514, 1.3487203121185303, 1.9428389072418213]","[0.8110532955121996, 0.7778488372093023, 0.7466666666666667]","[0.7520545721054077, 1.6102336645126343, 0.8845437169075012, 0.5540216565132141, 1.9499847888946533]","[0.838947450134864, 0.5855847160314462, 0.7557692307692309, 0.8712820512820514, 0.57]",1.633395400000154
3,isotropic,0.001,0.001,1.3735265731811523,0.7641051520794038,0.275652222522704,1.7142795324325562,2.0321731567382812,0.5097105740626359,0.5243018384825234,2.817809581756592,"[1.1595556735992432, 2.4417290687561035, 1.7142795324325562]","[0.7791235902967801, 0.6691036821705426, 0.7212698412698413]","[1.0157438516616821, 1.9436671733856201, 1.6526176929473877, 0.7727016806602478, 2.817809581756592]","[0.7183672374477242, 0.4585953895141059, 0.5014918414918415, 0.8242051282051281, 0.49933333333333324]",1.6265287999995053
4,isotropic,0.001,0.001,1.3727924823760986,0.8078557830975143,0.03265627570992377,1.779300332069397,1.643148422241211,0.6027862123844523,0.41671234094859955,2.4251389503479004,"[1.3424460887908936, 1.4990507364273071, 1.779300332069397]","[0.8167718739910521, 0.8175775193798449, 0.714920634920635]","[0.5725381970405579, 1.3755311965942383, 1.2322614192962646, 0.7696719765663147, 2.4251389503479004]","[0.8801784603954234, 0.5498009229394316, 0.573018648018648, 0.8131282051282052, 0.568]",1.6288610000046901
5,isotropic,0.001,0.001,1.3163858652114868,0.7780251441418897,0.08269530090502523,1.900827407836914,1.954941749572754,0.5300067853556512,0.4524075162565987,2.702700614929199,"[1.2367159128189087, 1.365435004234314, 1.900827407836914]","[0.7979916747382501, 0.6924321705426356, 0.6998412698412698]","[0.921875, 1.8043416738510132, 1.5165951251983643, 0.8617928624153137, 2.702700614929199]","[0.7294256863731339, 0.47908473156149467, 0.5248601398601399, 0.7515897435897436, 0.53]",1.6315718999976525
6,isotropic,0.001,0.001,1.02786386013031,0.7867071339028533,0.03574115854085688,1.3161853551864624,1.490429162979126,0.6195100306920229,0.44312419476052245,2.346436023712158,"[0.940544605255127, 1.3628979921340942, 1.3161853551864624]","[0.8081849804540606, 0.669515503875969, 0.7180952380952381]","[0.6200337409973145, 1.2172315120697021, 0.8205190896987915, 0.5170009732246399, 2.346436023712158]","[0.8796121391718612, 0.5960775377107086, 0.7341491841491841, 0.8901538461538461, 0.538]",1.633808800004772
7,isotropic,0.001,0.001,1.3562122583389282,0.7700449403061767,0.15071799400073219,1.9506213665008545,1.7915147542953491,0.53650236142998,0.25903235174806183,2.2064504623413086,"[1.1813396215438843, 2.0501139163970947, 1.9506213665008545]","[0.7964885152898852, 0.6420203488372093, 0.6834920634920636]","[0.9231645464897156, 1.7830559015274048, 1.2380609512329102, 0.9049333333969116, 2.2064504623413086]","[0.7217608032533506, 0.49814622505276923, 0.4666783216783217, 0.7622564102564102, 0.5596666666666666]",1.7649043999990681
8,isotropic,0.001,0.001,1.340010166168213,0.8202774610175112,0.06826724057821644,1.8190412521362305,1.8911001682281494,0.5854563645300723,0.4872847601433136,2.6647789478302,"[1.3209919929504395, 1.2219321727752686, 1.8190412521362305]","[0.8287861952861955, 0.8074999999999999, 0.7522222222222222]","[0.7314997911453247, 1.6406720876693726, 1.4172676801681519, 0.8119417428970337, 2.6647789478302]","[0.7877105016714683, 0.5469166597025167, 0.5914102564102564, 0.7515897435897436, 0.562]",1.679064299998572
9,isotropic,0.001,0.001,1.2883177995681763,0.7883562396338367,0.024662962872137466,1.604163408279419,2.0164308547973633,0.5883014156399176,0.5129909357147289,2.8313217163085938,"[1.2577874660491943, 1.2860578298568726, 1.604163408279419]","[0.8004964974505091, 0.7707025193798449, 0.7347619047619047]","[0.6670856475830078, 1.7108142375946045, 1.738337755203247, 1.210094690322876, 2.8313217163085938]","[0.8306146111156014, 0.5385764226660891, 0.5687179487179488, 0.7412307692307692, 0.5753333333333334]",1.6438074999896344
0,isotropic,0.003,0.003,1.3360360860824585,0.7677048141191214,0.08679911209587014,1.921534776687622,1.3910839557647705,0.568826416430094,0.1387885787054722,1.616830825805664,"[1.213843822479248, 1.6900663375854492, 1.921534776687622]","[0.7933699143141413, 0.6769525193798449, 0.6641269841269841]","[0.7958081960678101, 1.4947160482406616, 1.2806732654571533, 0.6835132837295532, 1.616830825805664]","[0.8262628516407139, 0.48761211300125307, 0.5171561771561771, 0.8079983186212694, 0.5643333333333335]",1.737547299999278
1,isotropic,0.003,0.003,1.4209505319595337,0.7769887513337097,0.06753289525381471,1.839318871498108,1.5685113668441772,0.5085755046718842,0.1178544581058952,1.6758102178573608,"[1.2938549518585205, 1.8507521152496338, 1.839318871498108]","[0.7965072413634058, 0.716875, 0.6934920634920635]","[1.0022474527359009, 1.779510259628296, 1.4746551513671875, 0.9433966875076294, 1.6758102178573608]","[0.7062873086114227, 0.4586568607262976, 0.42099067599067597, 0.6657435897435897, 0.5296666666666667]",1.5895396000123583
2,isotropic,0.003,0.003,1.032774567604065,0.797348915185592,0.05359176405873791,1.5240910053253174,1.3491730690002441,0.6113517592189489,0.16180176979533142,1.6199918985366821,"[0.9801967740058899, 1.1132293939590454, 1.5240910053253174]","[0.8123285134449517, 0.744515503875969, 0.7307936507936509]","[0.7029765844345093, 1.4375749826431274, 0.8604779243469238, 0.6286214590072632, 1.6199918985366821]","[0.8365781470566965, 0.568116477447844, 0.7149883449883451, 0.8580512820512821, 0.5663333333333334]",1.6246480999980122
3,isotropic,0.003,0.003,1.1607340574264526,0.7490422586672605,0.12282059290920543,1.4414863586425781,1.888047218322754,0.47079033997853703,0.3370625210810724,2.433053493499756,"[1.0127875804901123, 1.871229887008667, 1.4414863586425781]","[0.7629264309293664, 0.6768798449612403, 0.7053968253968254]","[0.99029141664505, 1.8895305395126343, 1.5919098854064941, 0.8606050610542297, 2.433053493499756]","[0.717262126299399, 0.38842333782483174, 0.43751748251748246, 0.8162051282051281, 0.4716666666666667]",1.5943728999991436
4,isotropic,0.003,0.003,1.2044885158538818,0.8027057381225061,0.03511475209375526,1.6154558658599854,1.421208143234253,0.5877921368163943,0.2096956651512926,1.8745834827423096,"[1.175955057144165, 1.2810509204864502, 1.6154558658599854]","[0.8121263548729301, 0.8175775193798449, 0.7017460317460318]","[0.6178649663925171, 1.3504894971847534, 1.208784818649292, 0.7065460681915283, 1.8745834827423096]","[0.8484235884101704, 0.520063136577807, 0.49059440559440554, 0.8772307692307691, 0.5603333333333333]",1.6175449000002118
5,isotropic,0.003,0.003,1.2697346210479736,0.7702998678639081,0.07924063593428186,1.8587238788604736,1.7813103199005127,0.5039352106954234,0.31626158016140155,2.368374824523926,"[1.1820136308670044, 1.4057812690734863, 1.8587238788604736]","[0.7976230570545639, 0.6633381782945735, 0.6680952380952381]","[0.9930092096328735, 1.68296217918396, 1.3553369045257568, 0.7664585113525391, 2.368374824523926]","[0.7119901088659552, 0.4750100828641014, 0.41120046620046624, 0.7622564102564102, 0.4993333333333333]",1.7229243999900063
6,isotropic,0.003,0.003,0.8561968803405762,0.7791789260100541,0.022901837168315665,1.1723461151123047,1.3604624271392822,0.6265642856132457,0.2987244136547781,2.0365371704101562,"[0.8022435307502747, 0.9692303538322449, 1.1723461151123047]","[0.8019782556719935, 0.6704166666666667, 0.6919047619047619]","[0.647555947303772, 1.1655842065811157, 0.775013267993927, 0.5291575193405151, 2.0365371704101562]","[0.8504536591215215, 0.6172287435912747, 0.7743006993006993, 0.9008205128205129, 0.5379999999999999]",1.6575294000067515
7,isotropic,0.003,0.003,1.3897058963775635,0.7653468600269446,0.15242050871326127,2.013925075531006,1.8813492059707642,0.5071159486886899,0.2140537150377418,2.113654136657715,"[1.21551513671875, 2.0705692768096924, 2.013925075531006]","[0.7957612425626125, 0.6327180232558139, 0.6644444444444445]","[1.1158459186553955, 1.9645824432373047, 1.2718369960784912, 0.9717921018600464, 2.113654136657715]","[0.6930992989706266, 0.449487494499561, 0.4176340326340326, 0.7622564102564102, 0.5469999999999999]",1.6689623999991454
8,isotropic,0.003,0.003,1.2777159214019775,0.7930683994117701,0.07909316736442268,1.7540638446807861,1.6707451343536377,0.531694645895813,0.27100795156694774,2.1277928352355957,"[1.2660260200500488, 1.0889943838119507, 1.7540638446807861]","[0.8065003689866703, 0.7837500000000001, 0.7236507936507938]","[0.7801095843315125, 1.593919038772583, 1.301424503326416, 0.7400911450386047, 2.1277928352355957]","[0.694664398456558, 0.4920956542090124, 0.5482983682983683, 0.743897435897436, 0.563]",1.6109685999981593
9,isotropic,0.003,0.003,1.1105005741119385,0.7753621285709037,0.034552303685927654,1.4575960636138916,1.8345935344696045,0.5820880386432055,0.380962631170828,2.479261875152588,"[1.0943548679351807, 1.0382208824157715, 1.4575960636138916]","[0.7863389862656007, 0.7800775193798449, 0.687142857142857]","[0.6349376440048218, 1.6258147954940796, 1.3845802545547485, 1.0671223402023315, 2.479261875152588]","[0.8292414073219782, 0.5319407974930119, 0.587972027972028, 0.7437948717948718, 0.5643333333333332]",1.6250432999950135
0,isotropic,0.01,0.01,1.0956175327301025,0.7668675956820772,0.0392304549692426,1.5071673393249512,1.2489570379257202,0.532798746121703,0.06450504409161453,1.2021595239639282,"[1.0236265659332275, 1.2310707569122314, 1.5071673393249512]","[0.7925028596466953, 0.6800048449612403, 0.6641269841269841]","[0.8669338226318359, 1.4349199533462524, 1.563743233680725, 1.037771224975586, 1.2021595239639282]","[0.6950753749163878, 0.4890946487447307, 0.5350815850815851, 0.717025641025641, 0.5573333333333333]",1.7038517000037245
1,isotropic,0.01,0.01,1.1994109153747559,0.7710068819995428,0.04971069509819396,1.6639881134033203,1.541758418083191,0.4854401007574342,0.08740038517819129,1.6529533863067627,"[1.1194257736206055, 1.3558318614959717, 1.6639881134033203]","[0.7957899312762328, 0.6939583333333333, 0.6712698412698412]","[0.9694579839706421, 1.6902306079864502, 1.5248308181762695, 1.1024160385131836, 1.6529533863067627]","[0.6907600151635871, 0.4293481049659289, 0.3852564102564103, 0.5517948717948717, 0.5343333333333333]",1.6025464000122156
2,isotropic,0.01,0.01,0.9588257670402527,0.7784807324860934,0.038316105355290925,1.37642502784729,1.2738354206085205,0.5461680260834747,0.08648255382075774,1.3554158210754395,"[0.901213526725769, 1.083565354347229, 1.37642502784729]","[0.7957805682394724, 0.6793071705426357, 0.7212698412698413]","[0.7589154243469238, 1.4249624013900757, 1.0233350992202759, 0.7134997248649597, 1.3554158210754395]","[0.7200373944307487, 0.5133620947664662, 0.5298251748251748, 0.8619722572509458, 0.5376666666666667]",1.6077833000017563
3,isotropic,0.01,0.01,0.9533292651176453,0.7589567593195132,0.05016766027736708,1.1894826889038086,1.559120774269104,0.4827925854327648,0.168052087360075,1.8489679098129272,"[0.8579187393188477, 1.4022551774978638, 1.1894826889038086]","[0.7787990844047595, 0.6358430232558139, 0.6998412698412698]","[0.899308979511261, 1.6264889240264893, 1.3497216701507568, 0.7810777425765991, 1.8489679098129272]","[0.7188669336978031, 0.402577313619651, 0.45136363636363636, 0.8642051282051282, 0.4733333333333333]",1.5975962999946205
4,isotropic,0.01,0.01,1.0516849756240845,0.7949896093752951,0.03593413017694363,1.460227608680725,1.364383339881897,0.5339546518888914,0.10471492193630069,1.4789440631866455,"[1.017356276512146, 1.1179518699645996, 1.460227608680725]","[0.8109571975462385, 0.7795930232558139, 0.6771428571428572]","[0.7775949239730835, 1.485817551612854, 1.4189420938491821, 0.8288790583610535, 1.4789440631866455]","[0.7044341700130777, 0.4905412681968556, 0.5198251748251749, 0.6832786885245901, 0.5533333333333333]",1.5679234999988694
5,isotropic,0.01,0.01,1.167867660522461,0.7640086590706687,0.06479545861454818,1.7052433490753174,1.541508674621582,0.48980843031380006,0.1129282718846946,1.66304612159729,"[1.1021381616592407, 1.266659140586853, 1.7052433490753174]","[0.7954219131958857, 0.5993846899224805, 0.6585714285714286]","[1.078555703163147, 1.6458237171173096, 1.4577229022979736, 0.8061298131942749, 1.66304612159729]","[0.6843024299176078, 0.4432600353294722, 0.3697086247086247, 0.8192198402690206, 0.4946666666666667]",1.625160900002811
6,isotropic,0.01,0.01,0.6953607797622681,0.7743706151281708,0.016800303791882243,0.9640402793884277,1.2820584774017334,0.619408007587801,0.15778429319997483,1.7749385833740234,"[0.6645437479019165, 0.7230355739593506, 0.9640402793884277]","[0.7996355103546884, 0.666875, 0.6760317460317461]","[0.7006969451904297, 1.1530075073242188, 0.9978761672973633, 0.6908977031707764, 1.7749385833740234]","[0.8360118258331344, 0.596670876393167, 0.5998951048951049, 0.8681361916771753, 0.5313333333333333]",1.5867910999950254
7,isotropic,0.01,0.01,0.872313380241394,0.7642117069044969,0.07394732079078241,1.273037075996399,1.6135454177856445,0.48836897784793704,0.0877678841787167,1.7384227514266968,"[0.7517269849777222, 1.3714638948440552, 1.273037075996399]","[0.7963097873714312, 0.6358430232558139, 0.6415873015873015]","[1.1357052326202393, 1.6676769256591797, 1.3842339515686035, 0.9702202081680298, 1.7384227514266968]","[0.6823412305302712, 0.4596801528030932, 0.40055944055944054, 0.5812307692307692, 0.5003333333333334]",1.6056917999958387
8,isotropic,0.01,0.01,1.0418479442596436,0.7734263880951977,0.04722608300785206,1.471093773841858,1.4871841669082642,0.49434640933215057,0.11590175914132375,1.6437044143676758,"[1.0021705627441406, 1.0184564590454102, 1.471093773841858]","[0.7937974032563073, 0.7075, 0.6784126984126984]","[0.8839398622512817, 1.5507866144180298, 1.3442615270614624, 0.8127470016479492, 1.6437044143676758]","[0.6779588744223353, 0.4305636584725335, 0.3858974358974359, 0.7946666666666666, 0.5373333333333333]",1.5928989999956684
9,isotropic,0.01,0.01,0.8964031934738159,0.7811516147708454,0.021452919649079485,1.2063753604888916,1.4804565906524658,0.5163303835517471,0.14273355310857086,1.7763471603393555,"[0.8532872200012207, 0.9747430682182312, 1.2063753604888916]","[0.8015475559810197, 0.7332025193798449, 0.6934920634920635]","[0.7665303349494934, 1.4381130933761597, 1.2866630554199219, 0.8372489213943481, 1.7763471603393555]","[0.7166935109115132, 0.4629049338972794, 0.39230769230769236, 0.7493333333333333, 0.5473333333333333]",1.6255683999916073
0,isotropic,0.03,0.03,0.9819149971008301,0.7659599605676537,0.024673969159269716,1.2815464735031128,1.3040632009506226,0.5063432059812072,0.07282349851985487,1.1335129737854004,"[0.9088587760925293, 1.178032398223877, 1.2815464735031128]","[0.7904042710207093, 0.6893071705426357, 0.6641269841269841]","[0.9827653765678406, 1.5111806392669678, 1.739914894104004, 1.2656620740890503, 1.1335129737854004]","[0.6804357786610424, 0.4613655140801122, 0.4533682983682984, 0.6638974358974359, 0.547]",1.6466160000127275
1,isotropic,0.03,0.03,1.3069794178009033,0.7484677657409018,0.07041620030794447,1.865203619003296,1.489272117614746,0.48434805454530655,0.053199271910037836,1.4702810049057007,"[1.2154085636138916, 1.5262458324432373, 1.865203619003296]","[0.7757749873160831, 0.5979166666666667, 0.6482539682539683]","[1.063231348991394, 1.6879768371582031, 1.5244815349578857, 1.1753787994384766, 1.4702810049057007]","[0.6808156843558921, 0.4500256016385049, 0.3881818181818182, 0.6053333333333333, 0.502]",1.599974500000826
2,isotropic,0.03,0.03,0.809219479560852,0.7629920409742879,0.030173986519315577,1.150671362876892,1.2586349248886108,0.5258053162268892,0.04000981006953651,1.2348387241363525,"[0.7376176118850708, 1.0325915813446045, 1.150671362876892]","[0.7906990221853236, 0.6473013565891473, 0.6704761904761904]","[0.8701751828193665, 1.4099781513214111, 1.299096941947937, 0.9908326268196106, 1.2348387241363525]","[0.683878276275139, 0.5094978211536052, 0.5396153846153846, 0.6932307692307692, 0.511]",1.6059919999970589
3,isotropic,0.03,0.03,1.0253193378448486,0.7482160323425581,0.03496176351211804,1.3248568773269653,1.5322891473770142,0.45116356427170956,0.11050674016231936,1.638680100440979,"[0.9394851922988892, 1.346517562866211, 1.3248568773269653]","[0.7736054661798302, 0.6373691860465116, 0.6641269841269841]","[0.9679460525512695, 1.6938709020614624, 1.2880284786224365, 0.8847471475601196, 1.638680100440979]","[0.6955602291611094, 0.3289267639256489, 0.46090909090909093, 0.8722051282051282, 0.45499999999999996]",1.605789499997627
4,isotropic,0.03,0.03,1.0648680925369263,0.7879911219447473,0.03770232672187035,1.4729725122451782,1.3259522914886475,0.5626852117953981,0.06741761016584547,1.2381212711334229,"[1.0306365489959717, 1.1004287004470825, 1.4729725122451782]","[0.8085860892025275, 0.7243846899224806, 0.6776190476190476]","[0.9405967593193054, 1.515496850013733, 1.549842119216919, 0.9651210904121399, 1.2381212711334229]","[0.6913970141574144, 0.538399077722243, 0.5268181818181819, 0.6958974358974359, 0.5693333333333334]",1.6176541999884648
5,isotropic,0.03,0.03,0.9990695714950562,0.7621497884210597,0.03509739514249569,1.3998167514801025,1.3137105703353882,0.5074233060903117,0.053576371646440746,1.2987030744552612,"[0.941731333732605, 1.1471818685531616, 1.3998167514801025]","[0.7911508694248421, 0.6013226744186047, 0.6617460317460317]","[0.9873323440551758, 1.434692144393921, 1.4158124923706055, 0.8664458394050598, 1.2987030744552612]","[0.6677489071322025, 0.49340675821379454, 0.5015151515151516, 0.6931282051282052, 0.489]",1.5645212000090396
6,isotropic,0.03,0.03,0.7561214566230774,0.777980493215073,0.02867252332696779,1.0597045421600342,1.2842897176742554,0.5456001776011922,0.08685075421592445,1.5660299062728882,"[0.7353872060775757, 0.6736261248588562, 1.0597045421600342]","[0.7943553111018865, 0.7325, 0.6776190476190476]","[0.7736493945121765, 1.2613633871078491, 1.1713823080062866, 0.815437912940979, 1.5660299062728882]","[0.681110771525369, 0.5320237766367178, 0.5456759906759907, 0.7370777637662884, 0.5253333333333333]",1.541334800000186
7,isotropic,0.03,0.03,0.9648577570915222,0.758059570754355,0.04826689349636442,1.333397626876831,1.400462031364441,0.5405523578039971,0.0424772370358653,1.2683547735214233,"[0.8681570291519165, 1.3350088596343994, 1.333397626876831]","[0.7894590194179235, 0.6295930232558139, 0.6376190476190475]","[1.1204745769500732, 1.5752614736557007, 1.4955267906188965, 1.0447362661361694, 1.2683547735214233]","[0.6613640108570843, 0.5245230051218747, 0.532878787878788, 0.6985641025641026, 0.5429999999999999]",1.6156035000021802
8,isotropic,0.03,0.03,0.9215553402900696,0.7671842742302457,0.037839655311549175,1.3155163526535034,1.432714819908142,0.4709699912807608,0.07073455167562544,1.480107307434082,"[0.8755205273628235, 0.9371479749679565, 1.3155163526535034]","[0.7925960518426272, 0.6908333333333333, 0.656984126984127]","[0.9176232218742371, 1.5435497760772705, 1.3801199197769165, 0.9545660018920898, 1.480107307434082]","[0.6615480013815722, 0.41807745929415274, 0.36318181818181816, 0.6440218579234973, 0.513]",1.603436099991086
9,isotropic,0.03,0.03,0.9868465662002563,0.7736107722683843,0.028584752488402244,1.3158544301986694,1.3135770559310913,0.49949475051074377,0.08117082805004201,1.4489052295684814,"[0.9660433530807495, 0.9489709138870239, 1.3158544301986694]","[0.7963540916574186, 0.7040358527131783, 0.6831746031746032]","[0.7911010980606079, 1.3493036031723022, 1.305385947227478, 0.7971383929252625, 1.4489052295684814]","[0.6893786443680499, 0.4357316825388626, 0.3727156177156177, 0.8180546448087431, 0.5416666666666666]",1.6562489999923855
0,isotropic,0.1,0.1,1.1589210033416748,0.7607771560272799,0.050905854328205026,1.559775948524475,1.3897172212600708,0.5531945317240424,0.056903728980475986,1.1641969680786133,"[1.0523027181625366, 1.4955902099609375, 1.559775948524475]","[0.7880331626769983, 0.623546511627907, 0.6577777777777778]","[1.160588026046753, 1.6478462219238281, 1.7198413610458374, 1.3112642765045166, 1.1641969680786133]","[0.665630590933658, 0.5520859147674273, 0.5339393939393939, 0.712, 0.518]",1.668426799995359
1,isotropic,0.1,0.1,0.9757895469665527,0.7649506962477781,0.0442964939586577,1.3460884094238281,1.331535816192627,0.5512806438823935,0.04969093015233398,1.0933866500854492,"[0.9495378732681274, 0.8625150918960571, 1.3460884094238281]","[0.7894238042525714, 0.6800048449612403, 0.6712698412698412]","[1.121281385421753, 1.5421093702316284, 1.6403013467788696, 1.2425382137298584, 1.0933866500854492]","[0.6686044632337799, 0.5311264720942142, 0.5389393939393939, 0.7016410256410256, 0.5529999999999999]",1.5753395000065211
2,isotropic,0.1,0.1,0.7839674353599548,0.7612798796011513,0.023211712249058616,1.1056965589523315,1.2969869375228882,0.4880935304795355,0.036502177023319295,1.2498910427093506,"[0.7387925386428833, 0.8631786108016968, 1.1056965589523315]","[0.7906029242193626, 0.6465988372093023, 0.656984126984127]","[0.8877755999565125, 1.4315986633300781, 1.3269093036651611, 1.0866292715072632, 1.2498910427093506]","[0.5803877809383726, 0.4757646691200925, 0.5296969696969697, 0.6455384615384616, 0.534]",1.5669567000004463
3,isotropic,0.1,0.1,0.9935228228569031,0.7314941708636746,0.025356958976067132,1.3194139003753662,1.4339298009872437,0.43693443751793126,0.04608746287133613,1.3195087909698486,"[0.9368074536323547, 1.0624178647994995, 1.3194139003753662]","[0.7530953138692864, 0.6814583333333333, 0.636984126984127]","[1.05093252658844, 1.6237930059432983, 1.421983003616333, 1.0802208185195923, 1.3195087909698486]","[0.5909852142225571, 0.3184072118637834, 0.3918181818181818, 0.8135821773854561, 0.517]",1.5482907999976305
4,isotropic,0.1,0.1,0.7682454586029053,0.7881574743330945,0.017830376944112283,1.0464088916778564,1.2491801977157593,0.5767583087354254,0.06072608099953527,1.1125528812408447,"[0.7284612655639648, 0.8209619522094727, 1.0464088916778564]","[0.810399889303999, 0.7795930232558139, 0.6815873015873015]","[0.9544528722763062, 1.3932974338531494, 1.6621150970458984, 1.164608120918274, 1.1125528812408447]","[0.688920766586888, 0.555394265232975, 0.548939393939394, 0.7015384615384616, 0.5766666666666667]",1.5550742999912472
5,isotropic,0.1,0.1,0.8111492991447449,0.7761841443023776,0.013881135800044181,1.0159105062484741,1.1796977519989014,0.5733399593786611,0.04802696386127593,1.0756162405014038,"[0.7524863481521606, 0.9862812161445618, 1.0159105062484741]","[0.8040044739633782, 0.6706298449612402, 0.6736507936507936]","[0.9436028599739075, 1.2995834350585938, 1.5501638650894165, 1.031562089920044, 1.0756162405014038]","[0.6581227528791465, 0.5646740393197853, 0.54, 0.7118974358974359, 0.5713333333333334]",1.5455038999934914
6,isotropic,0.1,0.1,0.7185021042823792,0.7878031355756206,0.013000946456147725,0.9303784370422363,1.181809902191162,0.5197485653813756,0.032605205114450656,1.180779218673706,"[0.7012899518013, 0.6774755716323853, 0.9303784370422363]","[0.806865481296988, 0.77, 0.6776190476190476]","[0.7906575202941895, 1.2800484895706177, 1.200943946838379, 0.9594516754150391, 1.180779218673706]","[0.6733995416109082, 0.4759269371290122, 0.5236363636363637, 0.6693333333333333, 0.5449999999999999]",1.5681755999976303
7,isotropic,0.1,0.1,0.9364264607429504,0.7711135153758658,0.027001719140681103,1.2481123208999634,1.3588199615478516,0.5480635479357222,0.04864727597841579,1.1961722373962402,"[0.8613197207450867, 1.1511595249176025, 1.2481123208999634]","[0.7989989085713157, 0.677093023255814, 0.6644444444444445]","[1.0594466924667358, 1.575940728187561, 1.504455327987671, 1.057259202003479, 1.1961722373962402]","[0.6531570578660653, 0.5259003423349002, 0.5378787878787878, 0.6828717948717948, 0.5609999999999999]",1.621696800008067
8,isotropic,0.1,0.1,0.7759837508201599,0.768497316114634,0.02633179125365596,1.0959103107452393,1.2772185802459717,0.49566223015708494,0.034804607602453644,1.2517213821411133,"[0.7385271787643433, 0.7665501236915588, 1.0959103107452393]","[0.7927947050412805, 0.685625, 0.6680952380952381]","[0.9028979539871216, 1.354556679725647, 1.3835783004760742, 1.0373109579086304, 1.2517213821411133]","[0.5788557600320018, 0.46638100193981524, 0.49757575757575756, 0.6533198823034889, 0.5656666666666667]",1.6657716000045184
9,isotropic,0.1,0.1,0.7931239008903503,0.7845386477023807,0.0048513560205189305,0.9395877718925476,1.3618754148483276,0.4459280032600576,0.04591627472912933,1.336816430091858,"[0.7815493941307068, 0.8048998713493347, 0.9395877718925476]","[0.7931112033577786, 0.6977858527131783, 0.7752380952380953]","[0.9518089294433594, 1.4129447937011719, 1.5509285926818848, 1.1132614612579346, 1.336816430091858]","[0.6088186169448708, 0.4059370199692781, 0.3510606060606061, 0.41907356031946186, 0.536]",1.7418117000052007
0,isotropic,0.3,0.3,0.9091108441352844,0.7619289139839347,0.024863966405957977,1.157056450843811,1.3048760890960693,0.5373094425280726,0.04049821418215401,1.0721927881240845,"[0.8307590484619141, 1.1728919744491577, 1.157056450843811]","[0.7869279092292791, 0.6806346899224807, 0.6641269841269841]","[1.1370289325714111, 1.512282371520996, 1.5831232070922852, 1.2821463346481323, 1.0721927881240845]","[0.58539577302678, 0.5507954839019062, 0.5349999999999999, 0.7042051282051282, 0.5413333333333333]",1.670074299996486
1,isotropic,0.3,0.3,0.7887502908706665,0.7800519766345614,0.01995333182485363,1.0709377527236938,1.3656013011932373,0.5180960871003437,0.039953369343320444,1.1383659839630127,"[0.7472322583198547, 0.8032499551773071, 1.0709377527236938]","[0.8058756514920897, 0.6931346899224806, 0.6855555555555556]","[1.1521437168121338, 1.5704421997070312, 1.6088464260101318, 1.324839472770691, 1.1383659839630127]","[0.6151207176466775, 0.5260445313817306, 0.548939393939394, 0.5729230769230769, 0.5153333333333333]",1.6185003999999026
2,isotropic,0.3,0.3,0.7606571912765503,0.7476411248825521,0.025126514379037544,1.0233567953109741,1.3207871913909912,0.4885212068938878,0.035259609555779434,1.2191979885101318,"[0.6864792108535767, 1.0221138000488281, 1.0233567953109741]","[0.7747439260746501, 0.6410513565891474, 0.6649206349206349]","[0.9737100601196289, 1.4724482297897339, 1.4788541793823242, 1.2317978143692017, 1.2191979885101318]","[0.5701567578360623, 0.4979843157091963, 0.5418181818181818, 0.6510769230769231, 0.49899999999999994]",1.6566333999944618
3,isotropic,0.3,0.3,0.9200690388679504,0.7206999706973348,0.023788237999897415,1.2286708354949951,1.3098700046539307,0.5056411059606941,0.03156049549864633,1.1794524192810059,"[0.8508827090263367, 1.0418187379837036, 1.2286708354949951]","[0.758076795350768, 0.6659786821705426, 0.47698412698412695]","[0.9934584498405457, 1.5076591968536377, 1.3053293228149414, 1.0981000661849976, 1.1794524192810059]","[0.6429666847431499, 0.43847794970379417, 0.47287878787878784, 0.8242488440521228, 0.5383333333333333]",1.5855719999963185
4,isotropic,0.3,0.3,0.7735785245895386,0.7736291842424412,0.011087147316938543,0.9986399412155151,1.254051923751831,0.5201620295615443,0.04111966335771286,1.1452763080596924,"[0.7411776185035706, 0.8566036224365234, 0.9986399412155151]","[0.7952965269129654, 0.767093023255814, 0.6673015873015873]","[0.9865449666976929, 1.3489770889282227, 1.5905683040618896, 1.237992525100708, 1.1452763080596924]","[0.5856683089911778, 0.5172726210972971, 0.548939393939394, 0.6803076923076923, 0.5463333333333333]",1.6175556999951368
5,isotropic,0.3,0.3,0.7679131031036377,0.7728191336077428,0.021689639935518795,0.9833482503890991,1.2219699621200562,0.5620761524789705,0.0466833470493475,1.051372766494751,"[0.6921616196632385, 1.0221760272979736, 0.9833482503890991]","[0.7996508694248421, 0.6837596899224806, 0.6744444444444444]","[1.0491039752960205, 1.3886936902999878, 1.615861177444458, 1.2123017311096191, 1.051372766494751]","[0.6463883809983786, 0.5530918580601847, 0.5216666666666667, 0.7095384615384616, 0.5496666666666667]",1.5963639999972656
6,isotropic,0.3,0.3,0.7760636210441589,0.7683668797836605,0.012651229409644632,1.0070968866348267,1.2545700073242188,0.5235425995963784,0.026743522505944382,1.1845289468765259,"[0.7419217824935913, 0.8097624778747559, 1.0070968866348267]","[0.7923200267515336, 0.6970833333333333, 0.6641269841269841]","[0.9220247268676758, 1.394774317741394, 1.3132916688919067, 1.1208192110061646, 1.1845289468765259]","[0.6533250746677455, 0.4983120321513265, 0.5378787878787878, 0.6615384615384615, 0.5283333333333334]",1.5891995999991195
7,isotropic,0.3,0.3,0.960099995136261,0.7737588608423279,0.022140696662751067,1.2476767301559448,1.3346641063690186,0.5104915118521371,0.0304483381633213,1.202491044998169,"[0.8930323719978333, 1.1431808471679688, 1.2476767301559448]","[0.8029279092292791, 0.6743846899224806, 0.6601587301587302]","[1.013506531715393, 1.5067741870880127, 1.3253824710845947, 1.0924079418182373, 1.202491044998169]","[0.5886386060208808, 0.49309697838788563, 0.5318181818181819, 0.6615384615384615, 0.5589999999999999]",1.650449300010223
8,isotropic,0.3,0.3,0.853890061378479,0.7517666110441056,0.04480015247142038,1.2647216320037842,1.308412790298462,0.5185289938413552,0.029936321060343968,1.161576509475708,"[0.7972105741500854, 0.8368636965751648, 1.2647216320037842]","[0.7746475024214751, 0.6939583333333335, 0.6458730158730159]","[1.0803070068359375, 1.4334884881973267, 1.5415688753128052, 1.216538429260254, 1.161576509475708]","[0.5650973180399427, 0.5082710695297188, 0.5228787878787878, 0.5572307692307692, 0.581]",1.630291199995554
9,isotropic,0.3,0.3,0.801501452922821,0.7676996190281951,0.01096577118080925,1.0136500597000122,1.3647823333740234,0.49293278868858315,0.02360963227522234,1.2218654155731201,"[0.7593854665756226, 0.8572242856025696, 1.0136500597000122]","[0.7895516120105162, 0.7536821705426358, 0.6776190476190476]","[1.086230993270874, 1.4833717346191406, 1.4132251739501953, 1.1438268423080444, 1.2218654155731201]","[0.5938489876862251, 0.4730005120327701, 0.4622727272727273, 0.5386666666666666, 0.5546666666666666]",1.641474999996717
0,isotropic,1.0,1.0,0.7810114622116089,0.7641748798590914,0.008764088770221513,0.9545378684997559,1.2636816501617432,0.5342000963011665,0.018650766481968048,1.1269372701644897,"[0.7337437272071838, 0.8977678418159485, 0.9545378684997559]","[0.7908402979567364, 0.6910513565891473, 0.656984126984127]","[1.0798351764678955, 1.3857192993164062, 1.4207561016082764, 1.208314299583435, 1.1269372701644897]","[0.5839260232643474, 0.538307267616789, 0.54, 0.6988717948717948, 0.5533333333333333]",1.721880400000373
1,isotropic,1.0,1.0,0.7984572649002075,0.7647156585188943,0.009821551423954923,0.9712598919868469,1.2918236255645752,0.507568253603317,0.02088705047675262,1.138803243637085,"[0.78413325548172, 0.7437760829925537, 0.9712598919868469]","[0.7901223882662239, 0.7603488372093024, 0.6498412698412699]","[1.104899287223816, 1.400767207145691, 1.4781105518341064, 1.2837321758270264, 1.138803243637085]","[0.5693838721851279, 0.5145844490542864, 0.543939393939394, 0.5832820512820514, 0.5326666666666667]",1.6037661000009393
2,isotropic,1.0,1.0,0.7713654637336731,0.7711844236148708,0.008430616802457614,0.9400919079780579,1.2590049505233765,0.5202814282734713,0.021375499607120218,1.1131064891815186,"[0.7586355209350586, 0.7342856526374817, 0.9400919079780579]","[0.7854250754681283, 0.8257025193798448, 0.646984126984127]","[1.0473284721374512, 1.385230302810669, 1.4196093082427979, 1.2216708660125732, 1.1131064891815186]","[0.571800922252504, 0.5234707623100567, 0.54, 0.5653333333333334, 0.561]",1.599844700001995
3,isotropic,1.0,1.0,0.9029677510261536,0.6193358464621151,0.007097887864445183,1.0677211284637451,1.4375652074813843,0.3916055109526374,0.02102576751870288,1.2667492628097534,"[0.8638676404953003, 0.937985897064209, 1.0677211284637451]","[0.6440505972971726, 0.6454893410852713, 0.4817460317460317]","[1.2312462329864502, 1.5869539976119995, 1.5503815412521362, 1.3635432720184326, 1.2667492628097534]","[0.5152872708873675, 0.3403806445425196, 0.3739393939393939, 0.1278974358974359, 0.4833333333333334]",1.5588389999902574
4,isotropic,1.0,1.0,0.7764358520507812,0.7613936830249244,0.005637378162279876,0.928193211555481,1.2767328023910522,0.5053515910769318,0.027110597801655555,1.1556354761123657,"[0.7449020147323608, 0.8496416807174683, 0.928193211555481]","[0.7897502652091694, 0.729375, 0.653015873015873]","[1.063103437423706, 1.3477040529251099, 1.5395309925079346, 1.3144299983978271, 1.1556354761123657]","[0.583850127172996, 0.51643543204892, 0.543939393939394, 0.5519999999999999, 0.5256666666666666]",1.5956237000063993
5,isotropic,1.0,1.0,0.7722375988960266,0.7716910550727175,0.0058284918280106825,0.9211454391479492,1.2140114307403564,0.5356676166863812,0.023541885443986534,1.0771026611328125,"[0.7347540855407715, 0.8148382902145386, 0.9211454391479492]","[0.7982409021724091, 0.735625, 0.6541269841269841]","[1.0221092700958252, 1.362345576286316, 1.4144967794418335, 1.211796522140503, 1.0771026611328125]","[0.6123949816584446, 0.5150273419311524, 0.5216666666666667, 0.5677575757575758, 0.5683333333333334]",1.5991996999946423
6,isotropic,1.0,1.0,0.7494717836380005,0.7687158721932625,0.00796294750695223,0.8957756161689758,1.2608152627944946,0.5065451267150813,0.014487819050250436,1.1533775329589844,"[0.7375741600990295, 0.6860514283180237, 0.8957756161689758]","[0.788276394077764, 0.8053488372093023, 0.6498412698412699]","[1.0372034311294556, 1.3580119609832764, 1.3419427871704102, 1.1931304931640625, 1.1533775329589844]","[0.5645401961798967, 0.5030892978963342, 0.5349999999999999, 0.6695384615384615, 0.541]",1.6793391999963205
7,isotropic,1.0,1.0,0.7392611503601074,0.768775462702654,0.00439801011178768,0.872381329536438,1.2469313144683838,0.5034735733625769,0.015018260977387853,1.1458971500396729,"[0.7109977006912231, 0.7756415009498596, 0.872381329536438]","[0.7901827867718278, 0.7991666666666667, 0.6641269841269841]","[1.0349708795547485, 1.3160111904144287, 1.3815901279449463, 1.2129685878753662, 1.1458971500396729]","[0.5784015823185106, 0.49940266195163374, 0.5312121212121212, 0.5272413924872941, 0.5483333333333333]",1.6339907999936258
8,isotropic,1.0,1.0,0.8996793031692505,0.7617090344816054,0.016846767800116267,1.1317594051361084,1.267853021621704,0.5039962595653031,0.024895531678716908,1.080542802810669,"[0.8679379224777222, 0.8461960554122925, 1.1317594051361084]","[0.7835541718555417, 0.7241666666666667, 0.650952380952381]","[1.1119617223739624, 1.4145355224609375, 1.475515604019165, 1.2951843738555908, 1.080542802810669]","[0.5625599981600947, 0.5011742953361704, 0.5349999999999999, 0.5510303030303031, 0.538]",1.640761200003908
9,isotropic,1.0,1.0,0.5873055458068848,0.7996226211973398,0.0005004084471009504,0.6276069283485413,1.1561305522918701,0.5169639616498369,0.025011525570469078,1.1270256042480469,"[0.576621413230896, 0.5847303867340088, 0.6276069283485413]","[0.7960115308334487, 0.8029166666666667, 0.8395238095238096]","[0.9090539216995239, 1.1712653636932373, 1.4059953689575195, 1.1791574954986572, 1.1270256042480469]","[0.6052153019637705, 0.5030304295970411, 0.5168181818181818, 0.5438974358974359, 0.5636666666666666]",1.6274393999919994
0,isotropic,3.0,3.0,0.7346243858337402,0.7899403995302228,0.0018771787710731597,0.786498486995697,1.2282956838607788,0.5536223484440154,0.015991058546720748,1.12758207321167,"[0.7321805953979492, 0.6803808212280273, 0.786498486995697]","[0.7966977307319774, 0.7783333333333333, 0.7895238095238095]","[1.1139854192733765, 1.2582060098648071, 1.4472246170043945, 1.3380324840545654, 1.12758207321167]","[0.6055805580558056, 0.5453353814644137, 0.5389393939393939, 0.568, 0.5976666666666667]",1.7166397999972105
1,isotropic,3.0,3.0,0.7765344381332397,0.7745445202799823,0.0023364706992986665,0.8494906425476074,1.2441279888153076,0.5183801296241202,0.013807273251538844,1.172132134437561,"[0.7704735994338989, 0.7336188554763794, 0.8494906425476074]","[0.7909100594991006, 0.818125, 0.6712698412698412]","[1.069045066833496, 1.2923446893692017, 1.3986018896102905, 1.32988440990448, 1.172132134437561]","[0.5855182706410393, 0.519981992711391, 0.34454545454545454, 0.35116939890710386, 0.5726666666666667]",1.6170377999951597
2,isotropic,3.0,3.0,0.7973873019218445,0.771560924701995,0.005983313284718387,0.9010874032974243,1.2959712743759155,0.5204138906760186,0.020957480145742693,1.1575077772140503,"[0.7994061708450317, 0.7117888331413269, 0.9010874032974243]","[0.786463193579632, 0.8266666666666665, 0.6541269841269841]","[1.1670825481414795, 1.3562037944793701, 1.5391533374786377, 1.3955587148666382, 1.1575077772140503]","[0.570810823242603, 0.5079868913423148, 0.3324242424242424, 0.3413333333333333, 0.597]",1.5760165999963647
3,isotropic,3.0,3.0,0.8626006841659546,0.7091307355261464,0.0020729039115071003,0.9255232810974121,1.3016468286514282,0.46354681989213786,0.01607870209630505,1.200425624847412,"[0.8547176122665405, 0.8155015110969543, 0.9255232810974121]","[0.7232324846639915, 0.7814583333333334, 0.6384126984126983]","[1.1306616067886353, 1.3792301416397095, 1.484402060508728, 1.3423891067504883, 1.200425624847412]","[0.5604057827385527, 0.45083885199468476, 0.43560606060606055, 0.34901218999579653, 0.5203333333333333]",1.58727319999889
4,isotropic,3.0,3.0,0.7052289843559265,0.8199369268961518,0.001726066552022429,0.7590690851211548,1.2148394584655762,0.5549702898651088,0.017336513689656385,1.133376121520996,"[0.7049330472946167, 0.6573735475540161, 0.7590690851211548]","[0.8264625939762926, 0.8421608527131783, 0.7871428571428571]","[1.0950748920440674, 1.2195117473602295, 1.4512544870376587, 1.3376429080963135, 1.133376121520996]","[0.5932773416714493, 0.5539887352790578, 0.55, 0.5723636363636364, 0.6046666666666667]",1.5915271999983815
5,isotropic,3.0,3.0,0.8056648373603821,0.7714395881717782,0.0031448773828112544,0.846657931804657,1.233320951461792,0.5292414417259277,0.015683188706137798,1.1797664165496826,"[0.8077379465103149, 0.7131108045578003, 0.846657931804657]","[0.7867966652829665, 0.8268071705426356, 0.6641269841269841]","[1.091330647468567, 1.2526590824127197, 1.4661338329315186, 1.292359471321106, 1.1797664165496826]","[0.5766065247639747, 0.5303371836341333, 0.5349999999999999, 0.592, 0.5503333333333333]",1.562303200000315
6,isotropic,3.0,3.0,0.7567689418792725,0.7543563385148304,0.0020705299597744264,0.8451709747314453,1.2431366443634033,0.517715946867623,0.01052075702826869,1.202268362045288,"[0.7373011112213135, 0.7669367790222168, 0.8451709747314453]","[0.7783474240118077, 0.6975, 0.6641269841269841]","[1.0431873798370361, 1.274780035018921, 1.343730092048645, 1.2749507427215576, 1.202268362045288]","[0.5856516147147464, 0.5240627755455909, 0.6674242424242425, 0.5271794871794871, 0.558]",1.6204827999899862
7,isotropic,3.0,3.0,0.75696861743927,0.7647971150386292,0.0027123769810728504,0.8269761800765991,1.2523421049118042,0.4982404237891596,0.015879061873746422,1.140792727470398,"[0.751058042049408, 0.7002307176589966, 0.8269761800765991]","[0.7891929569669296, 0.7658333333333334, 0.6641269841269841]","[1.096035361289978, 1.3103892803192139, 1.4402210712432861, 1.3173267841339111, 1.140792727470398]","[0.5731210542657054, 0.5008849504132615, 0.45060606060606057, 0.3435628415300546, 0.549]",1.610669699992286
8,isotropic,3.0,3.0,0.8706051707267761,0.7298239196839662,0.005006991483498604,0.9669862985610962,1.2933940887451172,0.49750682452221673,0.01690910577358181,1.174985647201538,"[0.8632901310920715, 0.7948602437973022, 0.9669862985610962]","[0.7481322817213228, 0.7064583333333333, 0.6512698412698413]","[1.1368463039398193, 1.3951189517974854, 1.4803969860076904, 1.3273972272872925, 1.174985647201538]","[0.5585936015204307, 0.4839699942609016, 0.4883333333333333, 0.368, 0.5503333333333333]",1.610521200011135
9,isotropic,3.0,3.0,0.7661739587783813,0.7659337252058275,0.002032210865716403,0.8355451822280884,1.2575006484985352,0.49274418706943035,0.01706097632479441,1.1797149181365967,"[0.7594066858291626, 0.7282145023345947, 0.8355451822280884]","[0.7759669526313362, 0.8262499999999999, 0.6784126984126984]","[1.0602627992630005, 1.292532205581665, 1.4383938312530518, 1.338087797164917, 1.1797149181365967]","[0.5694966918294617, 0.4703431888325653, 0.4904545454545454, 0.6613333333333333, 0.5606666666666668]",1.657146500001545
0,isotropic,10.0,10.0,0.9277865290641785,0.7934454446832928,0.0006197125415741628,0.9455164074897766,1.2948166131973267,0.5235048883109382,0.016917207172108418,1.252357840538025,"[0.929801344871521, 0.8866345286369324, 0.9455164074897766]","[0.7827033808403672, 0.8310416666666667, 0.8284126984126985]","[1.235500693321228, 1.276341199874878, 1.5624254941940308, 1.4578392505645752, 1.252357840538025]","[0.5880126813594492, 0.5391901683520434, 0.34954545454545455, 0.3546666666666667, 0.548]",1.7193590000097174
1,isotropic,10.0,10.0,0.9449575543403625,0.8504788905934901,0.0019138325187739724,0.9675650596618652,1.300135850906372,0.523530498355224,0.012845527510743296,1.2632935047149658,"[0.9505875706672668, 0.86744624376297, 0.9675650596618652]","[0.8520273280752733, 0.8564583333333333, 0.8331746031746032]","[1.239174723625183, 1.2779130935668945, 1.5172131061553955, 1.4561766386032104, 1.2632935047149658]","[0.5848218271304482, 0.5364610336874248, 0.3516666666666667, 0.37333333333333335, 0.5559999999999999]",1.6006608000025153
2,isotropic,10.0,10.0,0.9646957516670227,0.7719935089921034,0.0009705402100629437,0.9774683713912964,1.3168222904205322,0.5253135526591235,0.01661379154282713,1.2263143062591553,"[0.9669235348701477, 0.9067434072494507, 0.9774683713912964]","[0.7821300447396338, 0.8144525193798449, 0.7355555555555556]","[1.2593200206756592, 1.3329071998596191, 1.5578973293304443, 1.4862947463989258, 1.2263143062591553]","[0.5818515301007452, 0.536151253861516, 0.33999999999999997, 0.37333333333333335, 0.568]",1.590034699998796
3,isotropic,10.0,10.0,1.0614206790924072,0.6948331796724451,0.00045713679278946984,1.0859373807907104,1.3586835861206055,0.46197581973200563,0.011567838596712362,1.2867227792739868,"[1.0606988668441772, 1.0335767269134521, 1.0859373807907104]","[0.7004245422259121, 0.7731250000000001, 0.6557142857142857]","[1.2515243291854858, 1.389190912246704, 1.532134771347046, 1.4784491062164307, 1.2867227792739868]","[0.5827418837275476, 0.46106920486415665, 0.3239393939393939, 0.2910601092896175, 0.5016666666666667]",1.583781799999997
4,isotropic,10.0,10.0,0.9189117550849915,0.8601086073582603,0.0003706604325973077,0.9477905035018921,1.301565170288086,0.5101815495917394,0.01258080464824957,1.248109221458435,"[0.9136229753494263, 0.9025570154190063, 0.9477905035018921]","[0.8705472994788064, 0.8536191860465117, 0.8085714285714285]","[1.2074778079986572, 1.3136193752288818, 1.5036629438400269, 1.4371417760849, 1.248109221458435]","[0.5829007011657117, 0.5111034646805519, 0.3516666666666667, 0.3579453551912568, 0.5666666666666667]",1.6012657000101171
5,isotropic,10.0,10.0,0.9380313158035278,0.7887689654190883,0.0004685904714586779,0.9787837862968445,1.2868419885635376,0.5093120796026599,0.015593630967250647,1.2584764957427979,"[0.9263644218444824, 0.9456592798233032, 0.9787837862968445]","[0.8008791338037915, 0.7708333333333333, 0.7601587301587301]","[1.206146240234375, 1.2823301553726196, 1.5222203731536865, 1.4711501598358154, 1.2584764957427979]","[0.5907965625350232, 0.5382914270863789, 0.35, 0.36533333333333334, 0.5086666666666667]",1.6415268999990076
6,isotropic,10.0,10.0,1.0326018333435059,0.7362401876045636,0.00018700722503063442,1.0479850769042969,1.3302843570709229,0.4861686783761335,0.015568082644815604,1.2650742530822754,"[1.031852126121521, 1.014495611190796, 1.0479850769042969]","[0.7534818504681519, 0.75125, 0.653015873015873]","[1.2531402111053467, 1.3392231464385986, 1.5655088424682617, 1.4918323755264282, 1.2650742530822754]","[0.5717413188146344, 0.4984578996137324, 0.33954545454545454, 0.3655081967213115, 0.5206666666666666]",1.6311821999988751
7,isotropic,10.0,10.0,0.9111852645874023,0.8609904197721848,0.0008114169151482997,0.963830828666687,1.290091872215271,0.5343046880501603,0.011724930119853528,1.2493369579315186,"[0.9011585116386414, 0.9059332013130188, 0.963830828666687]","[0.8745138600618052, 0.8138953488372092, 0.8006349206349206]","[1.1993556022644043, 1.2956745624542236, 1.4874775409698486, 1.425304651260376, 1.2493369579315186]","[0.5994013993470169, 0.5476834072462823, 0.5445454545454546, 0.528, 0.554]",1.5815487999934703
8,isotropic,10.0,10.0,0.9963309168815613,0.834821009198096,0.000552892579578036,1.024755835533142,1.3542497158050537,0.48056049134285395,0.008515382352552479,1.2879329919815063,"[0.9952160120010376, 0.9671657681465149, 1.024755835533142]","[0.8472823082187075, 0.8279941860465115, 0.768888888888889]","[1.287467360496521, 1.3648767471313477, 1.5247215032577515, 1.4462617635726929, 1.2879329919815063]","[0.5755013062281839, 0.4841081657624879, 0.338939393939394, 0.32389071038251366, 0.5163333333333333]",1.6077737000014167
9,isotropic,10.0,10.0,0.9484702348709106,0.7784369728902879,0.00046685518430520127,0.9599868655204773,1.327946662902832,0.4869106644745157,0.009667347468638354,1.3055026531219482,"[0.9492359161376953, 0.9097319841384888, 0.9599868655204773]","[0.7893995203173285, 0.8279166666666666, 0.7212698412698413]","[1.2167956829071045, 1.3215728998184204, 1.4977190494537354, 1.4278451204299927, 1.3055026531219482]","[0.5958826378170566, 0.4990322493526248, 0.2212121212121212, 0.45600000000000007, 0.5133333333333334]",1.6203419999947073
0,standard,0.0,0.0,1.7042032480239868,0.7836470320514045,0.11337062926092283,2.23313045501709,2.0225579738616943,0.5859637629311999,0.6134249131897798,2.8086471557617188,"[1.552825927734375, 2.296781539916992, 2.23313045501709]","[0.8076592690487014, 0.6904941860465116, 0.6934920634920635]","[0.72438645362854, 1.8689525127410889, 1.3114782571792603, 0.7372349500656128, 2.8086471557617188]","[0.8579190107755948, 0.5254405773133669, 0.6137296037296037, 0.7595897435897436, 0.5586666666666666]",0.6442394000041531
1,standard,0.0,0.0,2.0562283992767334,0.7953213394447095,0.44695617054146436,2.5604686737060547,2.2161524295806885,0.5153128360864546,0.3446668855266717,2.5826306343078613,"[1.7676063776016235, 3.4049363136291504, 2.5604686737060547]","[0.8085755269590885, 0.7775000000000001, 0.7411111111111112]","[1.368844747543335, 2.398021936416626, 2.0411171913146973, 1.0586926937103271, 2.5826306343078613]","[0.6942838810010132, 0.4506223395078762, 0.42099067599067597, 0.662974358974359, 0.5563333333333333]",0.7264686999988044
2,standard,0.0,0.0,1.6869627237319946,0.8041009748009961,0.13588015044306048,2.4301581382751465,1.944514513015747,0.6142630824921371,0.4800291841942107,2.536898374557495,"[1.6363613605499268, 1.6605994701385498, 2.4301581382751465]","[0.8121585489599188, 0.7684738372093023, 0.764920634920635]","[0.8840228915214539, 1.9777005910873413, 1.2833821773529053, 0.6788350343704224, 2.536898374557495]","[0.8364253302185924, 0.57797476477101, 0.7434498834498835, 0.8265641025641026, 0.5626666666666666]",0.6394556000013836
3,standard,0.0,0.0,1.8659778833389282,0.7507677288603417,0.6169236343453784,2.3106231689453125,2.527561902999878,0.46910446811138706,0.7495473513609909,3.3572216033935547,"[1.555280327796936, 3.4653515815734863, 2.3106231689453125]","[0.7518965251245093, 0.7566763565891472, 0.7622222222222221]","[1.2586003541946411, 2.5060675144195557, 2.4019927978515625, 1.0030806064605713, 3.3572216033935547]","[0.6625687548757316, 0.395354328588518, 0.3986480186480187, 0.8162051282051281, 0.5050000000000001]",0.7242228999966756
4,standard,0.0,0.0,1.9042723178863525,0.8082932061846341,0.07488879282770237,2.48577618598938,2.0737292766571045,0.5986107734178788,0.6976821101200392,3.08307147026062,"[1.8845632076263428, 1.9284465312957764, 2.48577618598938]","[0.8144740325630735, 0.8217441860465116, 0.733968253968254]","[0.6648209095001221, 1.7429533004760742, 1.5068219900131226, 0.9792436361312866, 3.08307147026062]","[0.8722186116801078, 0.5549084343518841, 0.5397435897435897, 0.7622564102564102, 0.5656666666666667]",0.65329629999178
5,standard,0.0,0.0,1.5045565366744995,0.8065874251825477,0.08533041060631301,2.1130127906799316,2.0813934803009033,0.5739155389744411,0.6136065587904307,3.040943145751953,"[1.4040300846099854, 1.6748883724212646, 2.1130127906799316]","[0.81333766892671, 0.781531007751938, 0.7792063492063492]","[0.8737263679504395, 1.7851238250732422, 1.67916738986969, 0.9341806173324585, 3.040943145751953]","[0.8255205322356536, 0.5240504599107522, 0.6049184149184149, 0.7515897435897436, 0.533]",0.636385900012101
6,standard,0.0,0.0,1.1176490783691406,0.8226461769879327,0.1804153328657926,1.2307000160217285,1.844476342201233,0.6206362022081565,0.7405156546830575,2.981261730194092,"[0.971845805644989, 1.9739784002304077, 1.2307000160217285]","[0.8386941128741521, 0.7342441860465116, 0.7752380952380953]","[0.5721825361251831, 1.3740606307983398, 1.289025068283081, 0.688867449760437, 2.981261730194092]","[0.8737208749951518, 0.6196963349206828, 0.6112004662004662, 0.7649230769230769, 0.5496666666666667]",0.6542140000092331
7,standard,0.0,0.0,1.3238604068756104,0.8067543218321468,0.16467323521867963,1.8451709747314453,2.0106263160705566,0.5863598241880131,0.447999227049082,2.6998395919799805,"[1.1486690044403076, 2.1110806465148926, 1.8451709747314453]","[0.8235400119920667, 0.76375, 0.7442857142857143]","[0.8276726603507996, 1.8273518085479736, 1.4583518505096436, 0.9919731020927429, 2.6998395919799805]","[0.8240352987828713, 0.5436402219673584, 0.6000699300699301, 0.756923076923077, 0.5646666666666668]",0.6381854000064777
8,standard,0.0,0.0,1.6335573196411133,0.8055285798402446,0.08117411832912404,2.1822104454040527,2.505066394805908,0.5825523702563831,0.9139994700264993,3.6065075397491455,"[1.604979157447815, 1.5539088249206543, 2.1822104454040527]","[0.8161344725796781, 0.7575000000000001, 0.7617460317460318]","[0.8626196980476379, 2.1656386852264404, 2.1447596549987793, 1.1954938173294067, 3.6065075397491455]","[0.7832076523525903, 0.5401698942269376, 0.602004662004662, 0.7462564102564102, 0.5566666666666666]",0.6535058000008576
9,standard,0.0,0.0,1.1891522407531738,0.8131489369485216,0.010491654772948777,1.3717138767242432,2.2863688468933105,0.6164434439301574,0.8609508278918611,3.4053852558135986,"[1.152334213256836, 1.3674606084823608, 1.3717138767242432]","[0.8145731083079418, 0.789452519379845, 0.795079365079365]","[0.5844578742980957, 1.773817777633667, 2.2504546642303467, 1.4886857271194458, 3.4053852558135986]","[0.866422018503328, 0.5780054824587356, 0.5702564102564102, 0.7412307692307692, 0.5903333333333334]",0.6626175999990664
