conditional_slope,method,penalty_lambda,seed,intercept,score_slope,directional_gain,volatility,derivative_bound,jacobian_bound,residual_bound,separated_bound,mean_abs_model_derivative,mean_abs_remainder,jacobian_bound_holds,residual_bound_holds,derivative_bound_holds
0.0,dtr,0.5,0,1.140722430862677,-0.004750115451907632,2.2563596806451647e-05,5.063312046350351e-09,6.127414528445927e-09,9.144681342632615e-06,9.144681342632615e-06,1.828936268526523e-05,0.0002458702322670937,0.0,True,True,True
0.0,dtr,0.5,1,0.8250853131327492,-0.010825037360815418,0.00011718143386304964,5.682749602256419e-08,6.881958517595325e-08,4.749184631964205e-05,4.749184631964205e-05,9.49836926392841e-05,0.0008236465903114254,0.0,True,True,True
0.0,dtr,0.5,2,0.8998001755751985,0.01344327396805579,0.00018072161498020647,1.8353382528260526e-08,2.235389357796251e-08,7.324371175819744e-05,7.324371175819744e-05,0.00014648742351639488,0.00046776699583052107,0.0,True,True,True
0.0,dtr,0.5,3,1.0171706910775145,0.006243411924608503,3.898019246034366e-05,2.749865225907587e-10,3.388490495507763e-10,1.5798076954752605e-05,1.5798076954752605e-05,3.159615390950521e-05,5.716361312899708e-05,0.0,True,True,True
0.0,dtr,0.5,4,1.140738271909348,0.0030987882446698875,9.602488585304283e-06,2.401894453811487e-09,2.906145740448476e-09,3.89174203750027e-06,3.89174203750027e-06,7.78348407500054e-06,0.00016934691958669652,0.0,True,True,True
0.0,dtr,0.5,5,0.9392935813903289,-0.02594985243306497,0.000673394841297848,6.857141307656977e-08,8.503871572954024e-08,0.00027291664951576864,0.00027291664951576864,0.0005458332990315373,0.0009022515961131422,0.0,True,True,True
0.0,dtr,0.5,6,0.8623173197992237,-0.017698846998548293,0.00031324918507802195,1.0504519718628162e-07,1.2756627753115694e-07,0.00012695511282841165,0.00012695511282841165,0.0002539102256568233,0.001119485735205973,0.0,True,True,True
0.0,dtr,0.5,7,0.900072130217974,0.004239950690585913,1.7977181858599964e-05,2.2259183459548246e-09,2.694424340150519e-09,7.285877377867641e-06,7.285877377867641e-06,1.4571754755735282e-05,0.0001630177126335393,0.0,True,True,True
0.0,dtr,0.5,8,1.057575610218596,0.005757719434211902,3.3151333083101426e-05,1.6723873537032885e-09,2.027514073110565e-09,1.343572922920491e-05,1.343572922920491e-05,2.687145845840982e-05,0.00014127070428333148,0.0,True,True,True
0.0,dtr,0.5,9,1.0165730440857037,-0.01762746769623244,0.00031072761738171824,8.845083009041329e-11,5.1037587125915e-10,0.00012593315993391656,0.00012593315993391656,0.0002518663198678331,6.149279682554901e-05,0.0,True,True,True
0.0,dtr,0.5,10,1.098530850872247,0.006715634062714894,4.509974086429655e-05,6.15596359612419e-09,7.454977431720542e-09,1.8278236505332947e-05,1.8278236505332947e-05,3.6556473010665894e-05,0.00027107736931255,0.0,True,True,True
0.0,dtr,0.5,11,1.0169100249456953,0.01863154349143706,0.0003471344128733107,5.681174558742744e-09,7.355319633686262e-09,0.00014068827838124726,0.00014068827838124726,0.0002813765567624945,0.0002580432684663514,0.0,True,True,True
0.0,dtr,0.5,12,0.6463766022605767,-0.01726130963135406,0.00029795281018947636,6.194494672068215e-07,7.499320263988627e-07,0.00012075572559183421,0.00012075572559183421,0.00024151145118366841,0.002719457044253838,0.0,True,True,True
0.0,dtr,0.5,13,1.1403686920260934,0.011500506717618797,0.00013226165476199506,3.6744039503817715e-08,4.451344245058756e-08,5.360362964391832e-05,5.360362964391832e-05,0.00010720725928783664,0.0006622334149854438,0.0,True,True,True
0.0,dtr,0.5,14,1.319309737166972,0.010489151367550496,0.00011002229641138643,1.3158088065167698e-07,1.5921925790762796e-07,4.459035719779922e-05,4.459035719779922e-05,8.918071439559843e-05,0.0012533909653776676,0.0,True,True,True
0.0,dtr,0.5,15,1.183611065836674,0.02928305059733578,0.0008574970522861274,4.5426473739915885e-07,5.518990001386805e-07,0.0003475304652297842,0.0003475304652297842,0.0006950609304595684,0.0023273177609271973,0.0,True,True,True
0.0,dtr,0.5,16,1.3190949746077618,0.008612475736854499,7.417473831790745e-05,8.768349757768008e-08,1.0609455562001246e-07,3.0061889130924196e-05,3.0061889130924196e-05,6.012377826184839e-05,0.0010231861163877852,0.0,True,True,True
0.0,dtr,0.5,17,1.098789248955733,0.01715146818996314,0.0002941728610713174,4.852011137607887e-08,5.901291513590408e-08,0.00011922376991679549,0.00011922376991679549,0.00023844753983359097,0.0007605567458420035,0.0,True,True,True
0.0,dtr,0.5,18,1.0169387205923792,-0.0009307339152506114,8.662656209977323e-07,2.8540343943785337e-12,3.4558989965978195e-12,3.5108423227262003e-07,3.5108423227262003e-07,7.021684645452401e-07,5.836972520074815e-06,0.0,True,True,True
0.0,dtr,0.5,19,0.7885686148166468,0.0043364205530356725,1.8804543212790208e-05,1.1434618645997729e-08,1.383548211877025e-08,7.6211943046935706e-06,7.6211943046935706e-06,1.5242388609387141e-05,0.0003694983804658831,0.0,True,True,True
0.0,dtr,0.5,20,1.2730143347151877,-0.00655462988516099,4.296317293144557e-05,3.466685297599246e-08,4.194553318099891e-08,1.741231813777805e-05,1.741231813777805e-05,3.48246362755561e-05,0.0006433609819804971,0.0,True,True,True
0.0,dtr,0.5,21,0.9380330631584461,-0.00860156588732728,7.398693571403233e-05,4.9321993224000756e-09,5.9916974316704456e-09,2.998577560246124e-05,2.998577560246124e-05,5.997155120492248e-05,0.0002425596075697057,0.0,True,True,True
0.0,dtr,0.5,22,0.6121028737132692,0.0036300937665380145,1.3177580753858148e-05,2.9546708440588644e-08,3.574678470109033e-08,5.34067231809359e-06,5.34067231809359e-06,1.068134463618718e-05,0.0005939651698160978,0.0,True,True,True
0.0,dtr,0.5,23,0.7166360260705276,0.008299889686162187,6.888816880246145e-05,7.595029461665872e-08,9.19109295006047e-08,2.7919323208074238e-05,2.7919323208074238e-05,5.5838646416148476e-05,0.0009522703780355458,0.0,True,True,True
0.0,dtr,0.5,24,0.9769613333773567,0.011718298689023457,0.00013731852416516886,2.4586418595277444e-10,3.7715681139524987e-10,5.565310161773548e-05,5.565310161773548e-05,0.00011130620323547095,5.238402436015228e-05,0.0,True,True,True
0.0,dtr,0.5,25,1.2730851793009075,-0.007716351935501427,5.954208719251662e-05,4.767892278865597e-08,5.769258689434923e-08,2.413149900352426e-05,2.413149900352426e-05,4.826299800704852e-05,0.000754495630352662,0.0,True,True,True
0.0,dtr,0.5,26,1.1837899105341823,0.002056422933414899,4.228875281074737e-06,1.729368145412156e-09,2.0922573622511127e-09,1.7138985958172645e-06,1.7138985958172645e-06,3.427797191634529e-06,0.0001436975503148676,0.0,True,True,True
0.0,dtr,0.5,27,1.140845514448723,-0.0031252538279728155,9.767211489258736e-06,2.2464850557757798e-09,2.718144514200262e-09,3.9585017159069434e-06,3.9585017159069434e-06,7.917003431813887e-06,0.0001637764073076179,0.0,True,True,True
0.0,dtr,0.5,28,0.7522950375830896,0.010968787677746493,0.0001203143031194833,9.677883387980277e-08,1.1716001640480732e-07,4.876155040467624e-05,4.876155040467624e-05,9.752310080935248e-05,0.0010749026729349135,0.0,True,True,True
0.0,dtr,0.5,29,0.8255470609267941,0.013676992480049149,0.00018706012329932096,6.72815470469661e-08,8.157034384780282e-08,7.58126124198754e-05,7.58126124198754e-05,0.0001516252248397508,0.0008961009299895902,0.0,True,True,True
0.0,dtr,0.5,30,1.1405134730167827,0.016010542753477127,0.00025633747926091896,7.54884126370635e-08,9.155139197721511e-08,0.0001038896672424381,0.0001038896672424381,0.0002077793344848762,0.0009490371840640313,0.0,True,True,True
0.0,dtr,0.5,31,0.9001993200302603,0.014314644741301293,0.00020490905406966476,2.019957280323513e-08,2.4629972748296534e-08,8.30465115894809e-05,8.30465115894809e-05,0.0001660930231789618,0.0004906661408861349,0.0,True,True,True
0.0,dtr,0.5,32,1.0169057976914486,-0.001048355373516686,1.0990489891813103e-06,3.5536647663576985e-12,4.3041900275520235e-12,4.4542777785906105e-07,4.4542777785906105e-07,8.908555557181221e-07,6.51301036444918e-06,0.0,True,True,True
0.0,dtr,0.5,33,1.46680108419116,-0.008205493630994817,6.73301257282965e-05,1.4529278485258108e-07,1.757855706556812e-07,2.7287872134313686e-05,2.7287872134313686e-05,5.457574426862737e-05,0.0013171150913700153,0.0,True,True,True
0.0,dtr,0.5,34,0.9773333934786653,-0.00675264458040269,4.559820882924182e-05,5.199348030280256e-10,6.379899995719178e-10,1.848025796219711e-05,1.848025796219711e-05,3.696051592439422e-05,7.865515515238118e-05,0.0,True,True,True
0.0,dtr,0.5,35,1.0987577841710583,-0.01451316081333061,0.00021063183679359521,1.863574824800875e-08,2.271280171747974e-08,8.536586806674713e-05,8.536586806674713e-05,0.00017073173613349425,0.00047122852366793776,0.0,True,True,True
0.0,dtr,0.5,36,0.8253224072613567,0.010207949788536999,0.00010420223888529256,3.9271316066272105e-08,4.7564442688030196e-08,4.223157672815791e-05,4.223157672815791e-05,8.446315345631582e-05,0.000684688229488143,0.0,True,True,True
0.0,dtr,0.5,37,1.098530756233907,0.007722677295996846,5.9639744618105154e-05,8.293619223683058e-09,1.0046693400024558e-08,2.4171078067332634e-05,2.4171078067332634e-05,4.834215613466527e-05,0.00031462896444286244,0.0,True,True,True
0.0,dtr,0.5,38,0.4777025025928044,-0.005756350165142033,3.3135567223730714e-05,1.4735246686316972e-07,1.7827478271217818e-07,1.3429339567074593e-05,1.3429339567074593e-05,2.6858679134149185e-05,0.0013264311846539448,0.0,True,True,True
0.0,dtr,0.5,39,1.098617179135158,-0.0011059134604017142,1.2230445818976938e-06,1.4381160799390473e-10,1.7398956987061896e-10,4.956812987408899e-07,4.956812987408899e-07,9.913625974817797e-07,4.1438364006984337e-05,0.0,True,True,True
0.0,dtr,0.5,40,0.7883190760288674,0.02065020494350209,0.00042643096420863817,2.193906915619257e-07,2.663432598482766e-07,0.00017282596014145033,0.00017282596014145033,0.00034565192028290065,0.001617927090757327,0.0,True,True,True
0.0,dtr,0.5,41,0.9772497946290293,0.0009589067082144445,9.195020750586617e-07,5.712049730339033e-12,6.914083952791637e-12,3.7266015442611727e-07,3.7266015442611727e-07,7.453203088522345e-07,8.258015448113428e-06,0.0,True,True,True
0.0,dtr,0.5,42,0.862181381445921,-0.0013734286270250902,1.8863061935320241e-06,5.035655602722053e-10,6.092334330922938e-10,7.644911049621496e-07,7.644911049621496e-07,1.5289822099242991e-06,7.754151192874784e-05,0.0,True,True,True
0.0,dtr,0.5,43,0.8250665105830196,0.0009354689255950079,8.751021107538785e-07,3.704894299025376e-10,4.482238589129225e-10,3.5466552667796454e-07,3.5466552667796454e-07,7.093310533559291e-07,6.651125010695041e-05,0.0,True,True,True
0.0,dtr,0.5,44,1.2276887447927258,0.02322392697302236,0.0005393507840482755,3.8909751593417823e-07,4.7160267861539944e-07,0.00021859063935277675,0.00021859063935277675,0.0004371812787055535,0.002154741816331311,0.0,True,True,True
0.0,dtr,0.5,45,0.9376228444435217,0.012725570668124301,0.00016194014882942557,5.313785133480885e-09,6.544333179490379e-09,6.563187023445495e-05,6.563187023445495e-05,0.0001312637404689099,0.00025134910055830186,0.0,True,True,True
0.0,dtr,0.5,46,1.319035229555549,0.01036704790239188,0.0001074756822104879,1.282530420896644e-07,1.55191775751301e-07,4.3558253337337516e-05,4.3558253337337516e-05,8.711650667467503e-05,0.0012374406228769,0.0,True,True,True
0.0,dtr,0.5,47,1.0576595509415299,-0.008936963457213717,7.986931583557336e-05,2.404911857592057e-09,2.9345976169310085e-09,3.236981446865601e-05,3.236981446865601e-05,6.473962893731203e-05,0.00016926090933340788,0.0,True,True,True
0.0,dtr,0.5,48,0.7525026305271063,-0.0047894222689528745,2.29385656703417e-05,2.108285744147353e-08,2.5508966338732955e-08,9.296650499106065e-06,9.296650499106065e-06,1.859330099821213e-05,0.0005017270736857799,0.0,True,True,True
0.0,dtr,0.5,49,1.0576673456124415,0.017330188364958705,0.0003003354287649501,2.1182154882821482e-08,2.597016015892522e-08,0.00012172136452877505,0.00012172136452877505,0.0002434427290575501,0.0005019821135093952,0.0,True,True,True
0.0,dtr,0.5,50,0.8995188851304001,0.017833868471972675,0.00031804686467562103,2.930925404517704e-08,3.59206931106705e-08,0.00012889953913067337,0.00012889953913067337,0.00025779907826134675,0.0005906875585390649,0.0,True,True,True
0.0,dtr,0.5,51,0.8995483397881248,0.01258680887273581,0.00015842775759878093,1.650668984361389e-08,2.008519105264669e-08,6.420835168683943e-05,6.420835168683943e-05,0.00012841670337367887,0.0004436601684613462,0.0,True,True,True
0.0,dtr,0.5,52,1.3671833498311452,-0.0078052945153077825,6.0922622470693754e-05,8.517104806231947e-08,1.0304972917335443e-07,2.4691008877303906e-05,2.4691008877303906e-05,4.938201775460781e-05,0.001008429020327111,0.0,True,True,True
0.0,dtr,0.5,53,1.0169412324561404,0.0004534592198316387,2.0562526405031844e-07,7.992594621809058e-13,9.671211229163434e-13,8.333678056138604e-08,8.333678056138604e-08,1.6667356112277208e-07,3.0891679324322957e-06,0.0,True,True,True
0.0,dtr,0.5,54,0.8618902616293053,0.013244284750880096,0.00017541107856239505,3.748612820220584e-08,4.549766949489505e-08,7.109143241568388e-05,7.109143241568388e-05,0.00014218286483136776,0.0006687866840635039,0.0,True,True,True
0.0,dtr,0.5,55,1.098495189545912,-0.009998898875510568,9.99779787226865e-05,9.731728119646545e-09,1.181095709188205e-08,4.0519548569404226e-05,4.0519548569404226e-05,8.103909713880845e-05,0.0003407287389093048,0.0,True,True,True
0.0,dtr,0.5,56,1.3192164649512756,0.006537735374983498,4.274198383331061e-05,4.997672200466576e-08,6.04669623009918e-08,1.7322673572850787e-05,1.7322673572850787e-05,3.464534714570157e-05,0.0007724752103858626,0.0,True,True,True
0.0,dtr,0.5,57,0.7165980248675038,-0.008220599786979034,6.757826085767975e-05,8.428941640152254e-08,1.0199899114395507e-07,2.7388437514363107e-05,2.7388437514363107e-05,5.477687502872621e-05,0.0010031910091853663,0.0,True,True,True
0.0,dtr,0.5,58,0.9382672366367832,-0.0007401575419018533,5.478331868341938e-07,2.848681234016405e-11,3.4464835488415406e-11,2.2202842771437797e-07,2.2202842771437797e-07,4.4405685542875595e-07,1.844282871982646e-05,0.0,True,True,True
0.0,dtr,0.5,59,1.1415226319179177,-0.009695251369951412,9.399789912654473e-05,1.9871415097106464e-08,2.4071837752868754e-08,3.809591359757832e-05,3.809591359757832e-05,7.619182719515664e-05,0.0004870101621906794,0.0,True,True,True
0.0,dtr,0.5,60,1.1410439513762554,0.025252913389679114,0.0006377096346666347,2.1107135711041736e-07,2.5672992211465663e-07,0.00025845398001818484,0.00025845398001818484,0.0005169079600363697,0.0015861996825134153,0.0,True,True,True
0.0,dtr,0.5,61,1.4158042677985052,-0.001469880291105334,2.1605480701799017e-06,3.898377398635908e-09,4.716287871204767e-09,8.756371511471854e-07,8.756371511471854e-07,1.7512743022943709e-06,0.00021574925558986858,0.0,True,True,True
0.0,dtr,0.5,62,0.8999257552916037,-0.020590672763454314,0.0004239758048516593,8.457975212831208e-08,1.031788241067664e-07,0.00017183092153313172,0.00017183092153313172,0.00034366184306626344,0.001004011434936714,0.0,True,True,True
0.0,dtr,0.5,63,1.4662501792069476,-0.003866252754901758,1.4947910364785434e-05,3.272360656320186e-08,3.958965889954592e-08,6.058159884558518e-06,6.058159884558518e-06,1.2116319769117036e-05,0.0006250818439597252,0.0,True,True,True
0.0,dtr,0.5,64,0.6465746289594382,0.009055136657551388,8.199549988693092e-05,1.455109584503505e-07,1.7607850271185934e-07,3.323152440755606e-05,3.323152440755606e-05,6.646304881511213e-05,0.001318093996247878,0.0,True,True,True
0.0,dtr,0.5,65,0.7884764177926739,0.029573582941308386,0.0008745968079864464,4.071761062798236e-07,4.964555256872252e-07,0.00035446073517998863,0.00035446073517998863,0.0007089214703599773,0.002203136629121701,0.0,True,True,True
0.0,dtr,0.5,66,0.862209708237386,-0.00295157602169801,8.711801011862652e-06,2.379416161035223e-09,2.878997652269756e-09,3.5307599607137593e-06,3.5307599607137593e-06,7.0615199214275185e-06,0.00016855310490391677,0.0,True,True,True
0.0,dtr,0.5,67,0.7886722252192917,-0.017871814004846952,0.00031940173582384367,2.4017601300187773e-07,2.91101767092634e-07,0.0001294486477243565,0.0001294486477243565,0.000258897295448713,0.0016931333299999454,0.0,True,True,True
0.0,dtr,0.5,68,1.0982088191544603,0.008001003884102435,6.401606315342225e-05,8.89526633808871e-09,1.0776552455353508e-08,2.594473316330956e-05,2.594473316330956e-05,5.188946632661912e-05,0.00032583679471075627,0.0,True,True,True
0.0,dtr,0.5,69,0.89993099830271,-0.0031667368205096024,1.0028222090371265e-05,1.449977074275262e-09,1.7546591451941222e-09,4.06428532809862e-06,4.06428532809862e-06,8.12857065619724e-06,0.00013157550970541463,0.0,True,True,True
0.0,dtr,0.5,70,0.9384093913829218,-0.014333378980643002,0.00020544575300273862,1.5916310873399996e-08,1.944714341711856e-08,8.32640274741154e-05,8.32640274741154e-05,0.0001665280549482308,0.0004354396736611273,0.0,True,True,True
0.0,dtr,0.5,71,0.9372130270452192,-0.01709640560136278,0.0002922870844863087,2.5131369328097514e-08,3.079330058841333e-08,0.00011845949345408312,0.00011845949345408312,0.00023691898690816624,0.000546982455356052,0.0,True,True,True
0.0,dtr,0.5,72,1.1836036695642065,0.013534716722209073,0.0001831885567504459,8.3832653688619e-08,1.0152981369420676e-07,7.424352559874701e-05,7.424352559874701e-05,0.00014848705119749401,0.0010003189214399227,0.0,True,True,True
0.0,dtr,0.5,73,1.1837492365132032,-0.003786808620991211,1.4339919532013358e-05,5.51505520514701e-09,6.672824364225764e-09,5.811750481277887e-06,5.811750481277887e-06,1.1623500962555774e-05,0.00025661112201843503,0.0,True,True,True
0.0,dtr,0.5,74,0.9381024123359992,-0.007075389677876177,5.006113909379675e-05,3.1847176047054064e-09,3.864175489934089e-09,2.0289015469868776e-05,2.0289015469868776e-05,4.057803093973755e-05,0.00019493714463185863,0.0,True,True,True
0.0,dtr,0.5,75,0.9775730898733952,0.0071811339215471105,5.156868439919458e-05,1.5870249401116553e-10,2.0329078184171382e-10,2.0900000568818216e-05,2.0900000568818216e-05,4.180000113763643e-05,4.321347327954441e-05,0.0,True,True,True
0.0,dtr,0.5,76,0.6466003949937074,-0.017433312257424817,0.00030392037626487836,6.316705083734914e-07,7.647380784343085e-07,0.00012317428902472853,0.00012317428902472853,0.00024634857804945706,0.002746148297618245,0.0,True,True,True
0.0,dtr,0.5,77,1.1406709718851213,0.002964084458472755,8.785796676959726e-06,2.1916591361840836e-09,2.651749693681431e-09,3.5607492742019097e-06,3.5607492742019097e-06,7.121498548403819e-06,0.0001617660739693407,0.0,True,True,True
0.0,dtr,0.5,78,1.0990782704127238,0.014496285383752711,0.0002101422899272025,3.328892157722452e-08,4.0433344463809685e-08,8.516746219494189e-05,8.516746219494189e-05,0.00017033492438988377,0.0006300963524496191,0.0,True,True,True
0.0,dtr,0.5,79,0.7171294181223087,0.010142024626453926,0.00010286066352359791,1.1139040892100186e-07,1.3481826379128506e-07,4.168785671378871e-05,4.168785671378871e-05,8.337571342757742e-05,0.0011532227041130222,0.0,True,True,True
0.0,dtr,0.5,80,1.0577080835034562,-0.00853340796363418,7.281905147381522e-05,2.232542957469188e-09,2.7218137711894706e-09,2.9512449948157114e-05,2.9512449948157114e-05,5.902489989631423e-05,0.0001631020391737114,0.0,True,True,True
0.0,dtr,0.5,81,1.016890741603221,0.0027863383777280756,7.763681555200323e-06,3.8623102700213253e-11,4.697222680298083e-11,3.14650161838033e-06,3.14650161838033e-06,6.29300323676066e-06,2.1460356635974565e-05,0.0,True,True,True
0.0,dtr,0.5,82,0.9772829708542983,-0.024640217717301197,0.0006071403291560038,1.8373160592636475e-08,2.3850017613250124e-08,0.0002460647071483395,0.0002460647071483395,0.000492129414296679,0.00046428514949429486,0.0,True,True,True
0.0,dtr,0.5,83,0.7167238971154477,-0.0043827348978692175,1.92083651850007e-05,2.3274278753775526e-08,2.815937419909626e-08,7.784857185514176e-06,7.784857185514176e-06,1.5569714371028352e-05,0.000527160235074247,0.0,True,True,True
0.0,dtr,0.5,84,0.8250288066056151,0.0023928360173008268,5.725664205692082e-06,2.3832743915340955e-09,2.883461368993982e-09,2.3205242978371498e-06,2.3205242978371498e-06,4.6410485956742995e-06,0.00016869103534587133,0.0,True,True,True
0.0,dtr,0.5,85,1.0168762928721051,0.002832579858618987,8.023508655453961e-06,4.0045753989740994e-11,4.871007533719914e-11,3.25180557574055e-06,3.25180557574055e-06,6.5036111514811e-06,2.185157409157006e-05,0.0,True,True,True
0.0,dtr,0.5,86,1.0574794571030812,-0.00428091066035618,1.8326196081951186e-05,6.553779498492505e-10,7.941950944790149e-10,7.427327514739469e-06,7.427327514739469e-06,1.4854655029478937e-05,8.844166169346971e-05,0.0,True,True,True
0.0,dtr,0.5,87,1.0165383764578604,0.010357514037390927,0.0001072780970347501,1.0018264197942868e-09,1.258546421179556e-09,4.3478175081833776e-05,4.3478175081833776e-05,8.695635016366755e-05,0.00010882494014936943,0.0,True,True,True
0.0,dtr,0.5,88,1.0990371582223797,-0.02090016693985278,0.0004368169781137151,3.3424655568398345e-08,4.11618889337077e-08,0.0001770352530302031,0.0001770352530302031,0.0003540705060604062,0.0006301761255752761,0.0,True,True,True
0.0,dtr,0.5,89,0.7523598204729279,0.00359830183525552,1.2947776097603243e-05,1.1098345972052183e-08,1.3427727613182588e-08,5.247535998980519e-06,5.247535998980519e-06,1.0495071997961038e-05,0.0003640271921023787,0.0,True,True,True
0.0,dtr,0.5,90,0.9764801699841457,-0.03000012689953505,0.0009000076139882064,3.4998181085430805e-08,4.592929532897348e-08,0.0003647593469456052,0.0003647593469456052,0.0007295186938912104,0.0006399163412244291,0.0,True,True,True
0.0,dtr,0.5,91,0.8620499053452355,-0.004634493845295037,2.147853320207758e-05,6.026020753085896e-09,7.29254989860071e-09,8.704921627743006e-06,8.704921627743006e-06,1.7409843255486013e-05,0.0002682306536267695,0.0,True,True,True
0.0,dtr,0.5,92,0.8621611467961067,-0.002330069377690662,5.429223304851749e-06,1.4704304629296101e-09,1.7790771013786197e-09,2.200381326024576e-06,2.200381326024576e-06,4.400762652049152e-06,0.0001325031012041349,0.0,True,True,True
0.0,dtr,0.5,93,1.2274358287084453,0.011087396604250632,0.00012293036345994843,8.063598240914286e-08,9.75998930993897e-08,4.982179972537906e-05,4.982179972537906e-05,9.964359945075812e-05,0.0009811525962338153,0.0,True,True,True
0.0,dtr,0.5,94,1.0571840183806422,-0.010905840737175154,0.0001189373621846291,3.2390320920358666e-09,3.974475340298254e-09,4.8203497263376186e-05,4.8203497263376186e-05,9.640699452675237e-05,0.0001962865562285849,0.0,True,True,True
0.0,dtr,0.5,95,0.8999262754996398,0.002720035138833501,7.398591156488984e-06,9.488663706347096e-10,1.1481974055707041e-09,2.9985360530447864e-06,2.9985360530447864e-06,5.997072106089573e-06,0.00010643861810952484,0.0,True,True,True
0.0,dtr,0.5,96,0.9776298662200736,-0.008829757703022518,7.796462109408548e-05,1.002621879875042e-09,1.2392532914523908e-09,3.159787076591647e-05,3.159787076591647e-05,6.319574153183293e-05,0.00010912663261374309,0.0,True,True,True
0.0,dtr,0.5,97,1.1838371545365696,-0.01932359460322582,0.000373401308389818,1.2101077096525178e-07,1.4687193291893232e-07,0.0001513338501586158,0.0001513338501586158,0.0003026677003172316,0.0012014391449389917,0.0,True,True,True
0.0,dtr,0.5,98,0.6466267609245362,0.005342268282197026,2.8539830398968364e-05,5.179830398236387e-08,6.267054368998797e-08,1.1566757587900195e-05,1.1566757587900195e-05,2.313351517580039e-05,0.0007864339892633709,0.0,True,True,True
0.0,dtr,0.5,99,1.0571511534823204,0.004278605261180496,1.830646298100142e-05,8.694407179024202e-10,1.0531532765892076e-09,7.419329990158813e-06,7.419329990158813e-06,1.4838659980317625e-05,0.00010187201724996688,0.0,True,True,True
0.0,standard,0.0,0,1.142618019548239,-0.29811722160147136,0.08887387781538078,3.905053279045634e-05,8.592776305946847e-05,0.03601922598055554,0.03601922598055554,0.07203845196111108,0.023548532074502252,0.0,True,True,True
0.0,standard,0.0,1,0.8310537288810685,-0.5524593063862284,0.3052112852127526,0.002835641715740277,0.004043882911676616,0.12369747471502097,0.12369747471502097,0.24739494943004195,0.18070038001359792,0.0,True,True,True
0.0,standard,0.0,2,0.9025054927727608,0.7280309052729834,0.5300289990325998,0.0019081979651782678,0.0027639259899264828,0.21481266218698603,0.21481266218698603,0.42962532437397205,0.14341977203548964,0.0,True,True,True
0.0,standard,0.0,3,1.0323832998103566,0.3403909866934741,0.11586602382215687,0.00017516810025971013,0.00024528320094748245,0.04695873071036896,0.04695873071036896,0.09391746142073792,0.04419290835590925,0.0,True,True,True
0.0,standard,0.0,4,1.1425961354896919,0.2080089257664173,0.043267713198498904,5.82009559075665e-05,7.52133980285864e-05,0.017535743659076435,0.017535743659076435,0.03507148731815287,0.025990474449143357,0.0,True,True,True
0.0,standard,0.0,5,1.0330987486873469,-1.3919441228778502,1.9375084412141876,0.06774618538621117,0.09989339137913904,0.7852425943233694,0.7852425943233694,1.5704851886467388,0.8578494782471,0.0,True,True,True
0.0,standard,0.0,6,0.8867597116190545,-1.0757538715251131,1.1572463921012697,0.031166367602075386,0.04523315221803951,0.4690142968541023,0.4690142968541023,0.9380285937082046,0.5897438991190032,0.0,True,True,True
0.0,standard,0.0,7,0.9071688478276306,0.20585695517663982,0.042377085994597094,7.797127889984474e-06,1.5957687576889877e-05,0.01717478604914285,0.01717478604914285,0.0343495720982857,0.01036610363597453,0.0,True,True,True
0.0,standard,0.0,8,1.0731131429257377,0.3654205542644463,0.13353218147893514,0.00026728586559044847,0.00036302604776345743,0.054118554727156654,0.054118554727156654,0.10823710945431331,0.054845337377126074,0.0,True,True,True
0.0,standard,0.0,9,1.0171926232177844,-0.959930375895089,0.9214663265660868,0.01570111961756552,0.024263807860560493,0.3734562355769316,0.3734562355769316,0.7469124711538632,0.4181384395995577,0.0,True,True,True
0.0,standard,0.0,10,1.0971007618455486,0.4905471967369502,0.24063655222648012,0.0007843296785163886,0.001047414559693964,0.09752632119679276,0.09752632119679276,0.19505264239358552,0.09370034513125047,0.0,True,True,True
0.0,standard,0.0,11,1.0440398407447333,1.3043025015629652,1.7012050155834089,0.01704525406758783,0.021442287803081737,0.6894724231887706,0.6894724231887706,1.3789448463775411,0.4253058530347438,0.0,True,True,True
0.0,standard,0.0,12,0.6448479261123585,-0.8605620594105211,0.7405670580968773,0.02057052981146652,0.02804638090651327,0.30014052357159804,0.30014052357159804,0.6002810471431961,0.4848577313979592,0.0,True,True,True
0.0,standard,0.0,13,1.1311805077530082,0.6621302469214337,0.4384164638882388,0.002268202991060499,0.0029594316916362433,0.1776835001977784,0.1776835001977784,0.3553670003955568,0.15880856375870245,0.0,True,True,True
0.0,standard,0.0,14,1.3341492762596552,0.7270867138099837,0.5286550893990011,0.004152568720335034,0.005173436213678227,0.21425583758581074,0.21425583758581074,0.4285116751716215,0.21695193458604192,0.0,True,True,True
0.0,standard,0.0,15,1.2506473634055721,1.7402740090246498,3.028553626486727,0.044510651042378065,0.05296674672764368,1.2274265526397188,1.2274265526397188,2.4548531052794376,0.6926569229153736,0.0,True,True,True
0.0,standard,0.0,16,1.315441574424718,0.5336669122450803,0.2848003732251983,0.0016510048208635397,0.0020738707353676637,0.11542524366782662,0.11542524366782662,0.23085048733565325,0.13758758857696163,0.0,True,True,True
0.0,standard,0.0,17,1.1338688911815007,1.0604952018938296,1.1246500732398343,0.009966023958247288,0.01258080468076979,0.45580350641640754,0.45580350641640754,0.9116070128328151,0.3291576921786032,0.0,True,True,True
0.0,standard,0.0,18,1.0172702369945037,-0.05682771798864053,0.0032293895317964585,7.650732050460975e-08,1.3805810603273697e-07,0.0013088222792151686,0.0013088222792151686,0.0026176445584303373,0.0009567821189842831,0.0,True,True,True
0.0,standard,0.0,19,0.7957583379711731,0.2476269231285639,0.0613190930581197,4.40329919621778e-06,2.0231475780020233e-05,0.024851692354093385,0.024851692354093385,0.04970338470818677,0.012199046482676725,0.0,True,True,True
0.0,standard,0.0,20,1.2794876275910463,-0.35902304555790227,0.12889754724167157,2.797478565692255e-05,0.0001092889822438047,0.05224020822048126,0.05224020822048126,0.10448041644096252,0.027516529156610067,0.0,True,True,True
0.0,standard,0.0,21,0.9270929238492381,-0.6186102118654665,0.38267859422423733,0.0033086424704476167,0.004954562734272183,0.1550937924855424,0.1550937924855424,0.3101875849710848,0.1940615455213797,0.0,True,True,True
0.0,standard,0.0,22,0.6087338035794907,0.18742904615086473,0.03512964734102298,2.221827059289159e-05,3.3208095500020175e-05,0.014237509798121413,0.014237509798121413,0.028475019596242827,0.01588687722133561,0.0,True,True,True
0.0,standard,0.0,23,0.7175726528835262,0.5904845952200523,0.34867205719218897,0.0004024091661569332,0.0008261764118299512,0.1413114621508859,0.1413114621508859,0.2826229243017718,0.07624283663087829,0.0,True,True,True
0.0,standard,0.0,24,0.9692222400125405,0.7061807655760208,0.49869127366953486,0.0020034435056005256,0.002790115059897606,0.2021119604812091,0.2021119604812091,0.4042239209624182,0.14674758942730556,0.0,True,True,True
0.0,standard,0.0,25,1.2868818129453796,-0.4913948867032586,0.24146893467810834,0.0002160846271047467,0.000557879855625173,0.09786367309776112,0.09786367309776112,0.19572734619552223,0.06002677250397401,0.0,True,True,True
0.0,standard,0.0,26,1.185312764623553,0.12158459784788667,0.014782814433832328,1.5552962356841687e-05,1.9416368217405794e-05,0.0059912490240037084,0.0059912490240037084,0.011982498048007417,0.013543759862786242,0.0,True,True,True
0.0,standard,0.0,27,1.1484391640778222,-0.17794204668520627,0.03166337197852013,1.2909203146220587e-06,5.8856234467359486e-06,0.012832681307885162,0.012832681307885162,0.025665362615770324,0.0064937212232481145,0.0,True,True,True
0.0,standard,0.0,28,0.7555731653145757,0.5757531742302724,0.3314917176362344,0.00042628753496426323,0.0008115037301518488,0.13434853279413955,0.13434853279413955,0.2686970655882791,0.0753319380053329,0.0,True,True,True
0.0,standard,0.0,29,0.858704080128178,0.7138646071042113,0.5096026772760499,0.0015765107498811163,0.002377067162113892,0.20653418579565458,0.20653418579565458,0.41306837159130916,0.13154569908905478,0.0,True,True,True
0.0,standard,0.0,30,1.1524507412725427,1.2039475097918426,1.449489606333979,0.014842916048961931,0.018457931027071228,0.5874560103640999,0.5874560103640999,1.1749120207281998,0.4009337991218014,0.0,True,True,True
0.0,standard,0.0,31,0.9295062624976654,0.9006017515437128,0.8110835148836034,0.00438164040264859,0.006025565013342422,0.3287197670431774,0.3287197670431774,0.6574395340863548,0.21578955929487603,0.0,True,True,True
0.0,standard,0.0,32,1.0154622403111528,-0.05685157345905189,0.003232101404769973,8.299820132028539e-08,1.4607912872351223e-07,0.0013099213599334256,0.0013099213599334256,0.0026198427198668513,0.000987209299205703,0.0,True,True,True
0.0,standard,0.0,33,1.5237325589589217,-0.784575826909789,0.6155592281711791,0.0011112605465060997,0.003321190487591762,0.24947675840107092,0.24947675840107092,0.49895351680214184,0.14669979179894474,0.0,True,True,True
0.0,standard,0.0,34,0.9846672437008482,-0.3721360542948872,0.13848524290616726,0.000345475929388467,0.0005301887182387021,0.05612595491299811,0.05612595491299811,0.11225190982599623,0.0625876260216189,0.0,True,True,True
0.0,standard,0.0,35,1.1236659811704077,-0.8515827899713254,0.7251932481753466,0.0073527789474285956,0.012224649609012669,0.293909753098231,0.293909753098231,0.587819506196462,0.28784265358563116,0.0,True,True,True
0.0,standard,0.0,36,0.8427508115800325,0.5224359594060815,0.2729393316805528,0.00040615770658213247,0.0006808209075445236,0.11061814459368895,0.11061814459368895,0.2212362891873779,0.06900037346306216,0.0,True,True,True
0.0,standard,0.0,37,1.0984538363291678,0.5378582634076892,0.28929151151593513,0.0010698477232771318,0.001424118027124485,0.11724543345790214,0.11724543345790214,0.23449086691580429,0.10924964398556103,0.0,True,True,True
0.0,standard,0.0,38,0.4819833365080367,-0.27448870458155966,0.07534404894286273,0.0008215701777159399,0.0010325187016980756,0.03053579287718832,0.03053579287718832,0.06107158575437664,0.09864603718710753,0.0,True,True,True
0.0,standard,0.0,39,1.099050477694193,-0.07428814707282674,0.0055187287955139365,6.823269665198901e-08,2.0600011279196035e-07,0.0022366565350501006,0.0022366565350501006,0.004473313070100201,0.001194968420694161,0.0,True,True,True
0.0,standard,0.0,40,0.799303734223709,0.9568496520362483,0.9155612566018894,0.004271274570950862,0.006275137416057575,0.3710630008638783,0.3710630008638783,0.7421260017277566,0.21579847262254856,0.0,True,True,True
0.0,standard,0.0,41,0.9772214433884007,0.04884881594542102,0.0023862068192696193,2.5391390091654203e-08,5.3763052204450976e-08,0.0009670931973752632,0.0009670931973752632,0.0019341863947505264,0.0005973785554898019,0.0,True,True,True
0.0,standard,0.0,42,0.8600679951669391,-0.07346815230609388,0.005397569403271408,3.531091980141249e-06,4.422781589840831e-06,0.002187552482924504,0.002187552482924504,0.004375104965849008,0.006469678585111732,0.0,True,True,True
0.0,standard,0.0,43,0.824734366792094,0.04300242276603732,0.001849208363749005,4.4826241404409165e-07,5.58738563406363e-07,0.0007494559208654395,0.0007494559208654395,0.001498911841730879,0.0023058224065687317,0.0,True,True,True
0.0,standard,0.0,44,1.2858221886987908,1.8631630572446802,3.4713765778813435,0.054115085140737214,0.06391798608681032,1.4068959349569026,1.4068959349569026,2.813791869913805,0.7642901492965621,0.0,True,True,True
0.0,standard,0.0,45,0.912893229114467,0.6731618653433309,0.45314689695251276,0.0014575963959248877,0.0021231241651631203,0.18365351985232423,0.18365351985232423,0.36730703970464845,0.12549039539607812,0.0,True,True,True
0.0,standard,0.0,46,1.3147481925880096,0.7709078887318277,0.594298972908964,0.004794772380576074,0.005978542998142728,0.24086030149024748,0.24086030149024748,0.48172060298049496,0.23260759021436592,0.0,True,True,True
0.0,standard,0.0,47,1.077972901736287,-0.47186869601208736,0.2226600662761477,0.0006025304649913711,0.0010185237527597292,0.09024072585992267,0.09024072585992267,0.18048145171984534,0.08281280053720051,0.0,True,True,True
0.0,standard,0.0,48,0.7603275968699362,-0.2061743307109746,0.042507854644118326,0.00013403078363071461,0.00017317309045658996,0.017227784586554055,0.017227784586554055,0.03445556917310811,0.0397520969934056,0.0,True,True,True
0.0,standard,0.0,49,1.096358942790324,0.9958236466694385,0.9916647352660186,0.007854694258321507,0.010056945356707502,0.4019065790140742,0.4019065790140742,0.8038131580281483,0.29185169424278773,0.0,True,True,True
0.0,standard,0.0,50,0.8943846619176514,0.9673295693672442,0.9357264957722182,0.00530000799044632,0.007328353296330653,0.3792356644685525,0.3792356644685525,0.758471328937105,0.23712315992222177,0.0,True,True,True
0.0,standard,0.0,51,0.8879643223715797,0.661444326102217,0.43750859653281604,0.0012698609602698606,0.0018950861819139418,0.1773155554176117,0.1773155554176117,0.3546311108352234,0.1176725135488837,0.0,True,True,True
0.0,standard,0.0,52,1.406746585531687,-0.7412009664037132,0.5493788725977985,0.0013507684450341012,0.0032964723109090727,0.22265487055880817,0.22265487055880817,0.44530974111761634,0.14459193122905953,0.0,True,True,True
0.0,standard,0.0,53,1.0173525498890676,0.026264249677383705,0.00068981081111595,1.702274990158993e-08,2.2479874147753512e-08,0.0002795697914861966,0.0002795697914861966,0.0005591395829723932,0.0004453379940641672,0.0,True,True,True
0.0,standard,0.0,54,0.8537553911790571,0.6755644803772732,0.4563873671474152,0.0012474821375293376,0.0019151764800307855,0.18496683295514513,0.18496683295514513,0.36993366591029025,0.117571039993835,0.0,True,True,True
0.0,standard,0.0,55,1.0997292949666455,-0.6079011381591847,0.3695437937752321,0.0017354370168034218,0.0029370413993998635,0.14977045837194594,0.14977045837194594,0.2995409167438919,0.14048290295126986,0.0,True,True,True
0.0,standard,0.0,56,1.3197818289199523,0.43302909598835565,0.18751419797249252,0.0009109074284347381,0.0011433869181991946,0.07599664195326639,0.07599664195326639,0.15199328390653277,0.10260717211448342,0.0,True,True,True
0.0,standard,0.0,57,0.7153010412416065,-0.42064315835139193,0.1769406666678342,0.0015316551931636798,0.00206111979917416,0.0717113511249972,0.0717113511249972,0.1434227022499944,0.13373521110051262,0.0,True,True,True
0.0,standard,0.0,58,0.9381824516131421,-0.03568858118230542,0.0012736748268060043,1.6558142636990142e-07,2.078484676330892e-07,0.0005162009641097357,0.0005162009641097357,0.0010324019282194714,0.0014000898034277672,0.0,True,True,True
0.0,standard,0.0,59,1.214526457929088,-0.7675480093968311,0.589129946729038,0.003466235729821168,0.006321885678605965,0.2387653740869341,0.2387653740869341,0.4775307481738682,0.2023445478601429,0.0,True,True,True
0.0,standard,0.0,60,1.2131826761719358,1.5226320693010034,2.3184084184638554,0.030369176570717516,0.03666952893537522,0.9396155405004727,0.9396155405004727,1.8792310810009454,0.5724865647679218,0.0,True,True,True
0.0,standard,0.0,61,1.4130644169951379,-0.09168961053348366,0.00840698467978192,9.606586337143142e-06,1.1811752274660248e-05,0.003407222554474016,0.003407222554474016,0.006814445108948032,0.010675664509234455,0.0,True,True,True
0.0,standard,0.0,62,0.9233424193195048,-1.1463470935816051,1.3141116589629933,0.0374906716541083,0.05476828579810455,0.5325893948973065,0.5325893948973065,1.065178789794613,0.6447899052584003,0.0,True,True,True
0.0,standard,0.0,63,1.4624480005605192,-0.26752144796541827,0.07156772512151399,3.4518512475283723e-05,5.8430871143608335e-05,0.02900530647960508,0.02900530647960508,0.05801061295921016,0.020017075201065333,0.0,True,True,True
0.0,standard,0.0,64,0.6467985355336517,0.5079056772070739,0.25796817693917634,0.00011193625583748624,0.0003651936399382937,0.10455056411813346,0.10455056411813346,0.20910112823626692,0.05160259952064555,0.0,True,True,True
0.0,standard,0.0,65,0.8251258990697105,1.4399875729570777,2.073564210270815,0.018730624250028,0.02460818789122178,0.8403839205721135,0.8403839205721135,1.680767841144227,0.4415457815911116,0.0,True,True,True
0.0,standard,0.0,66,0.8619302063312395,-0.16238107015091036,0.02636761194335487,3.6012418194841996e-05,4.742738795495628e-05,0.01068639060769023,0.01068639060769023,0.02137278121538046,0.02055721297322557,0.0,True,True,True
0.0,standard,0.0,67,0.8158704117148619,-0.9844679936920359,0.9691772306040224,0.02509719909232024,0.03578597299087135,0.39279273665601,0.39279273665601,0.78558547331202,0.5316463783020248,0.0,True,True,True
0.0,standard,0.0,68,1.078791755911007,0.5002411813688822,0.2502412395373349,0.0007958717634832425,0.0010713695109457154,0.10141895434419419,0.10141895434419419,0.20283790868838839,0.09417951501234934,0.0,True,True,True
0.0,standard,0.0,69,0.8999222964708788,-0.2388686418271252,0.05705822804833542,0.00010268444889962198,0.00014277806069259614,0.023124828809567125,0.023124828809567125,0.04624965761913425,0.034513102620875716,0.0,True,True,True
0.0,standard,0.0,70,0.9596143328252418,-0.8554090503533305,0.7317246434263867,0.01110612400354683,0.016839397362460956,0.2965568278889162,0.2965568278889162,0.5931136557778324,0.35330625058486087,0.0,True,True,True
0.0,standard,0.0,71,0.8962410848794928,-0.960124349589982,0.9218387666755861,0.019854836382419305,0.029149965502179725,0.3736071798678529,0.3736071798678529,0.7472143597357058,0.4721829879071495,0.0,True,True,True
0.0,standard,0.0,72,1.190632100168422,0.8901197990494559,0.7923132566598438,0.006268089911351504,0.007927500151507392,0.321112467921163,0.321112467921163,0.642224935842326,0.2632209225251414,0.0,True,True,True
0.0,standard,0.0,73,1.1837872383886738,-0.22211917921596197,0.049336929775572635,3.254067822939156e-06,1.4534454658195341e-05,0.019995504488559673,0.019995504488559673,0.039991008977119345,0.010177052703490655,0.0,True,True,True
0.0,standard,0.0,74,0.9310812390832081,-0.45005244281878587,0.20254720128715653,0.0009354360630923675,0.001387993460055301,0.08208928871143016,0.08208928871143016,0.16417857742286032,0.1034429585719524,0.0,True,True,True
0.0,standard,0.0,75,0.9997567351387816,0.4242691718232984,0.18000433015962747,0.0003408564129840958,0.0004865784164089402,0.07295300717007847,0.07295300717007847,0.14590601434015693,0.06113543892264862,0.0,True,True,True
0.0,standard,0.0,76,0.6545819738629169,-0.7927859281763904,0.6285095279145008,0.015257623205561208,0.020846403237652744,0.25472531719513664,0.25472531719513664,0.5094506343902733,0.4183596541612187,0.0,True,True,True
0.0,standard,0.0,77,1.137710725329976,0.2206562262475756,0.04868917018182128,6.814727251271378e-05,8.845018414489459e-05,0.0197329774135414,0.0197329774135414,0.0394659548270828,0.028090997237879313,0.0,True,True,True
0.0,standard,0.0,78,1.1396085010572983,0.7988600154305261,0.6381773242536604,0.004179719742127541,0.0053850286240371865,0.2586435274683235,0.2586435274683235,0.517287054936647,0.21476872707615638,0.0,True,True,True
0.0,standard,0.0,79,0.7438121502263964,0.5177280010932506,0.26804228311601286,0.00023504315792322194,0.0004984212964006846,0.10863344556603613,0.10863344556603613,0.21726689113207226,0.059042204884524115,0.0,True,True,True
0.0,standard,0.0,80,1.081903291598686,-0.4840810163959514,0.23433443043493737,0.0006640762278284678,0.0011254775807986212,0.09497216743928368,0.09497216743928368,0.18994433487856735,0.08697761182915804,0.0,True,True,True
0.0,standard,0.0,81,1.0149084274832296,0.16510351328110578,0.027259170097764275,1.0867399879449416e-05,1.5613676597050716e-05,0.011047725517653189,0.011047725517653189,0.022095451035306378,0.011047748295742055,0.0,True,True,True
0.0,standard,0.0,82,1.0272961561770908,-1.7735142550628016,3.145352812910964,0.16842293922086343,0.23483488977215508,1.2747634799075818,1.2747634799075818,2.5495269598151635,1.336940881979381,0.0,True,True,True
0.0,standard,0.0,83,0.7211084784926882,-0.3160842452895916,0.09990925012029071,0.0005928484932661424,0.0007820820556743629,0.040491693916024925,0.040491693916024925,0.08098338783204985,0.08342056157389696,0.0,True,True,True
0.0,standard,0.0,84,0.8230253776330141,0.12062542250373333,0.014550492554204176,8.213128491208124e-07,1.9341560017452226e-06,0.00589709251268396,0.00589709251268396,0.01179418502536792,0.0035691141794635182,0.0,True,True,True
0.0,standard,0.0,85,1.0143826421647573,0.1495738295368203,0.022372330482309778,7.469368068471875e-06,1.0734808936926793e-05,0.009067164021220722,0.009067164021220722,0.018134328042441444,0.00916488023911471,0.0,True,True,True
0.0,standard,0.0,86,1.0642835146549485,-0.22194619160361043,0.04926011196734655,1.9853574999452143e-05,3.5944501555951156e-05,0.019964371403542562,0.019964371403542562,0.039928742807085124,0.015371209510983402,0.0,True,True,True
0.0,standard,0.0,87,1.0018547699939202,0.5805479989947737,0.3370359791368358,0.0010781759438579655,0.0015020311137612934,0.13659553734479385,0.13659553734479385,0.2731910746895877,0.1083151761360637,0.0,True,True,True
0.0,standard,0.0,88,1.174571325459512,-1.5534721911783662,2.4132758487645143,0.08693884738855769,0.1316820056737372,0.9780638618091518,0.9780638618091518,1.9561277236183037,0.9686790235206008,0.0,True,True,True
0.0,standard,0.0,89,0.7539585461203463,0.16965062058750285,0.02878133306572485,3.09588321527216e-06,7.503382389123301e-06,0.011664634932094384,0.011664634932094384,0.02332926986418877,0.007024611237939393,0.0,True,True,True
0.0,standard,0.0,90,0.9898112231405706,-1.4932769599579825,2.229876079141354,0.09333435666049628,0.133762117766769,0.903734734857349,0.903734734857349,1.807469469714698,1.0046178155761347,0.0,True,True,True
0.0,standard,0.0,91,0.8535046753629459,-0.2640135182609528,0.06970313782452647,0.00018765467503323812,0.000256002198329617,0.028249617711864114,0.028249617711864114,0.05649923542372823,0.04676899156470184,0.0,True,True,True
0.0,standard,0.0,92,0.8593637334599087,-0.11672936906169548,0.013625745601541511,1.3309380728859639e-05,1.7098899270875923e-05,0.005522306689430254,0.005522306689430254,0.011044613378860507,0.01252828556843841,0.0,True,True,True
0.0,standard,0.0,93,1.2161152727185587,0.6812410653443812,0.4640893891115475,0.0028825760412176287,0.003673562826344465,0.18808834488252585,0.18808834488252585,0.3761766897650517,0.17994854064042778,0.0,True,True,True
0.0,standard,0.0,94,1.0554298550204249,-0.5566129513087194,0.3098179775646028,0.0013872551651615158,0.0022679719623423834,0.12556449680208323,0.12556449680208323,0.25112899360416646,0.1250593782341641,0.0,True,True,True
0.0,standard,0.0,95,0.8994673588895604,0.16742921539929784,0.028032542169224472,2.150925203087681e-06,5.628906933791025e-06,0.011361161412358283,0.011361161412358283,0.022722322824716566,0.006219204728072919,0.0,True,True,True
0.0,standard,0.0,96,1.000764949789294,-0.44576085461120823,0.19870273950371473,0.0006733690545192421,0.001052540701879164,0.08053118703796593,0.08053118703796593,0.16106237407593185,0.08720304987283166,0.0,True,True,True
0.0,standard,0.0,97,1.2268359211707853,-1.340717338650718,1.7975229821586642,0.04383866168260215,0.07072601265608977,0.7285086247064828,0.7285086247064828,1.4570172494129656,0.6961408137277899,0.0,True,True,True
0.0,standard,0.0,98,0.6475364768890177,0.24978912937739198,0.062394609155115466,1.3086085479688377e-05,3.396117487523009e-05,0.02528758260998937,0.02528758260998937,0.05057516521997874,0.014952727991069259,0.0,True,True,True
0.0,standard,0.0,99,1.0459793218110538,0.24991546570321302,0.06245773999765384,6.23407783935135e-05,8.635167163084943e-05,0.025313168576750682,0.025313168576750682,0.050626337153501365,0.026531762440624888,0.0,True,True,True
0.5,dtr,0.5,0,1.0573723938210031,0.005928258967618892,3.5144254387153806e-05,0.0021508388441463916,0.002669074502041187,1.424342981093538e-05,0.003041508955105298,0.00531837857256553,0.0008417686637298957,0.15912767101934203,False,True,True
0.5,dtr,0.5,1,0.8622250451291416,-0.00188270600050939,3.5445818843540634e-06,0.0013863484724281172,0.0017268800245855876,1.4365649281597671e-06,0.001836754051530412,0.0034768663405341767,0.00041764012378957575,0.12885794039740764,False,True,True
0.5,dtr,0.5,2,0.9380592891028081,0.02028374770405537,0.0004114304209217715,0.001814393910103477,0.0022359740896142465,0.00016674646893703656,0.0034792172556444706,0.004604243026597816,0.0036860924274300204,0.143187927682717,False,True,True
0.5,dtr,0.5,3,0.9004199074757522,0.012592539173439946,0.0001585720428346196,0.0016254370974959239,0.002009245788265556,6.426682829034858e-05,0.002704755392655025,0.004016051848338245,0.0025193412149747355,0.13651969252240787,False,True,True
0.5,dtr,0.5,4,1.1837893260484549,0.004089430248502501,1.672343975736723e-05,0.002669018086307502,0.0033155731786354715,6.777754843151111e-06,0.0036053121818967193,0.006621232562495966,0.000438903875075176,0.17781073959184623,False,True,True
0.5,dtr,0.5,5,0.8620771641585349,0.003769178129893283,1.4206703774865825e-05,0.0014297089072779023,0.0017749995502886469,5.757760168501895e-06,0.001958402492684334,0.0035208773930366826,0.0008274590303430309,0.1295942134973492,False,True,True
0.5,dtr,0.5,6,0.9773074518307379,-0.010762187996221079,0.00011582469046600508,0.0017175890378764425,0.0021495445033518474,4.694197893209214e-05,0.0028792078046138963,0.0044944185992525166,0.0019203694405607928,0.144898990381886,False,True,True
0.5,dtr,0.5,7,0.9778519070143101,0.01928208953181098,0.0003717989767127746,0.001948729759544826,0.00240352054417195,0.00015068444959019317,0.003628559729208495,0.00492815727005469,0.0032069167092562043,0.14901210955868635,False,True,True
0.5,dtr,0.5,8,1.141398783333398,0.018691450851625095,0.0003493703349387165,0.0025865921023198344,0.0031954345775905557,0.000141594463462043,0.004590596049119977,0.006553740909701978,0.0021031596456873476,0.17342255154736477,False,True,True
0.5,dtr,0.5,9,0.9770628251851516,-0.00911547177646082,8.309182570745377e-05,0.0017292775653797684,0.002162141540205783,3.367584852672818e-05,0.002774767067294299,0.004477577657030082,0.0016214246247655759,0.14508332982583236,False,True,True
0.5,dtr,0.5,10,0.9770795849461482,0.014309032944842792,0.00020474842381659639,0.0019081303862561953,0.0023583187839483705,8.298141060000228e-05,0.0032338094150876533,0.004748406325082745,0.002412158684426171,0.1482291349326102,False,True,True
0.5,dtr,0.5,11,0.9382391121978847,0.02511705495549742,0.0006308664496374775,0.0018521691686613703,0.0022780727886413913,0.000255680541590034,0.0038737970625924794,0.004818675004212931,0.004514196389413663,0.14386342809403435,False,True,True
0.5,dtr,0.5,12,0.6812755472477562,-0.012040744323256497,0.00014497952385803355,0.0007862142861273665,0.0009888081292005735,5.8757987844794036e-05,0.0016064951481245884,0.0022331338005654308,0.003668018547034571,0.10039926252645652,False,True,True
0.5,dtr,0.5,13,1.183410713722179,0.011644576982030733,0.00013559617309043996,0.0027191199794392826,0.003368388160374646,5.495505901957875e-05,0.004234112519929893,0.006780903580689068,0.0012215435051518779,0.17876785836670997,False,True,True
0.5,dtr,0.5,14,1.4158914269214138,0.014649028267048985,0.0002145940291688002,0.003856928390544351,0.004778012369545988,8.697168415184479e-05,0.0061359638277603875,0.009731114222983448,0.0010862192562259558,0.2139829521521191,False,True,True
0.5,dtr,0.5,15,1.2727787856341732,0.03597343602283241,0.0012940880992888162,0.0032761993659503035,0.004030504791905039,0.000524474151829624,0.0073461508207102386,0.00899423572660871,0.0029353209599721707,0.1954145863230983,False,True,True
0.5,dtr,0.5,16,1.183285175374844,0.022483230559373305,0.0005054956563859376,0.0027917269142545146,0.0034455493857376575,0.00020486967292433463,0.005230559661866244,0.007177078719621374,0.0022790248257997256,0.18020348107602377,False,True,True
0.5,dtr,0.5,17,1.0575660370093052,0.019012982170928252,0.00036149349103203556,0.002247930238709937,0.0027748851567268094,0.00014650779356146666,0.004084919800951024,0.005689983998835637,0.0026046942803739813,0.16091248470374434,False,True,True
0.5,dtr,0.5,18,0.9382549284394537,0.0031176910406095697,9.719997424697182e-06,0.0016829057106286691,0.002090489641597314,3.939366576283175e-06,0.0022569995357219525,0.004157900952546299,0.0005878112482846907,0.14091373823939282,False,True,True
0.5,dtr,0.5,19,0.7169322900579119,0.009895553784615685,9.79219847042218e-05,0.0010441827029473488,0.0012904588114749185,3.968628557935458e-05,0.0017074733272745503,0.0025432130071337323,0.002761640334900512,0.10868214002266711,False,True,True
0.5,dtr,0.5,20,1.2278492867095774,-0.003449017115787004,1.1895719064991704e-05,0.0028177380698395766,0.0035105194501685653,4.821153343766733e-06,0.0037801257713538793,0.00704754491579434,0.00034698611093351853,0.18339675740503228,False,True,True
0.5,dtr,0.5,21,0.9771385423782225,-0.004094464713473053,1.676464128987597e-05,0.0017679485626338792,0.0022044066827443653,6.794453195317767e-06,0.0024723766592031978,0.004460979646928346,0.0007199821332178382,0.14576842842546778,False,True,True
0.5,dtr,0.5,22,0.5439538766713449,0.01689355103031639,0.00028539206641390403,0.0006768333067453487,0.0008302922045572131,0.00011566504788475775,0.001417670021995471,0.001688942690702541,0.005980364502010337,0.08371920157285064,False,True,True
0.5,dtr,0.5,23,0.7522765433110975,0.011970868477630417,0.00014330169210872558,0.0011588512764846223,0.001430934301910114,5.8077988249623716e-05,0.001973317292547337,0.0028380223358219236,0.0031453144023163107,0.11425311251005336,False,True,True
0.5,dtr,0.5,24,0.8993942276460569,0.022267709591971323,0.0004958508904723717,0.0016971523573626555,0.0020887873356140838,0.0002009607965310716,0.0034160767341164873,0.004347390092854343,0.004376658038633266,0.13766440112535136,False,True,True
0.5,dtr,0.5,25,1.2277303770706895,0.006192709012050081,3.8349644907926285e-05,0.0028817738917506818,0.003577408366837245,1.5542525657337775e-05,0.004041712743815537,0.007156452342091825,0.0006044248565376993,0.18467275899335456,False,True,True
0.5,dtr,0.5,26,1.0986869503983532,0.007644906996788484,5.844460298954552e-05,0.0023302743448346255,0.0028900748815449194,2.3686705409629062e-05,0.0033984306375090265,0.0057710415225516775,0.0009805379147217266,0.16554451476079735,False,True,True
0.5,dtr,0.5,27,1.3661541312133603,0.01884095178490436,0.00035498146416109073,0.003624900325473047,0.0044841832163701875,0.00014386856847956728,0.0061984344285224,0.009234127207122656,0.00143536062238751,0.2070977391181374,False,True,True
0.5,dtr,0.5,28,0.7522696751064862,0.01834388484216625,0.00033649811110265677,0.001208691991771502,0.0014873011736073667,0.0001363775476413283,0.002371437249482226,0.003031355107361196,0.004769331220065615,0.11510726856479739,False,True,True
0.5,dtr,0.5,29,0.8255470609267941,0.013676992480049149,0.00018706012329932096,0.001390814590858431,0.0017171113734261816,7.58126124198754e-05,0.0024118572305808377,0.003432929199387167,0.0031552227623964034,0.1254536666933778,False,True,True
0.5,dtr,0.5,30,1.09829918036793,0.02410176579092639,0.0005808951142406697,0.0024467221079466635,0.0030158578417148,0.00023542792218766265,0.004802179718678392,0.006328270947366258,0.0029499640534297275,0.16769476824421012,False,True,True
0.5,dtr,0.5,31,0.7888933272921466,0.024055432941626903,0.0005786638540091088,0.001360750010158452,0.0016707451232162286,0.00023452362647695938,0.0029492475291834166,0.0035321952917206716,0.005817441741488647,0.12135775986778133,False,True,True
0.5,dtr,0.5,32,0.9383551899505354,0.0031410118568498194,9.86595548487115e-06,0.001683439474737159,0.0020911280813338475,3.998521149959037e-06,0.0022589382623777795,0.004159068541264302,0.0005920514620523761,0.14093188089596284,False,True,True
0.5,dtr,0.5,33,1.6284788555869776,-0.0030554076688574577,9.335516022912964e-06,0.00498563809807513,0.006208160025650413,3.7835421334142056e-06,0.006504429422132403,0.01240596091507532,0.00024364638419308263,0.24344031118729817,False,True,True
0.5,dtr,0.5,34,0.8998860939196437,0.004663302261841816,2.1746387985298994e-05,0.001562108807688737,0.0019386669954146738,8.813479082464028e-06,0.0021791059751314133,0.0038465087826858083,0.0009491106013903682,0.13537574749716005,False,True,True
0.5,dtr,0.5,35,1.1838202843948913,-0.005114939453637832,2.6162605614380884e-05,0.0026052564818481363,0.00324823535813295,1.060330467206697e-05,0.003639849333440398,0.006547609069313673,0.0005646984746722532,0.1765802562092425,False,True,True
0.5,dtr,0.5,36,0.7527590230302722,0.0173552995931913,0.00030120642396942607,0.0012023293945992507,0.0014802451094351212,0.00012207436558903228,0.0023094914038884235,0.003000536689918275,0.004516035021379394,0.11504788747331825,False,True,True
0.5,dtr,0.5,37,1.057277709945527,0.008689310352629131,7.550411440430779e-05,0.0021708841937492134,0.002690789833722896,3.0600664965243796e-05,0.0032477411692815885,0.005372205667237143,0.0012250185561470627,0.15948399385715703,False,True,True
0.5,dtr,0.5,38,0.5108747585084893,-0.0037790870245409483,1.4281498739053758e-05,0.00046715488671258856,0.0005838203925967301,5.788073425709924e-06,0.000726903843793852,0.001221033437872633,0.0014324382333815362,0.07599186902783871,False,True,True
0.5,dtr,0.5,39,1.057326158951737,0.010281518410642914,0.00010570962082838919,0.002182830104534438,0.0027038080721334453,4.2842495618860474e-05,0.0033704340319899435,0.0054099229015037815,0.0014431376710153103,0.15970490442896476,False,True,True
0.5,dtr,0.5,40,0.7164483317102289,0.03548007026362364,0.0012588353859116705,0.001244224845880541,0.0015179945520396665,0.0005101867652457181,0.0034228443682756677,0.003623422702948488,0.009513251714764907,0.11204281541874223,False,True,True
0.5,dtr,0.5,41,1.0169248938209898,0.0058892680103988584,3.468347769830733e-05,0.001993149252181698,0.002473111158576024,1.4056684052900497e-05,0.00282657645962395,0.0049224796143720224,0.0009209882195285918,0.15306578335779528,False,True,True
0.5,dtr,0.5,42,0.8252963284473356,0.007188433696616544,5.1673579010652193e-05,0.0013393378028465199,0.001659326500488428,2.0942512753580566e-05,0.0020030873068464555,0.00328049234665441,0.0016787527987921535,0.1245454327678655,False,True,True
0.5,dtr,0.5,43,0.7522752316345527,0.007018107553353081,4.925383363043157e-05,0.0011204023661357232,0.00138756533366874,1.996182688943244e-05,0.0016897999316800828,0.0027334425908199906,0.0018590593095893586,0.1135883133149892,False,True,True
0.5,dtr,0.5,44,1.2276609958806388,0.02853118722841456,0.0008140286446628462,0.0030265916712407352,0.003729773084430956,0.0003299133831840303,0.006166617457045414,0.007993342919789396,0.0025892707774780956,0.18765993315682564,False,True,True
0.5,dtr,0.5,45,0.976488537613182,0.015027062152478532,0.00022581259693445273,0.0019114361834760125,0.0023616676995867557,9.15183984109955e-05,0.0032854645907638056,0.004765350122398993,0.0025324574451731073,0.1482369819697346,False,True,True
0.5,dtr,0.5,46,1.2726495338013848,0.013226247359045236,0.0001749336192026511,0.00313639426530811,0.0038847673586684885,7.089792542580239e-05,0.004962824949122436,0.007863608288345739,0.0011636040942962838,0.19234282444274553,False,True,True
0.5,dtr,0.5,47,1.0165577192387718,0.011774457434928972,0.00013863784788695414,0.0020359895020142745,0.0025197667937731467,5.6187803382130274e-05,0.003258188281905257,0.005048519474092024,0.0018160865437701328,0.15380052602906555,False,True,True
0.5,dtr,0.5,48,0.8249245849816096,0.004340116279021672,1.8836609315428923e-05,0.0013160122924649367,0.0016330996811480137,7.634190206590179e-06,0.0018349122312054894,0.003233224917296485,0.0010194742822122608,0.12410755647504149,False,True,True
0.5,dtr,0.5,49,0.9776539176989198,0.023268785116281908,0.0005414363607877024,0.0019782332767157803,0.0024360513437677663,0.0002194358917680394,0.0039569007564184775,0.005093775127113936,0.0038354062385437793,0.14951743048477342,False,True,True
0.5,dtr,0.5,50,0.8245804246336031,0.020879775671086055,0.0004359650320748771,0.0014443624760798607,0.0017769657903011825,0.0001766899723059852,0.0029049269776880195,0.0036727152348256325,0.004762223940238793,0.1262754509979025,False,True,True
0.5,dtr,0.5,51,0.9378195528530133,0.014428034036187328,0.00020816816614938,0.0017684914997597655,0.0021849153788609365,8.436737996364005e-05,0.003030115903033336,0.004395286014720149,0.00265715680744742,0.14236626078299083,False,True,True
0.5,dtr,0.5,52,1.319271493594348,0.00031028415178061317,9.62762548462146e-08,0.003281697854438116,0.004082724264197687,3.9019296390679285e-08,0.004107192383043316,0.008164690179415695,2.646731133831076e-05,0.19759087903341108,False,True,True
0.5,dtr,0.5,53,1.0575301025300776,0.010308142744415839,0.0001062578068392529,0.0021838322811252838,0.0027050225965529356,4.3064667040768005e-05,0.003373647819042489,0.005412618920315919,0.0014460669143042883,0.1597390158520008,False,True,True
0.5,dtr,0.5,54,0.8618902616293053,0.013244284750880096,0.00017541107856239505,0.0015029279313445072,0.001856593343520484,7.109143241568388e-05,0.002558262650869575,0.0037119430185116368,0.0028564352390342924,0.13083767535588373,False,True,True
0.5,dtr,0.5,55,0.9772106352164216,-0.0034376924799189887,1.1817729586491567e-05,0.0017732348090171302,0.002210227244971226,4.789545398673602e-06,0.002434433086584279,0.004462416382264216,0.0006034956441790193,0.14586735486855087,False,True,True
0.5,dtr,0.5,56,1.227595238704133,0.023196798840770274,0.0005380914764591612,0.0029922346212109294,0.0036934501126086538,0.00021808026121078138,0.005616717325186064,0.00771861053501055,0.0021430215159260234,0.18693427386084352,False,True,True
0.5,dtr,0.5,57,0.788688103194743,0.02261599377239777,0.0005114831743131347,0.0013487628178461524,0.001657120755747773,0.00020729632253818796,0.0028439893544759324,0.0034673807536746214,0.005485132459421811,0.12113387341620328,False,True,True
0.5,dtr,0.5,58,0.8999936290253285,0.014521598833437928,0.0002108768326793058,0.0016389785563449524,0.0020241371372649772,8.54651611592579e-05,0.0028386363716441116,0.004068051607420648,0.002896386201109476,0.1367147184130411,False,True,True
0.5,dtr,0.5,59,1.098768587170148,-0.0019001987060349873,3.61075512241704e-06,0.0022611592827234883,0.0028157380576529526,1.463383931383715e-06,0.0029508094778833813,0.005648598850899522,0.0002503286540591041,0.1642758972249162,False,True,True
0.5,dtr,0.5,60,1.1410439513762554,0.025252913389679114,0.0006377096346666347,0.0026304667895060752,0.003242393357158413,0.00025845398001818484,0.005203866988481733,0.00684099530617807,0.002786491020829083,0.17424989038632882,False,True,True
0.5,dtr,0.5,61,1.3674486066284037,0.016916768583057518,0.00028617705929272186,0.0036206624829161985,0.004481463108096721,0.00011598319351528823,0.006006981469913986,0.009175109425223245,0.001294494019899123,0.20703337241108713,False,True,True
0.5,dtr,0.5,62,0.825059793275427,-0.017498435904817977,0.00030619525911502294,0.0011486406243491308,0.0014472603386754006,0.00012409626431682572,0.0025262056493759355,0.0033334342474610913,0.00427177306660293,0.12119732358445139,False,True,True
0.5,dtr,0.5,63,1.466373800404717,0.0016224749293660304,2.6324248964213054e-06,0.004060298702382461,0.00504948571792835,1.06688162541986e-06,0.005196055760959999,0.010103058797535586,0.00012164663686790351,0.21979422965670128,False,True,True
0.5,dtr,0.5,64,0.6813839335160706,0.011664452475582619,0.0001360594515551255,0.0009631328093621976,0.0011884846320542914,5.514281870917052e-05,0.0016635390427120187,0.002347598304074964,0.0034294412687980867,0.1035964534974941,False,True,True
0.5,dtr,0.5,65,0.7523553769680212,0.03038954972587337,0.0009235247325413302,0.0013042346089485377,0.0015958087652478523,0.000374290476096244,0.003226932427623123,0.0035783079981470327,0.007742526579249665,0.1167364894753428,False,True,True
0.5,dtr,0.5,66,0.8999551311644828,0.0028306425600814326,8.012537302944367e-06,0.0015481411669768914,0.0019232199023635802,3.247359054050832e-06,0.002066802708949425,0.003823540449037186,0.0005781612966056948,0.13514016364504003,False,True,True
0.5,dtr,0.5,67,0.7886722252192917,-0.017871814004846952,0.00031940173582384367,0.001036194853521541,0.0013071104404443552,0.0001294486477243565,0.0023737048070493556,0.0030714101803061694,0.004645142352594547,0.11569850398102823,False,True,True
0.5,dtr,0.5,68,1.0568396843207475,0.01051315084282937,0.00011052634064408388,0.0021826176989393465,0.0027032803787789823,4.479463863085922e-05,0.003385698520164979,0.005410822734151517,0.0014764441482787289,0.15966314152621033,False,True,True
0.5,dtr,0.5,69,0.8622350119478316,0.003348958037603266,1.1215519937627519e-05,0.0014269565885327035,0.0017720039066797051,4.545479020978634e-06,0.0019343510984474912,0.0035170049786155152,0.0007355728703513551,0.12956146117026976,False,True,True
0.5,dtr,0.5,70,0.9000366784421235,-0.009842443951997393,9.687370294821006e-05,0.001450493545729615,0.0018154559157803553,3.9261432986115484e-05,0.0024379100480295696,0.003811168529769916,0.0020613645111007693,0.13345179414559025,False,True,True
0.5,dtr,0.5,71,0.8254103835874863,0.005393494592047279,2.9089783914443242e-05,0.0013257161839087862,0.0016441349116215656,1.1789645352444908e-05,0.0018976871662611347,0.0032518725374237976,0.001263399183317686,0.1243216516120109,False,True,True
0.5,dtr,0.5,72,1.1836036695642065,0.013534716722209073,0.0001831885567504459,0.0027328227080335716,0.003383096633976219,7.424352559874701e-05,0.00440146140888784,0.006838615422255263,0.0014107984616171104,0.1790503865184405,False,True,True
0.5,dtr,0.5,73,1.0573857824063921,0.0028998553971911136,8.40916132461843e-06,0.002128442481580871,0.0026447869202610016,3.408104715398833e-06,0.0028229016608198993,0.005272724869000897,0.0004150728575086572,0.15872329938373242,False,True,True
0.5,dtr,0.5,74,0.9772951281297475,0.0018367006187349035,3.3734691628611773e-06,0.00181384292139876,0.002254742680362344,1.367215554248083e-06,0.002356584840547139,0.004494937365078861,0.00031852470102973046,0.1465877690070453,False,True,True
0.5,dtr,0.5,75,0.8628970313698284,0.014995113777417426,0.0002248534371976939,0.0015198715259056009,0.0018759400062357116,9.112966561167365e-05,0.0026833767164102544,0.0037718028187192637,0.003216900882791162,0.13122337107013937,False,True,True
0.5,dtr,0.5,76,0.7166731446878707,-0.002568921115211729,6.599355696180674e-06,0.0009484914071965374,0.0011824476111058396,2.674618121655319e-06,0.0013114089974374228,0.002400078331283029,0.0007313186822102806,0.10697074805792002,False,True,True
0.5,dtr,0.5,77,1.0983948213238213,0.012326630787893755,0.00015194582658105023,0.002362886585816141,0.0029250934243537615,6.158132399482159e-05,0.0037713144351971912,0.005882756019850779,0.0015610295648313015,0.16612900377382253,False,True,True
0.5,dtr,0.5,78,0.9780562366778162,0.02488256192287178,0.0006191418878455485,0.001991906722451505,0.0024513811158439554,0.00025092875567625007,0.004096941639177366,0.005172692552823904,0.004081756446588943,0.14979422423107278,False,True,True
0.5,dtr,0.5,79,0.612912869279099,0.01647229630481125,0.0002713365455534984,0.0008294160274162083,0.0010192592848156904,0.00010996855984361423,0.0016566503184881605,0.00205837512908693,0.005313965463486518,0.09398867357729568,False,True,True
0.5,dtr,0.5,80,0.9382186460571525,0.001291817323177768,1.6687919964621738e-06,0.0016687131825181886,0.002074827495824865,6.763359213376297e-07,0.0021427339949103546,0.004138180882402627,0.0002445313047427163,0.14066329430423152,False,True,True
0.5,dtr,0.5,81,1.0572946570241808,0.00479506596220793,2.2992657581925062e-05,0.0021421361742636107,0.0026595808544285504,9.318573125134476e-06,0.0029582814455247864,0.005298721761465796,0.0006830468428352452,0.15896396932927281,False,True,True
0.5,dtr,0.5,82,0.9772636293644799,-0.011459521223574467,0.00013132062667355364,0.0017120938677971124,0.002143533929579023,5.3222245324872036e-05,0.0029232544783654862,0.004501542191669643,0.002048196216440988,0.1447988543645036,False,True,True
0.5,dtr,0.5,83,0.7884564904089284,8.288182381028887e-05,6.869396718119768e-09,0.0011721105111097505,0.0014582846338111737,2.784061625554741e-09,0.001461783889411178,0.002915635431932075,2.0907662546795786e-05,0.11807551048785343,False,True,True
0.5,dtr,0.5,84,0.7164820075669959,0.010262983685843434,0.00010532883413588847,0.0010457907917102661,0.001292145111158971,4.268816858526276e-05,0.001726056847691344,0.0025481623869962533,0.002864557826217019,0.1086640190103073,False,True,True
0.5,dtr,0.5,85,1.140496512657554,0.011226807749649969,0.0001260412122476006,0.002530611979248257,0.003134719344439118,5.1082579250568054e-05,0.003932973262093676,0.00629814750959159,0.0012949910061827853,0.17228577639956955,False,True,True
0.5,dtr,0.5,86,1.1406002153784687,0.004847410003267072,2.3497383739773677e-05,0.002486029549541653,0.003087083980611114,9.523130932048363e-06,0.00341739405401386,0.006161162300282576,0.0005698352796657205,0.17144526415047237,False,True,True
0.5,dtr,0.5,87,0.9767431412366748,0.013317542960044263,0.0001773569504926245,0.0018993579206791212,0.0023484762177859203,7.188006460443287e-05,0.0031569058738741126,0.004715706346681717,0.002251990068253684,0.14804570906316727,False,True,True
0.5,dtr,0.5,88,1.0171378921057364,-0.010125691591601262,0.0001025296302082245,0.00187294000740999,0.0023424281010859904,4.155369396443399e-05,0.0030483149430744383,0.004857735463972744,0.0016459980421511893,0.15094865707111074,False,True,True
0.5,dtr,0.5,89,0.7884914726904199,0.005139708793585243,2.6416606482857478e-05,0.00121131479177722,0.0015022191437792892,1.070624734662789e-05,0.0017310273190200528,0.00296729967245245,0.0012853060201333416,0.11875931600856451,False,True,True
0.5,dtr,0.5,90,1.056898787711608,-0.018122014484383654,0.00032840740897221093,0.00196935821836615,0.002472890248918437,0.00013309850957591082,0.0038255562664802705,0.00536217020705085,0.002742506098420802,0.15582948634160965,False,True,True
0.5,dtr,0.5,91,0.7884720666036983,0.0003916893291717273,1.5342053058699772e-07,0.001174537215621898,0.0014610056855283915,6.217899901644038e-08,0.001477598016438333,0.0029176948308406205,9.875245915860432e-05,0.11811928125284879,False,True,True
0.5,dtr,0.5,92,0.8250983912169814,0.0008822058126302035,7.782870958385177e-07,0.0012897175144070921,0.0016038120372845021,3.1542787905566483e-07,0.0016434545387083153,0.0031984758352995844,0.0002084521956900197,0.12366957114547074,False,True,True
0.5,dtr,0.5,93,1.1397513495289275,0.02810506071457465,0.0007898944377699274,0.0026446607992426027,0.0032568207784810206,0.0003201321575493918,0.005474604369131752,0.006975316534226052,0.003082785506634626,0.1744390596118768,False,True,True
0.5,dtr,0.5,94,1.0170661304014663,0.007557923589650373,5.7122208986993583e-05,0.00200624530849094,0.002487503779323334,2.31507593073087e-05,0.002947021121805269,0.004954839103389728,0.0011766421496752489,0.15331084641473947,False,True,True
0.5,dtr,0.5,95,0.9382367978175278,0.005891654757979496,3.471159578722243e-05,0.0017042106616814798,0.0021139908670099066,1.4068079885103047e-05,0.0024361578464277343,0.004197613849168355,0.0011042688781603158,0.14128325693460866,False,True,True
0.5,dtr,0.5,96,0.8997154648114075,0.005315255472418391,2.8251940737073657e-05,0.0015665849491683385,0.0019435529968240134,1.1450080302693937e-05,0.0022191348633066274,0.0038547608278066865,0.0010807527054107157,0.135437681817954,False,True,True
0.5,dtr,0.5,97,1.2729901657716538,-0.00760386691857421,5.781879211538725e-05,0.0030041692597848196,0.003748396190342929,2.3433073815605217e-05,0.0043710485204806904,0.007573537001012195,0.0007144690390243694,0.189598672543496,False,True,True
0.5,dtr,0.5,98,0.6814626052745354,0.03218081618966092,0.0010356049306327424,0.0011237402292319535,0.0013717726211907712,0.0004197148694302024,0.0029802146974313008,0.0031860036799785285,0.009168595307450808,0.10636129075474172,False,True,True
0.5,dtr,0.5,99,0.9373249757548902,0.018626684414554888,0.00034695337227942197,0.0017990771738455311,0.0022186271882730446,0.0001406149053922068,0.003345167143056913,0.004533485615926123,0.003402783513649761,0.14285561217338286,False,True,True
0.5,standard,0.0,0,1.060281169283551,0.36064348026735077,0.13006371985934703,0.00394313665713269,0.004668158134403336,0.052712840180297905,0.0873515726564221,0.11413734568811462,0.00916926419558903,0.20716188231138155,True,True,True
0.5,standard,0.0,1,0.8624811232686318,-0.09748541503597732,0.009503406144736755,0.0006959907647195618,0.000989587406909223,0.003851585436874376,0.009886994274695434,0.01060322724482707,0.025606568440680114,0.11606751669612332,True,True,True
0.5,standard,0.0,2,0.9521047177281523,1.1358099493549747,1.2900642410537502,0.002003506316150448,0.0025927201531669914,0.5228433435128806,0.6676940436778233,1.0637383264987073,0.13666606988629726,0.294981719330688,True,True,True
0.5,standard,0.0,3,0.933407399293885,0.6564935134157276,0.4309837331569261,0.0039285248709976925,0.00465648109344009,0.17467112789621284,0.24060052312461594,0.3599231584246217,0.017184110803085805,0.22786328275143672,True,True,True
0.5,standard,0.0,4,1.1867688119317372,0.2802370156080575,0.07853278491691068,0.0040022629492446156,0.004758741386506206,0.031828138890042074,0.06100623876194058,0.07309993422306658,0.00920931775070293,0.2153126782418858,True,True,True
0.5,standard,0.0,5,0.8556135391235125,0.18796310850879402,0.03533013016028868,0.002799925387853769,0.0033371093359840366,0.014318762424313224,0.02839816690292555,0.03343168285311152,0.02806374685662599,0.15334302115316473,True,True,True
0.5,standard,0.0,6,0.9891778056618321,-0.678116764177004,0.4598423458578904,0.0072895948697442306,0.013723431961705803,0.18636708308476288,0.20591814754326726,0.3743258790064783,0.32451854479795633,0.06836322076134958,True,True,True
0.5,standard,0.0,7,1.0281958773188835,0.9708165925677052,0.9424848564047699,0.002629891999943475,0.00322049494161017,0.38197472486364026,0.5021359216982781,0.780549245877857,0.10599321141066669,0.28423551255949037,True,True,True
0.5,standard,0.0,8,1.2190989913310868,1.2654536925558812,1.6013730480033148,0.0010407800017127274,0.0014000702077455794,0.6490120507065361,0.8425723827519487,1.3236258687791664,0.23578851999844827,0.3523584304295002,True,True,True
0.5,standard,0.0,9,0.9722155135096248,-0.4839773174011249,0.23423404375878917,0.001501045526363318,0.0038091448303933673,0.09493148225188668,0.1117109217118599,0.19180321211650297,0.18983765452678547,0.0806365634054262,True,True,True
0.5,standard,0.0,10,0.9819671445530226,1.003344047790079,1.0066992782357804,0.002568337910081682,0.0031758180488527885,0.4079998497709456,0.5307454125595762,0.8323503100769678,0.10495122396710124,0.2816779738624081,True,True,True
0.5,standard,0.0,11,0.9822473305022437,1.7287365514000648,2.988530064146589,5.090943754546238e-05,0.000436351649937356,1.2112056138001763,1.4920956050942746,2.4528572326698814,0.3376298796821834,0.37905914751942504,True,True,True
0.5,standard,0.0,12,0.6781615375344122,-0.6002824270261983,0.36033899219646304,0.01031145953267163,0.015629269936564435,0.146039892807331,0.1579652348807942,0.2927766153257971,0.3538700624737521,0.04770178083746721,True,True,True
0.5,standard,0.0,13,1.1746444821973576,0.6863729113231022,0.4711077733981511,0.0036372247324103846,0.0043083671002966915,0.1909327888952277,0.2727923347482772,0.39645824619381326,0.06193373876098927,0.267995870048227,True,True,True
0.5,standard,0.0,14,1.448613798952047,1.0752237209224365,1.1561060500342895,0.0017483468337730688,0.002161593097872352,0.46855213362216797,0.6392943674758297,0.9637225191986575,0.21661509999970716,0.361199598999681,True,True,True
0.5,standard,0.0,15,1.4008192148199958,2.3204412877382503,5.3844477698403495,0.002120188558432173,0.002801932100670463,2.1822344852022804,2.7011563103625327,4.421806502937612,0.6463457035035748,0.5211364648927402,True,True,True
0.5,standard,0.0,16,1.197211618191248,1.3046305631918929,1.7020609064143954,0.0009084684586701045,0.0012590106688744806,0.6898193026770274,0.8901942554773682,1.4055808986042546,0.24407548175484944,0.35433806917316646,True,True,True
0.5,standard,0.0,17,1.0972690111732597,1.1572632535421432,1.3392582379989468,0.0016404306008730469,0.0021093743483997763,0.5427809195072201,0.7032551704915443,1.1066378116314233,0.17557317671643327,0.31959757222673807,True,True,True
0.5,standard,0.0,18,0.9380239024740236,0.18437274539960682,0.03399330924618824,0.002980022759955511,0.003556597591805714,0.013776969314975268,0.02890833484145289,0.03312618161093584,0.022032412604077505,0.16520145959939567,True,True,True
0.5,standard,0.0,19,0.7353984798751229,0.5561429068635487,0.3092949328546378,0.004256482345698731,0.005031540375129551,0.1253525147656372,0.1704859724218446,0.2576718292838847,0.037977271835515976,0.18474731602020233,True,True,True
0.5,standard,0.0,20,1.230164361311651,-0.18433182460173436,0.03397822156100456,0.001497717562917174,0.0022310367373226865,0.013770854506490333,0.02845663718424711,0.03308860413426115,0.030016148317507468,0.1594710550945275,True,True,True
0.5,standard,0.0,21,0.9704542645185475,-0.2971795124708314,0.08831566263240104,0.0001559369074143247,0.0008872490961037399,0.035792989888289016,0.04981180035675215,0.07423082974157381,0.09062584343272896,0.10543891991238943,True,True,True
0.5,standard,0.0,22,0.5346596450655108,0.8635153987486736,0.7456588438760807,0.004677699672102977,0.005718072394606746,0.30220414661960665,0.3748432483306795,0.6125013062038026,0.05791549273713424,0.19593425569120565,True,True,True
0.5,standard,0.0,23,0.7567182087833586,0.8684543103692169,0.7542128891988722,0.0037501432325167568,0.004558015897725623,0.30567097060774834,0.3920628461429625,0.6222824830653593,0.04541654400247584,0.22984830676132634,True,True,True
0.5,standard,0.0,24,0.8978390195481657,1.3241495052132581,1.7533719121565163,0.0012627773903140938,0.0018706342025872956,0.7106148700197092,0.8883877961324497,1.441661755397758,0.1833450243251741,0.31212888376500686,True,True,True
0.5,standard,0.0,25,1.2257332519578061,0.37796464537439817,0.14285727315299457,0.004207550402927947,0.00498243115778898,0.05789787203111269,0.0993605233941959,0.1269437940358173,0.012723928061305104,0.23426116738325314,True,True,True
0.5,standard,0.0,26,1.107379509204389,0.4370073003249643,0.19097538053731355,0.004076086956363508,0.004817744538985069,0.07739940641034593,0.1222696672330563,0.1650192256006973,0.006795683251913987,0.22446157681937556,True,True,True
0.5,standard,0.0,27,1.3616727901573187,1.2151542408470712,1.476599829048622,0.0011543358067791951,0.001504108193420579,0.5984433697811198,0.7930135519149412,1.2245018161226655,0.246907002589566,0.36695799621931363,True,True,True
0.5,standard,0.0,28,0.7645165169449628,0.9830726860156548,0.9664319059900341,0.0032599759165944605,0.0040661340548332585,0.3916800984985231,0.49619858835369296,0.7960008989388794,0.06949171727652963,0.24639648440147668,True,True,True
0.5,standard,0.0,29,0.858704080128178,0.7138646071042113,0.5096026772760499,0.003932715950283395,0.00468045446991536,0.20653418579565458,0.27661557894603706,0.4233703056005118,0.022308012020205947,0.22437565317098576,True,True,True
0.5,standard,0.0,30,1.1351593029210931,1.828408905880515,3.343079127103182,4.9126111194360215e-05,0.00027265637307937515,1.3548989366723514,1.6809463457142622,2.7461567130453424,0.41057774090207294,0.41533123161665053,True,True,True
0.5,standard,0.0,31,0.8469663250376385,1.4811677535066294,2.1938579140278756,0.0007497378374443886,0.0014232457240146526,0.889137122369658,1.0958716077358235,1.8007268397376577,0.22407608355732767,0.32558116612981497,True,True,True
0.5,standard,0.0,32,0.9433625788970956,0.16603139862560856,0.027566425329575733,0.0028791237771298582,0.003442114467295616,0.01117225137272294,0.024911817012402658,0.027813172245790094,0.02060919069075395,0.16353968425748233,True,True,True
0.5,standard,0.0,33,1.649097650329732,-0.32544228055190844,0.10591267797082708,0.003040018972818627,0.004805330474704198,0.04292479157893581,0.07433041879278274,0.09504766762099492,0.04394232644249544,0.20326723304186248,True,True,True
0.5,standard,0.0,34,0.8981860394553816,0.24524028143713902,0.060142795639367155,0.003245321664106918,0.003855918891006264,0.024374956966959647,0.04386480105084971,0.05444927209022618,0.02760876169451172,0.16740380563847823,True,True,True
0.5,standard,0.0,35,1.1891509630883288,-0.3094129460512554,0.0957363711841171,0.0005427693184229893,0.0015063655435933623,0.03880048978398778,0.05806820479304463,0.08189722670704025,0.06959244722483708,0.1365452328459831,True,True,True
0.5,standard,0.0,36,0.7866925928902179,0.8786996979189504,0.7721131591228547,0.0036168982483299208,0.00439954995612599,0.31292567675260935,0.40263620675088196,0.6373433657297107,0.04842763584098754,0.23571151736007082,True,True,True
0.5,standard,0.0,37,1.0576144204494071,0.5936905360735214,0.3524684526232652,0.003937389690762622,0.004654617089237895,0.14285008326548995,0.20588784857435985,0.2972073421703529,0.023835447987691903,0.23803475857539277,True,True,True
0.5,standard,0.0,38,0.5135508186017341,-0.1815067134958149,0.03294468704405184,0.00013413278423886853,0.0003511279898398341,0.01335197874411889,0.017557919762983907,0.027387573555721082,0.08407769817880084,0.052543609616284716,True,True,True
0.5,standard,0.0,39,1.0632074975402466,0.6761090954973279,0.45712350901421483,0.003740932586922856,0.004433482879715687,0.18526518001623643,0.2601166920958787,0.38323686983005095,0.040855886705740106,0.24993188236620928,True,True,True
0.5,standard,0.0,40,0.7520454286449176,1.6581976925275823,2.7496195875037985,0.00038524283133092803,0.0013038970385095047,1.1143788446881655,1.351745085769841,2.25289663998266,0.26634096468134777,0.33512295531688974,True,True,True
0.5,standard,0.0,41,1.018608964696711,0.3057351730540759,0.09347399604240572,0.0037346127679743235,0.004428904698219572,0.03788358367518299,0.06567525943013039,0.08337923823811774,0.015546709046785344,0.19355378332015402,True,True,True
0.5,standard,0.0,42,0.8393690146428338,0.38121414824269506,0.1453242268204035,0.003792786382134082,0.004484211097653028,0.05889769069340339,0.08939562116280257,0.12413887745660093,0.03338903717439764,0.1768425840889647,True,True,True
0.5,standard,0.0,43,0.7514616253939076,0.3172355956208907,0.10063842312894129,0.0034300308320695076,0.004060471546284141,0.04078721660529102,0.06316997212370845,0.08645338740644566,0.044955708473113906,0.15509405375425575,True,True,True
0.5,standard,0.0,44,1.3217082383520413,2.3517645742337545,5.530796612620873,0.00227302839245566,0.002827726992168879,2.241547437103117,2.759090106652704,4.539003147324546,0.6418648821490831,0.5134935155059318,True,True,True
0.5,standard,0.0,45,0.9493415484273352,0.8076452647089618,0.652290873606809,0.00347226735523893,0.004161126809972601,0.2643635335717457,0.3528140273779852,0.5415796356341617,0.04928515357277137,0.2505320838008641,True,True,True
0.5,standard,0.0,46,1.2710180634697872,0.9635941602282041,0.9285137056258979,0.0023627703576362398,0.0028635678378958014,0.37631243072859655,0.5115894481632957,0.7734788715702211,0.1517704463021378,0.31962682192018305,True,True,True
0.5,standard,0.0,47,1.0059731725546932,0.622888733425188,0.38799037422803495,0.003915369741324328,0.004633000937889845,0.15724657583447235,0.22196291709664226,0.3256478194668752,0.02049923463916191,0.23421999599165813,True,True,True
0.5,standard,0.0,48,0.8192317623627641,0.1908531634012591,0.03642492998026771,0.0027355549124901124,0.0032582869554357765,0.014762468078759998,0.02847292334461577,0.034004688041620136,0.030981313373809993,0.148282983411698,True,True,True
0.5,standard,0.0,49,1.034503619999426,1.3038019632098041,1.6998995592697395,0.0010993497953303013,0.0015551885792888256,0.6889433416731933,0.8746116738217934,1.4005193997506078,0.20745375148118347,0.32986279648273237,True,True,True
0.5,standard,0.0,50,0.8196973087153143,1.1043505197509575,1.21959007047421,0.0025052328219033874,0.003246010610258366,0.4942812379955564,0.6232397477749768,1.0038825026943372,0.10554933387270836,0.2709333917026978,True,True,True
0.5,standard,0.0,51,0.9264356107634107,0.7740973763432185,0.5992267480614545,0.0036320773729112206,0.0043400430023218285,0.242857453534942,0.32500799624865145,0.4977601188051514,0.03872210632804981,0.24260038658616243,True,True,True
0.5,standard,0.0,52,1.3181940222647819,0.028197794139586296,0.0007951155943384873,0.0034429910982953357,0.004246529892561125,0.00032224821260342566,0.006836397097611075,0.009074791854234699,0.0022057694186402793,0.20117171599121728,False,True,True
0.5,standard,0.0,53,1.0750269011785767,0.6147564924946183,0.37792554506428566,0.0038873803687789854,0.004597296052253986,0.15316745421835634,0.2198590079191995,0.3183758192272212,0.03059103324593307,0.24346892941303555,True,True,True
0.5,standard,0.0,54,0.8537553911790571,0.6755644803772732,0.4563873671474152,0.004018245531081864,0.00477044738151253,0.18496683295514513,0.2496806621081896,0.3796893536329939,0.017140279507630723,0.21849520019913987,True,True,True
0.5,standard,0.0,55,0.9757070897594088,-0.1948596013018687,0.03797026421952323,0.0004572440261145118,0.0009135007320114306,0.015388768455737601,0.02646426078668166,0.0339845168678868,0.049997886210144005,0.11995562341657517,True,True,True
0.5,standard,0.0,56,1.269420371968922,1.5305013504292364,2.3424343836657164,0.00022086240225758342,0.0004700289521891255,0.9493528974300814,1.2109494385534623,1.9311657330243293,0.3355638922114142,0.3954599183905248,True,True,True
0.5,standard,0.0,57,0.824709405367864,1.2133800613284262,1.4722911732293755,0.001957819203625489,0.002686782162470351,0.596697137351066,0.7461337700233007,1.2105841207874495,0.13703777327108696,0.2863144024176083,True,True,True
0.5,standard,0.0,58,0.9122914914443205,0.6853381761883026,0.4696884157411089,0.003900081888470849,0.004630381368819436,0.1903575449039344,0.2591894412177319,0.39137745939762336,0.020382681080425145,0.22857197974618024,True,True,True
0.5,standard,0.0,59,1.1109524163357527,-0.1455348114802817,0.02118038135260113,0.001242257887242969,0.0017939521063867045,0.008584085234566581,0.019578226543431918,0.021837540245008485,0.026669249536742407,0.14682622719945998,True,True,True
0.5,standard,0.0,60,1.2131826761719358,1.5226320693010034,2.3184084184638554,0.00025435847201255973,0.0005177142690737748,0.9396155405004727,1.1933632503671006,1.910213635598906,0.3209830741066255,0.38598285484367384,True,True,True
0.5,standard,0.0,61,1.434397196673539,1.0419641712487324,1.0856893341660578,0.0019100214306307418,0.002342410674544021,0.4400133136222663,0.6026134118698954,0.905669658787673,0.20374302339507713,0.354607744628122,True,True,True
0.5,standard,0.0,62,0.8394376814950673,-0.9395457821816219,0.8827462768152756,0.03746111127281322,0.057240442567703845,0.357763590491162,0.38466445034033625,0.7168185715126884,0.633176182242889,0.06912031198501226,True,True,True
0.5,standard,0.0,63,1.4692467961077738,0.11205639103713373,0.012556634772267025,0.004527266668259736,0.005497037001637361,0.005089012390762527,0.021469610234846063,0.021589961630339643,0.006885962628158061,0.23504337960773455,True,True,True
0.5,standard,0.0,64,0.6831680440046118,0.6621826322788764,0.4384858384917817,0.004407484339730213,0.0052346458951388125,0.17771161666556107,0.23278251523416263,0.36293826390732187,0.03604172715503066,0.19115556509217033,True,True,True
0.5,standard,0.0,65,0.7884971633356714,1.4640183221433807,2.1433496475715197,0.0009391903257388435,0.0017398613960393587,0.8686668930053356,1.0658658644937808,1.7583645811031479,0.20848450210832084,0.31452467230659126,True,True,True
0.5,standard,0.0,66,0.9011585719212188,0.15825230031969584,0.025043790556475203,0.002713524304684794,0.0032444956195210616,0.010149866008291474,0.022660879739234988,0.02528717064233426,0.022616605328137588,0.15617614302359537,True,True,True
0.5,standard,0.0,67,0.8158704117148619,-0.9844679936920359,0.9691772306040224,0.046073733382898135,0.06917747796365763,0.39279273665601,0.422255629079717,0.7869668412164119,0.6942576498297122,0.07228376622527671,True,True,True
0.5,standard,0.0,68,1.0335028474210157,0.6477503951454876,0.41958057441113533,0.0038397963540354628,0.004546583069191893,0.17004960173067285,0.2394467912503502,0.3519777199879866,0.029956369515875533,0.2416784666111461,True,True,True
0.5,standard,0.0,69,0.8638773597840205,0.24763356501436937,0.0613223825217259,0.0031929349656145954,0.003792125090341123,0.024853025523477894,0.043858996455264816,0.05507957115390785,0.030804913109960298,0.16258753493816294,True,True,True
0.5,standard,0.0,70,0.9112468928029552,-0.5760757413655652,0.3318632597898855,0.00449734057835636,0.008511902897157198,0.13449911315726337,0.15031289621438687,0.27042326272079115,0.2682256158275693,0.06477415220522345,True,True,True
0.5,standard,0.0,71,0.8445808453545539,0.2900511828457922,0.08412968867024316,0.0033948960997399083,0.004024132737901595,0.03409647854212164,0.056317001679164425,0.07374526652401098,0.03380802691250291,0.16539000236513213,True,True,True
0.5,standard,0.0,72,1.190632100168422,0.8901197990494559,0.7923132566598438,0.0027798779044276452,0.0033423512170170904,0.321112467921163,0.43758585185498305,0.6603135042471846,0.11619378374272941,0.29773033180599473,True,True,True
0.5,standard,0.0,73,1.0588699198977036,0.16041689376841545,0.025733579806307087,0.0031785377212192457,0.0038091818106507427,0.01042942706131838,0.02546010375422301,0.027503098332227166,0.01383687051206883,0.18008248626947324,True,True,True
0.5,standard,0.0,74,0.9803151184394903,0.11835962054431379,0.014008999775393946,0.002674621371284559,0.003218080053231433,0.005677633755552634,0.016200327158953542,0.01679315169778786,0.015115722230708294,0.16267600343540065,True,True,True
0.5,standard,0.0,75,0.9132920234396831,0.8543313745979288,0.7298820976223866,0.0033716277391744338,0.00406769757274529,0.2958100722018102,0.3893678174439646,0.604601795655981,0.05474771653607113,0.25139871788723406,True,True,True
0.5,standard,0.0,76,0.7167045817608096,-0.11840245260982946,0.01401914078402291,0.000239283061668119,0.00043353635137752017,0.00568174375154309,0.01098607721184951,0.013198130454303583,0.03990995830138504,0.09143194579395078,True,True,True
0.5,standard,0.0,77,1.0974343178160537,0.9063146531259544,0.821406250470819,0.002814939383046852,0.003400456359059056,0.33290341419567193,0.44632403619932615,0.682535393197771,0.10275602303986539,0.28594794849636646,True,True,True
0.5,standard,0.0,78,1.0567512054782318,1.317206478826283,1.7350329078619349,0.0010140099882161668,0.0014456251905724609,0.7031823515319136,0.8937308036030832,1.429694265862543,0.21700968481624114,0.3349929054608636,True,True,True
0.5,standard,0.0,79,0.6574964127523245,0.8204018081711294,0.6730591268504587,0.004250925628028072,0.005139046480193083,0.27278058957506734,0.3466603979996623,0.5546028168342256,0.04121069405472355,0.20854263436278023,True,True,True
0.5,standard,0.0,80,0.9356696855782787,0.06827758451427762,0.0046618285471043235,0.0021714529527834853,0.0026351945931247134,0.0018893679453209995,0.008322376497732275,0.008383439073187773,0.011181691587117862,0.149270319130634,False,True,True
0.5,standard,0.0,81,1.0546151901370304,0.2897992742745932,0.08398361937008088,0.003746792822625446,0.004447657541381004,0.03403727888457664,0.06109303661397562,0.07595132031078453,0.013422071656572464,0.1968069853937191,True,True,True
0.5,standard,0.0,82,0.9884485499032447,-0.8075464211263055,0.6521312222739043,0.015463485682563052,0.026800368355685555,0.26429882932366583,0.28720888433764663,0.5300765876507862,0.4374304053821106,0.06789610246414184,True,True,True
0.5,standard,0.0,83,0.7883939062523999,0.0060872964807603906,3.7055178444677834e-05,0.0012183787194125267,0.0015101105240643293,1.5017898160371196e-05,0.0017836851034527925,0.0029808435723013044,0.0015200558751131588,0.1188718615189096,False,True,True
0.5,standard,0.0,84,0.7111153226322483,0.4982879510441961,0.24829088215582318,0.004178842323106736,0.004935522889587607,0.10062850427051283,0.1387043585638424,0.2073801875318732,0.04721391686221001,0.17334766723788783,True,True,True
0.5,standard,0.0,85,1.1379036397081388,0.6340624737521691,0.40203522062072006,0.0038138588204921233,0.0045110798964849725,0.16293873767679903,0.23522778875803613,0.3391316400867845,0.04461534875201406,0.2554748027564276,True,True,True
0.5,standard,0.0,86,1.1358406076647154,0.2612512515235115,0.06825221642260106,0.003829653879410604,0.0045563553051767795,0.02766158141660377,0.053671135939904656,0.06389817643960764,0.010532959832201873,0.2051389616795311,True,True,True
0.5,standard,0.0,87,0.9601465184757807,0.7343535684780954,0.5392751635365127,0.0036968638582499515,0.004400617152212445,0.21855999151373898,0.2966877262886391,0.4491082903648289,0.03496920546661453,0.2423151412456193,True,True,True
0.5,standard,0.0,88,1.0396073723363592,-0.6994426381879821,0.4892200041153645,0.007217855349788166,0.014137142280337467,0.19827339951391235,0.2196012709866747,0.398325552064461,0.3256128082182723,0.07222231107876796,True,True,True
0.5,standard,0.0,89,0.7911815973558476,0.2454582148838655,0.06024973525397388,0.0030479648765938715,0.003618337760465325,0.024418297960280482,0.04181060738087737,0.0534933769159066,0.03749192308718797,0.15141008058602082,True,True,True
0.5,standard,0.0,90,1.054510564505027,-0.9151338906476628,0.8374700378119285,0.02244630984200667,0.03899088711477473,0.33941382198439196,0.3674960132066193,0.6805077553277256,0.5149106964143695,0.07362765948612414,True,True,True
0.5,standard,0.0,91,0.7892849250522821,0.0218423907033935,0.00047709003163969076,0.0013444366748178026,0.001652420106958408,0.0001933573068387754,0.0027918378344184104,0.003439292204777051,0.005299132146352315,0.12111943369869443,False,True,True
0.5,standard,0.0,92,0.8262791787021078,0.04357436139414596,0.0018987249709076376,0.0016291077819862922,0.001986426702528942,0.0007695242458545009,0.004797714919200526,0.0050187937555341055,0.009495624495958727,0.12957517326065304,False,True,True
0.5,standard,0.0,93,1.1550907580412264,1.7871571747612185,3.1939307673005004,2.928808394008431e-05,0.00025138121444102105,1.2944513832582671,1.6114386774324325,2.624733103416886,0.40057173918102135,0.41278028935096683,True,True,True
0.5,standard,0.0,94,1.0272727809612916,0.3874303597567701,0.1501022836612603,0.003954530536645686,0.004677635198012725,0.06083416419190734,0.09745197395659952,0.13026236402641014,0.009436799069527425,0.20581365496688353,True,True,True
0.5,standard,0.0,95,0.9385797088670258,0.36979822511303007,0.13675072729674725,0.003828885594080578,0.004529465860374479,0.05542298221462793,0.08759556840709164,0.11818188923102868,0.02114814016215627,0.19016662461779676,True,True,True
0.5,standard,0.0,96,0.8902010365236674,0.2630520349900745,0.06919637311241938,0.003326602106710112,0.003948777006454882,0.028044233710028673,0.04890871548193933,0.061864993270998855,0.028744898768521293,0.16859825174488605,True,True,True
0.5,standard,0.0,97,1.2815048627033403,-0.5429727441512885,0.2948194008911806,0.0007107339439378906,0.0036863118826517944,0.11948580263607723,0.14756465488268508,0.24275960558910398,0.16049123693795908,0.11903341045044728,True,True,True
0.5,standard,0.0,98,0.7209964922402469,1.6044242352044003,2.5741771265112248,0.0005985811439951953,0.0016074934454549299,1.0432746934525967,1.2647842938958032,2.1090227846515393,0.24386485117974507,0.32325788044249953,True,True,True
0.5,standard,0.0,99,0.9062652071786156,1.0498956705897278,1.1022809191230543,0.002523541782576294,0.0031782986860375818,0.44673762972764736,0.5723843150877141,0.9093245576692718,0.10349775091986556,0.2765889631602096,True,True,True
1.0,dtr,0.5,0,1.0169390351908396,0.008457682629210607,7.153239545645084e-05,0.004368835006514075,0.006133593374129441,2.8990987905677533e-05,0.006856332173982832,0.012158484687073439,0.0022262976545553447,0.22675395139176938,False,True,True
1.0,dtr,0.5,1,0.8250719482726915,0.003926952244381487,1.54209539296528e-05,0.0028454737689071414,0.00400895707687494,6.249877220185527e-06,0.004264307135686715,0.007944733887875,0.0013465929451463312,0.18347416817428588,False,True,True
1.0,dtr,0.5,2,0.8996917473734172,0.02423975728959434,0.0005875658334584419,0.003707687216463282,0.005101437354296581,0.0002381314628552242,0.007075746429172043,0.010154847489332248,0.007357462605045238,0.20345293188563085,False,True,True
1.0,dtr,0.5,3,0.8260797178581764,0.026293526611962766,0.0006913495416939942,0.0032141224500460536,0.004397565944884296,0.000280193415500093,0.006380775997957512,0.008766378270145782,0.008758017737882273,0.18749136204233055,False,True,True
1.0,dtr,0.5,4,1.1407880770258934,0.01314723509140519,0.000172849790548676,0.0055399458932987936,0.007755365617361372,7.00533814828881e-05,0.009070619910027444,0.015424460798652317,0.002874547301767859,0.2549901742920652,False,True,True
1.0,dtr,0.5,5,0.7872757593074172,0.030822267954870045,0.0009500122018818089,0.0030262007635033523,0.004109610335707,0.0003850254430773137,0.006387236977344965,0.00828671662253543,0.010712517666248493,0.17966189897297588,False,True,True
1.0,dtr,0.5,6,1.0986063993367325,0.0011824202133809399,1.3981175610118274e-06,0.0049542207776021,0.007012342134758564,5.666357046114271e-07,0.007118915292398175,0.014004395124068357,0.00027988029006553397,0.24361462102102172,False,True,True
1.0,dtr,0.5,7,0.9392099309085172,0.02997921283357633,0.0008987532021208678,0.004103823717062457,0.005621923090090211,0.0003642509529649103,0.008258235988610568,0.011337099714242524,0.00855330184701248,0.21318237495780168,False,True,True
1.0,dtr,0.5,8,1.1412126281013006,0.013578166788152957,0.0001843666133269,0.005551086761074232,0.007768024773435455,7.472097394564285e-05,0.009129748116364437,0.015451827857125424,0.0029648661896814017,0.25515733679080843,False,True,True
1.0,dtr,0.5,9,0.8998994260990093,-0.0020225449358250588,4.090688017431591e-06,0.0032781252789451792,0.004658346385506988,1.6578934073507874e-06,0.004844466586814361,0.009362692680568347,0.0006354240477304033,0.19904423163265433,False,True,True
1.0,dtr,0.5,10,0.977015338260758,0.01981251430669637,0.0003925357231530483,0.004231901207966089,0.005865789916953179,0.0001590887363670715,0.007586773699753763,0.011643867039449588,0.0054353551207933,0.21983426038543613,False,True,True
1.0,dtr,0.5,11,0.8999094123444502,0.02671159369229911,0.0007135092375824735,0.003750440304178277,0.005146474215813274,0.0002891744019663928,0.007353398686277543,0.010292463505962988,0.008078626056108054,0.20392044168594972,False,True,True
1.0,dtr,0.5,12,0.862242970689742,0.0013155250007820592,1.730606027682637e-06,0.0030607199670824115,0.004329357379566463,7.013882045734766e-07,0.004417866877629235,0.008631827237211669,0.00043200434651530857,0.19126705012337641,False,True,True
1.0,dtr,0.5,13,1.1833006679701301,0.01525696638961844,0.00023277502341394673,0.005978131926031525,0.008358916781013864,9.434016357869588e-05,0.009966653090507142,0.016659675018464718,0.0031298568740378784,0.2647673887786222,False,True,True
1.0,dtr,0.5,14,1.4664076504247308,0.024430682531058533,0.0005968582489333685,0.009168296173650486,0.012792779082499752,0.00024189753699448794,0.016202473522034078,0.02589021117085761,0.0034283069600721285,0.3290504111692552,False,True,True
1.0,dtr,0.5,15,1.2727254786787994,0.05008931387477148,0.002508939364445375,0.0074358985008787,0.010160700321181888,0.0010168348243698403,0.016737374733945543,0.021682840786287284,0.008526261405377059,0.2904893045848274,False,True,True
1.0,dtr,0.5,16,1.2271427199267537,0.031989119113336,0.0010233037416471984,0.0066835715361277595,0.009232507070167937,0.00041472938531730857,0.013003180028595794,0.018817075697080847,0.005994024122375978,0.277319479448051,False,True,True
1.0,dtr,0.5,17,0.9775241372776601,0.026064801563395152,0.0006793738805391664,0.004340685070986521,0.005978742189058108,0.0002753398628476661,0.008320481712723914,0.011972598845612584,0.0070815433941390045,0.22100753057282496,False,True,True
1.0,dtr,0.5,18,0.8250259555366188,0.010602228942718086,0.00011240725855380906,0.002951918927793688,0.004119914230841376,4.5556945946648915e-05,0.004841836869351495,0.008097622800735362,0.003605947962098453,0.18459626438685334,False,True,True
1.0,dtr,0.5,19,0.7526308609142911,0.011444606574737842,0.00013097901965053265,0.0024928453945588444,0.0034683832663109696,5.3083797213219945e-05,0.004176063656454486,0.006787499330530687,0.0042427913789167705,0.16869884517757147,False,True,True
1.0,dtr,0.5,20,1.2277593411339378,0.00931102739592007,8.669523116757409e-05,0.006316819987750535,0.008881288437545248,3.51362537521788e-05,0.009878684138004289,0.017692828838761047,0.001814063790531106,0.27360935489238586,False,True,True
1.0,dtr,0.5,21,1.0986075902051842,-0.00017002620051338187,2.8908908861016738e-08,0.004931665416049812,0.006990048683027112,1.1716339454426732e-08,0.007008367685899144,0.0139832001198032,4.033113257374239e-05,0.24338547760517926,False,True,True
1.0,dtr,0.5,22,0.5774562082580643,0.03046680851271864,0.0009282264209506649,0.0017940614597836094,0.0023983756307469797,0.00037619599863524905,0.004073603756545571,0.00486049980433203,0.013414037157182259,0.13311268220360062,False,True,True
1.0,dtr,0.5,23,0.6813569415741629,0.019201041391204817,0.0003686799905067606,0.002185766058608357,0.00299648028011327,0.00014942037209356336,0.004128834019668447,0.005857858170633978,0.007653203111145714,0.15422263005684925,False,True,True
1.0,dtr,0.5,24,0.8244752231445011,0.024394339468962686,0.0005950837981269907,0.0031719429000496005,0.004349332789168492,0.00024117837917041874,0.006164235518331584,0.008635274785132027,0.008161206620399594,0.18681371265078356,False,True,True
1.0,dtr,0.5,25,1.2728221781394964,0.009548929366327131,9.118205204310467e-05,0.00678024804493872,0.009534864844478238,3.695469375977844e-05,0.010603440567900855,0.019012016509200754,0.0017493647576737484,0.28363411068722866,False,True,True
1.0,dtr,0.5,26,1.0575295927518058,0.016095019247776853,0.00025904964458630736,0.0048412288758967435,0.006748781575093607,0.00010498886644644635,0.008246605799852225,0.01340137442416103,0.003948716899344829,0.2370429223519038,False,True,True
1.0,dtr,0.5,27,1.4150080256510882,0.02211443655432045,0.0004890483041150645,0.008533902245429744,0.011915414811380375,0.00019820381212486517,0.014855262659855276,0.024024589370754208,0.003305362092020791,0.31726910046372697,False,True,True
1.0,dtr,0.5,28,0.7883577492874329,0.029114085157974156,0.000847629954585771,0.0030054631131570487,0.0040900196908734655,0.00034353148115732525,0.00622145051608306,0.008205046674228821,0.010126489536405138,0.17961188271583123,False,True,True
1.0,dtr,0.5,29,0.7893881726547298,0.026783206737149737,0.0007173401631249031,0.002974308057887928,0.004059314827826975,0.00029072701760801136,0.0059939350923083196,0.008092937238044865,0.009330469695926406,0.17944481696265432,False,True,True
1.0,dtr,0.5,30,1.1833902455170613,0.02955448833594106,0.0008734677807992762,0.006215821873645451,0.008591607864249296,0.0003540031576961149,0.011907319045796973,0.017414598947871587,0.005915517959019182,0.26721243795777705,False,True,True
1.0,dtr,0.5,31,0.8255543613517066,0.026390197581316808,0.0006964425283809395,0.00321209022638014,0.004394170525056701,0.0002822575252576769,0.006384551081961852,0.008761377960261437,0.008794963427554217,0.18739135850268013,False,True,True
1.0,dtr,0.5,32,0.8254986505946166,0.015437566847881475,0.00023831847018280917,0.003033136567233145,0.004206074339176067,9.658683793101362e-05,0.005292303909741259,0.008263624271426169,0.005216020422100783,0.18552118664331654,False,True,True
1.0,dtr,0.5,33,1.5183536744751496,0.001996463920840581,3.985868187218145e-06,0.009455990976484007,0.013383535075639264,1.6154115302851267e-06,0.013651745748627531,0.026758654441001055,0.00027645824032165514,0.3367545144875114,False,True,True
1.0,dtr,0.5,34,0.8247838785228073,0.0252228544010104,0.0006361923841345698,0.003187637568123618,0.004366587593253658,0.00025783906153902176,0.006253507655709981,0.008684111070527923,0.00842638215132957,0.18702263620912726,False,True,True
1.0,dtr,0.5,35,1.1838202843948913,-0.005114939453637832,2.6162605614380884e-05,0.005644585765595514,0.008037406365050258,1.060330467206697e-05,0.008631244879050762,0.016178862341944412,0.001085152292211727,0.26142695554595724,False,True,True
1.0,dtr,0.5,36,0.6820951405281654,0.0263010228642794,0.0006917438037073477,0.002299889430534058,0.0031203246200416793,0.00028035320387552573,0.004757796063699082,0.006199212101996301,0.010392073690192226,0.1555905167405191,False,True,True
1.0,dtr,0.5,37,1.0168097012192523,0.011872427084458254,0.00014095452487577792,0.004424734349786734,0.00618964029651461,5.7126717200628654e-05,0.007223053555023399,0.012259130752904473,0.003110023930502153,0.227304517718964,False,True,True
1.0,dtr,0.5,38,0.4775771272336947,0.003903825339567009,1.5239852281845475e-05,0.0009793262767245395,0.0013723028768508722,6.1764794869238635e-06,0.0015087343280472073,0.0026806147055635355,0.0019480154248821295,0.1064771354135533,False,True,True
1.0,dtr,0.5,39,1.0572790860926504,0.022824201692863796,0.0005209441829165266,0.0049518010864547796,0.006859139026800906,0.00021113072489877202,0.009055032516931046,0.013705443409444552,0.005543740012807601,0.2381288488944617,False,True,True
1.0,dtr,0.5,40,0.7164376047130006,0.03733139629969615,0.0013936331496849676,0.0026803910791860434,0.0035940635455663124,0.0005648182411571209,0.006221263703302416,0.007448412490343403,0.014008017621155704,0.16507066157251085,False,True,True
1.0,dtr,0.5,41,1.0169086568576817,0.020605924018989096,0.00042460410467635176,0.004571659686909551,0.006338819887183614,0.0001720855618608122,0.008217151098971686,0.012613421990975609,0.005327535433625446,0.22880785299276396,False,True,True
1.0,dtr,0.5,42,0.9388800669845949,0.019633156187343948,0.00038546082187664195,0.0039283707459303084,0.0054398839915488625,0.00015622138688115876,0.007070876252579284,0.010778945026202035,0.005684974947755028,0.21135434949959114,False,True,True
1.0,dtr,0.5,43,0.788262527630999,0.02336712738749966,0.0005460226423436367,0.002911448176410648,0.003990260135337553,0.00022129464167109657,0.0056389873733126445,0.007895534037260623,0.00818546037994238,0.17861596326800205,False,True,True
1.0,dtr,0.5,44,1.1835872671578493,0.03233855596668786,0.001045782202010603,0.0062637189519449184,0.008639371326077509,0.00042383956215921877,0.012310966416903584,0.017605465211931997,0.006439910453435745,0.2677283357807823,False,True,True
1.0,dtr,0.5,45,1.0980317112820042,0.011424306269714178,0.0001305147737442307,0.005120128822511233,0.00717462064960663,5.289564543430944e-05,0.00825888636743278,0.014247438868846597,0.0026628649960038016,0.24522455850259983,False,True,True
1.0,dtr,0.5,46,1.1834130204930362,0.014951857276613722,0.0002235580360202267,0.00597415319632172,0.008355512576140567,9.060465928930302e-05,0.009929100571319651,0.016650362455633585,0.0030683733009815926,0.26474052849513807,False,True,True
1.0,dtr,0.5,47,1.0165577192387718,0.011774457434928972,0.00013863784788695414,0.004420999306184998,0.006185023070459214,5.6187803382130274e-05,0.007209075325626878,0.012249912439962233,0.0030859352461800466,0.2272320690303021,False,True,True
1.0,dtr,0.5,48,0.8616507896641331,0.016690319409329635,0.00027856676198544555,0.003305939210851876,0.0045824106651645375,0.0001128988561911149,0.005823001614496803,0.009025453493169596,0.00537841787484701,0.1937437758263763,False,True,True
1.0,dtr,0.5,49,1.0174028869560268,0.02694023428450698,0.0007257762233041253,0.0046820414128552566,0.0064526043565303025,0.00029414602401855853,0.008989902965920683,0.012958497205591613,0.006894637943613787,0.22999180826498622,False,True,True
1.0,dtr,0.5,50,0.7879005755089764,0.023550056589897034,0.0005546051653873527,0.002912022845311484,0.003990050409420985,0.0002247730072448043,0.005652877148274571,0.007897771710421516,0.008251341380021225,0.17856679607846712,False,True,True
1.0,dtr,0.5,51,0.8993620006366726,0.018623850444315734,0.0003468478053722394,0.003612115999723595,0.005001343963603685,0.00014057212073624999,0.006469015475887143,0.009882834684815303,0.005697846885173511,0.20242727897761223,False,True,True
1.0,dtr,0.5,52,1.3665365025348823,0.008708945025097758,7.584572345017499e-05,0.00777463253620756,0.010948034387744238,3.0739113896724576e-05,0.012004784722325232,0.02186224262629701,0.0014154783006665435,0.30425555675953203,False,True,True
1.0,dtr,0.5,53,1.1410317631570601,0.019463685485251743,0.0003788350526687994,0.005647520424709377,0.007862360739051237,0.00015353606376644052,0.009868291987475982,0.015696782300614873,0.0042099596831058,0.2561155880259076,False,True,True
1.0,dtr,0.5,54,0.8994360941604234,0.02021099970722561,0.00040848450916547375,0.0036389356629646847,0.005029359324594997,0.0001655525358728207,0.006637162765030406,0.00995407689499294,0.006169772310723582,0.20271291408975,False,True,True
1.0,dtr,0.5,55,1.0169771676470063,0.003571650562478925,1.2756687740456022e-05,0.004287788890672375,0.006051994308836138,5.170090804874815e-06,0.006349034445925978,0.012044121864185572,0.0009468875801957632,0.22593361230791845,False,True,True
1.0,dtr,0.5,56,1.227595238704133,0.023196798840770274,0.0005380914764591612,0.006543889293998539,0.009099345114922367,0.00021808026121078138,0.011737364082011165,0.018287633513937966,0.004411913864634232,0.2759283544239006,False,True,True
1.0,dtr,0.5,57,0.752603508024954,0.026109629389460976,0.0006817127468550044,0.0027251452849936884,0.0037147338838432074,0.0002762877696616737,0.005504233280370408,0.007386358692925894,0.00951459174910406,0.17118032346388007,False,True,True
1.0,dtr,0.5,58,0.862256230229707,0.009447350263537812,8.925242700196796e-05,0.0031921459360108526,0.004465600340662036,3.617264618716297e-05,0.005136713383677129,0.00879848890579195,0.0030703782690546556,0.19264934012572735,False,True,True
1.0,dtr,0.5,59,1.1402167287436418,0.006175367757340338,3.813516693839864e-05,0.005418350459238964,0.007633541164736936,1.5455601010386783e-05,0.00823057298149634,0.015191611820847526,0.0013668409379660033,0.2536809873024677,False,True,True
1.0,dtr,0.5,60,1.2282976571873603,0.036424487989565754,0.00132674332530202,0.006767562063880856,0.00931895604593259,0.0005377088164366873,0.013693989228566905,0.01917209031949424,0.006760524644416553,0.2783277192050095,False,True,True
1.0,dtr,0.5,61,1.1848043988901347,0.03029082016461171,0.0009175337862448473,0.006241589303880537,0.008622666212810808,0.00037186243701665473,0.012036018015021745,0.0175017823022848,0.0060430201065516526,0.26765066605503374,False,True,True
1.0,dtr,0.5,62,0.716671009072754,-0.006256901374807189,3.914881481406409e-05,0.0020070448051140192,0.002878045600677705,1.5866417020622648e-05,0.0033613654448860723,0.005922975370967428,0.002466546325568856,0.15772875786005947,False,True,True
1.0,dtr,0.5,63,1.5187663646416978,0.013057097756434535,0.00017048780182108778,0.00962888194075278,0.013535933568731099,6.90961035083717e-05,0.015360349877634887,0.02713655706370196,0.0017708063562914414,0.33872210083139,False,True,True
1.0,dtr,0.5,64,0.7166004123942579,0.013486167281356973,0.00018187670794074333,0.0023044404481203933,0.003192381459320195,7.371185330211156e-05,0.003995080318610942,0.006229882011254269,0.005199626464721055,0.1610620128620912,False,True,True
1.0,dtr,0.5,65,0.7884807007514353,0.032964139337051744,0.0010866344822325622,0.0030692666204860664,0.0041579847319982285,0.00044039636770552826,0.006630085349848522,0.008443703646194733,0.01141022625338028,0.1802921859152899,False,True,True
1.0,dtr,0.5,66,0.825123275442324,0.009906374659018646,9.81362588848468e-05,0.0029414027535080937,0.004109165703481167,3.977312763377426e-05,0.004780622823078123,0.00808006750685616,0.0033717776202021447,0.184499793652989,False,True,True
1.0,dtr,0.5,67,0.7524756528771284,-0.01171864728261653,0.00013732669413437577,0.0021382941066799143,0.0030957455680370063,5.565641278153694e-05,0.004059244418833935,0.006554087170721647,0.004463366291571026,0.1647354142353152,False,True,True
1.0,dtr,0.5,68,1.0977587228654626,0.01699324983137967,0.00028877053983168515,0.005210795699467038,0.007263796510594473,0.00011703429158713275,0.008920859448116492,0.01445248416744949,0.003927476310313586,0.24610869957152495,False,True,True
1.0,dtr,0.5,69,0.8999809908147737,0.01111817367418253,0.00012361378584928545,0.003493003695565782,0.0048797992780990436,5.009878038704026e-05,0.0057178734336222475,0.009622089508918177,0.003432735954334979,0.20129128391428852,False,True,True
1.0,dtr,0.5,70,1.0168992789197824,0.003716543672628203,1.381269687055273e-05,0.004289550604657165,0.006053504315235494,5.598075184868871e-06,0.006362818669079426,0.01204513913275973,0.0009852014001175717,0.22594093213632943,False,True,True
1.0,dtr,0.5,71,0.7894603046269417,0.016070101125341154,0.00025824815017869103,0.002801881402993971,0.003877329756782287,0.00010466403299819669,0.0049591099541960735,0.007604724623997787,0.0056709942395214395,0.17764359992386747,False,True,True
1.0,dtr,0.5,72,1.2276308047144613,0.015793931466449227,0.000249448271166895,0.006422451974058131,0.008982348756119203,0.00010109757636865857,0.010722780815125964,0.017929834346175226,0.0030430714724977944,0.27468053121339236,False,True,True
1.0,dtr,0.5,73,0.9772833798258879,0.005577898631685323,3.1112953145357e-05,0.0039970655590241605,0.005627237873078404,1.260960495718467e-05,0.006074757548472389,0.011166450730160265,0.0015609537629399889,0.21747911792572383,False,True,True
1.0,dtr,0.5,74,0.9772951281297475,0.0018367006187349035,3.3734691628611773e-06,0.003935236511336258,0.005564516277832006,1.367215554248083e-06,0.00570866898774026,0.011094574750720097,0.0005167092589897962,0.21684712425348085,False,True,True
1.0,dtr,0.5,75,0.8257957170682351,0.016049264195979143,0.00025757888123233803,0.0030450740857952303,0.004219311264369405,0.00010439278851091853,0.0053535504229100216,0.008291943331628339,0.005416568333837608,0.1856907650419156,False,True,True
1.0,dtr,0.5,76,0.716686898722722,0.00487068105098342,2.372353390040895e-05,0.002173273722430575,0.003053413069972942,9.614786139874245e-06,0.0033242996966075075,0.006018555681283233,0.0018961425695689332,0.159619782700837,False,True,True
1.0,dtr,0.5,77,1.0569817451744101,0.022183000586468233,0.00049208551501925,0.004938479827949863,0.006844691447214166,0.0001994347473399992,0.008971528124726418,0.013665316076192674,0.005395700714284254,0.23795420514485888,False,True,True
1.0,dtr,0.5,78,0.9782716032554121,0.03139933028173938,0.0009859179421417555,0.004436274787039367,0.006079107295771266,0.00039957749148808203,0.008980985475093729,0.012310888798031222,0.008456312705435174,0.22207800748626857,False,True,True
1.0,dtr,0.5,79,0.5453405375001555,0.023262300616406738,0.0005411346299680772,0.0015313987573839548,0.00206525688845181,0.00021931360487289622,0.0032061259922293484,0.004059965919606502,0.010661730572987468,0.12477487788544524,False,True,True
1.0,dtr,0.5,80,0.9767788053766441,0.012044353493841815,0.00014506645108461954,0.004100422048745767,0.005730818101397153,5.879321812274779e-05,0.006732964824509263,0.011333569518975744,0.003342187795481338,0.21846418674699328,False,True,True
1.0,dtr,0.5,81,1.140520077440522,0.01324903515479655,0.00017553693253303485,0.005539147397115116,0.007753511918740289,7.114243910876913e-05,0.009079229298985164,0.015421095234294847,0.002897425645551083,0.25494806236666323,False,True,True
1.0,dtr,0.5,82,0.8999396946198222,0.002254011958999732,5.080569911313809e-06,0.0033478134010654563,0.004730041206815119,2.0590774279678485e-06,0.004890670771512692,0.00941642177457996,0.0007041451863197119,0.1997785601515092,False,True,True
1.0,dtr,0.5,83,0.7522779095370212,0.005572926246912711,3.10575069535286e-05,0.0023993639155604446,0.003368953886743015,1.2587133462046612e-05,0.00369845382559464,0.00663987296958893,0.002081060881078541,0.16762466560275519,False,True,True
1.0,dtr,0.5,84,0.7879827452161378,0.02526977428555522,0.0006385614924429078,0.002940432256189399,0.004020294069692436,0.0002587992249709326,0.005824717760952084,0.00798623387213156,0.008834557394381787,0.1788767073781256,False,True,True
1.0,dtr,0.5,85,1.0980937421748251,0.026078873564448168,0.0006801076463904735,0.00536579055269892,0.007419679599966528,0.0002756372469459491,0.01007567703232405,0.014915843998782305,0.005937281473364283,0.2477240677082389,False,True,True
1.0,dtr,0.5,86,1.1402937506780395,0.017088436854439202,0.00029201467412815597,0.005601058184913165,0.007813615634370876,0.00011834908969438528,0.009554220738222076,0.015569488197823191,0.00371467501784127,0.255549170398459,False,True,True
1.0,dtr,0.5,87,0.8990743885176665,0.02282088525924383,0.0005207928040155724,0.0036795250303571564,0.005070505222061883,0.00021106937334107936,0.006912835757842633,0.010069956282372228,0.006945661847104419,0.2030754713788526,False,True,True
1.0,dtr,0.5,88,1.0575204850741093,-0.007531865754516193,5.672900174405378e-05,0.004447034197571407,0.006354889838912259,2.2991398414223095e-05,0.0071600378961757544,0.012897720100988979,0.0019156712223361788,0.23303321937674268,False,True,True
1.0,dtr,0.5,89,0.8252302340255869,0.022298117927541567,0.0004972060631105507,0.0031428500184456066,0.0043205538045119115,0.00020151002731403156,0.005959500886646222,0.00854657557436143,0.0074724032448561335,0.1866254282187605,False,True,True
1.0,dtr,0.5,90,1.0570666072955162,-0.011583472972504427,0.00013417684610474054,0.004375901808805253,0.006282618670775304,5.437982745891244e-05,0.007536022509504217,0.01289196756156289,0.002966108933240228,0.23224540587055106,False,True,True
1.0,dtr,0.5,91,0.7174380050499681,0.02009668792035926,0.0004038768653683138,0.0024122208194199816,0.003308865347308749,0.0001636851281794986,0.004566972768002941,0.006489520858944135,0.007682839926046531,0.16236889756248743,False,True,True
1.0,dtr,0.5,92,0.7886938628667115,0.008768651520215973,7.68892494829859e-05,0.0026807144751210543,0.0037480909962914403,3.116203906794856e-05,0.004308385645408139,0.007364432240699994,0.0031245833582553674,0.1762352817729477,False,True,True
1.0,dtr,0.5,93,1.0975439498614954,0.030919569869880932,0.0009560198009384487,0.005441853235345467,0.0074937800536414405,0.00038746023126638306,0.010711929284156822,0.015198995534675942,0.006990180857058343,0.24842335022775022,False,True,True
1.0,dtr,0.5,94,0.9385107374142432,0.013717913266125703,0.00018818114437694756,0.0038272295651374474,0.005334769113001056,7.626694514976793e-05,0.006436024893933604,0.010534496804084595,0.004006669642397308,0.21026915181246544,False,True,True
1.0,dtr,0.5,95,0.8621188359711708,0.019534694115378483,0.00038160427418140275,0.0033559294253002647,0.00463575859668691,0.00015465838697213973,0.0061143580593882975,0.009152280438340113,0.006268251538332958,0.19432995307997536,False,True,True
1.0,dtr,0.5,96,0.8993393322729437,0.014219900553272938,0.000202205571744972,0.003539261188319058,0.004925831595745721,8.195083147310489e-05,0.006017319307495653,0.009710577553584218,0.00437612429255025,0.20167524115851104,False,True,True
1.0,dtr,0.5,97,1.1407065936815919,0.0058919043753139205,3.471453716784332e-05,0.005418188694864176,0.007635360812370994,1.4069271981767254e-05,0.008204488841887842,0.015197429701340436,0.0013038011587327026,0.253741442647248,False,True,True
1.0,dtr,0.5,98,0.7167129430625842,0.05088232084547935,0.002589010574622302,0.0029035634978863867,0.0038350161613939825,0.0010492864635330429,0.007732803487313643,0.008561250808713242,0.01878902005056139,0.16743022828523557,False,True,True
1.0,dtr,0.5,99,0.9760317041235079,0.02411049301051706,0.000581315873210192,0.004295937280335686,0.005928323229643404,0.0002355984493749432,0.008068872266124604,0.011832355546969556,0.006583154628718288,0.22034536032609595,False,True,True
1.0,standard,0.0,0,1.0224245144281916,0.506813997723589,0.2568604282885661,0.011530636451347867,0.01362913156199527,0.10410161050030133,0.17869751776909062,0.228996495257158,0.05050738470739054,0.3125025035371322,True,True,True
1.0,standard,0.0,1,0.8256651344660185,0.20125070114135088,0.040501844709885326,0.006230163198422347,0.007642358645715552,0.01641477938281495,0.039325832866107,0.04324079632745402,0.05309055529704191,0.2170764274072929,True,True,True
1.0,standard,0.0,2,0.9207516450323314,1.349592746435103,1.821400581230244,0.013046789301877375,0.015273118554754533,0.7381858511083613,0.9943394929841247,1.5148377193584244,0.05308406646878938,0.43293067249872524,True,True,True
1.0,standard,0.0,3,0.9109633868845594,1.3667300914009874,1.8679511427409514,0.013005454872178858,0.015246155932688975,0.7570520830742826,1.0166887039879706,1.5526971666868092,0.05520816597500131,0.4336688290104085,True,True,True
1.0,standard,0.0,4,1.1607672147161605,0.878414574536504,0.7716121647581473,0.013772860028639795,0.016013401158038856,0.31272263138448814,0.4745801428402671,0.6598665202667858,0.015481345702283227,0.40618692026718306,True,True,True
1.0,standard,0.0,5,0.7704002487055518,1.5503145826687224,2.4034753052352946,0.01267748882651858,0.015243114134524303,0.9740918511262765,1.266063215654315,1.9868293785290376,0.078981611232312,0.43366510984579487,True,True,True
1.0,standard,0.0,6,1.0983469007877724,0.07793151538085219,0.006073321089556001,0.006232665375264234,0.008294341449259496,0.0024614243257351457,0.018152369737660694,0.020099670800888484,0.016281508757403734,0.2565756078426929,False,True,True
1.0,standard,0.0,7,1.0324613106981375,1.510974387685827,2.28304360024256,0.012201428191416362,0.014267085370270325,0.9252827195345616,1.246613561956738,1.8988521841492343,0.11233603272529873,0.48505594731186485,True,True,True
1.0,standard,0.0,8,1.1904517420835279,0.906558234518686,0.8218478325736369,0.013859336221287459,0.016105980207061957,0.333082380681003,0.5047168400290586,0.7025272081102683,0.02288460046826974,0.41753784657158743,True,True,True
1.0,standard,0.0,9,0.8979899366391277,-0.10393371636137691,0.010802217396687146,0.0017546408168223912,0.003150372858600131,0.004377973810376776,0.01608917197753991,0.016907281934580447,0.037217183673678246,0.18133458017076826,True,True,True
1.0,standard,0.0,10,0.9934680569912497,1.4140664532553875,1.999583934222271,0.012673033446302277,0.014808123724879394,0.8104008440304121,1.0958614718958255,1.664232418503732,0.08082413239687093,0.4599784555259263,True,True,True
1.0,standard,0.0,11,0.9465601859588851,1.8184558902104393,3.306781824641041,0.010719731046626817,0.012888072588802108,1.3401881940783988,1.74988580497391,2.7355224144845667,0.16460057536860348,0.5181793808179429,True,True,True
1.0,standard,0.0,12,0.8633285182648391,0.06876490709491001,0.0047286124477716055,0.004191749642280572,0.005519197114769751,0.0019164344407764451,0.012307071118700646,0.013303717376168624,0.020652608574022794,0.20294859986136063,False,True,True
1.0,standard,0.0,13,1.1768514602191489,0.9090090391667813,0.826297433286915,0.01382846980750437,0.016065671588908793,0.3348857359250234,0.5057424800623445,0.7056619134003588,0.02077049039905172,0.4149401987969636,True,True,True
1.0,standard,0.0,14,1.5632007151075606,1.8785249560951187,3.528856010672168,0.011329208291147566,0.012792410290547588,1.430191471618729,1.9821837621810094,2.951349394632968,0.31176890677505575,0.6649952355735114,True,True,True
1.0,standard,0.0,15,1.5588947637665413,3.5464900472505287,12.577591655247058,0.00504006409640386,0.00960919935688932,5.0975058955184895,6.5518363825717705,10.379652284762487,0.7473063966496536,0.946967971453166,True,True,True
1.0,standard,0.0,16,1.2778483557303182,1.9398608347006263,3.7630600580054105,0.010108084667173693,0.0116916926492112,1.5251107967772497,2.045101445865752,3.1271212086611904,0.27314268117558377,0.6121748278981624,True,True,True
1.0,standard,0.0,17,1.040117280501759,1.5607774553843052,2.436026265235907,0.01195681544706264,0.013998213537104,0.9872842583101022,1.3258507598077116,2.0248899690284294,0.12577019392162758,0.49520004344126506,True,True,True
1.0,standard,0.0,18,0.8282783970225746,0.6044834340437376,0.3654002220333097,0.011843916636484805,0.013768180110382599,0.1480911319983519,0.2267386634910579,0.31327992057926235,0.0798231782301194,0.28605335781285646,True,True,True
1.0,standard,0.0,19,0.7755520796935127,0.6538940264322587,0.42757739780379145,0.012221680017809402,0.014150166027454697,0.17329059217676346,0.2565519894579569,0.36318990448831046,0.08828311389392485,0.28275220633336867,True,True,True
1.0,standard,0.0,20,1.2316731873219224,0.503032482364593,0.2530416783138845,0.012563844989081314,0.015037766415814021,0.1025539294304258,0.18939614460279028,0.23271398693157563,0.031048700260622224,0.3582235030857028,True,True,True
1.0,standard,0.0,21,1.098255931417552,-0.013002417158813576,0.00016906285197180969,0.0047147778348339085,0.006775001694793344,6.85185930869324e-05,0.008231198695363961,0.013921643991245469,0.0031483461349272454,0.24113088135131674,False,True,True
1.0,standard,0.0,22,0.5740185693592205,1.6146142995794557,2.6069793364064564,0.013487770107619972,0.016745714648669693,1.0565689283832738,1.3358481429735052,2.146424946989405,0.09238413143953257,0.4010603362832806,True,True,True
1.0,standard,0.0,23,0.6946864572793195,1.384641754718846,1.917232788910885,0.013740462733303283,0.016363141785713388,0.7770251819614048,1.010865545179097,1.5851076231539731,0.053260030372757956,0.38878741646033066,True,True,True
1.0,standard,0.0,24,0.8223455949666089,1.4140156172678762,1.9994401658774528,0.013076945518286424,0.015467360557055802,0.8103425769149427,1.070627130148397,1.6572392023815197,0.05608331348088826,0.42205487746878323,True,True,True
1.0,standard,0.0,25,1.2732698497347557,0.5968154256095718,0.3561886522455343,0.013378788232853375,0.01589017424585591,0.14435782338194625,0.2527862567626612,0.32009799109099446,0.025872023970433297,0.3833477489898067,True,True,True
1.0,standard,0.0,26,1.08562209368743,0.920589429336335,0.847484897405799,0.013671502215031894,0.015860144157905685,0.3434726916966431,0.5078681688387703,0.7196295403313251,0.008738347431980882,0.39669116523247755,True,True,True
1.0,standard,0.0,27,1.4217326752943753,1.4775646682579477,2.183197348884219,0.012830948995153753,0.014643611716533925,0.8848165580550518,1.256685252171303,1.8356586127563022,0.18734043873307737,0.5656382397300256,True,True,True
1.0,standard,0.0,28,0.8285687999624173,1.6530737341736352,2.7326527706147665,0.01193075563085189,0.014387211976250383,1.1075024528088075,1.440663621480306,2.2592382122966517,0.10549899387168483,0.463983706021019,True,True,True
1.0,standard,0.0,29,0.870538091984529,1.4142275709220815,2.000039622356171,0.012924549646422773,0.015232887381802925,0.8105855274748061,1.077982714436415,1.6595990388378292,0.05994622225426182,0.43276865871038006,True,True,True
1.0,standard,0.0,30,1.262011753455776,2.4206471599461303,5.859532672955266,0.007642917533236045,0.009215206741337864,2.3747791440591155,3.1012477349818965,4.847399174080856,0.3932311221112914,0.690218836611928,True,True,True
1.0,standard,0.0,31,0.8965406666257741,1.6615638866896447,2.7607945495511985,0.011683776395008044,0.01397500758028192,1.1189078862153685,1.466359386474039,2.285214113055118,0.11738629889931543,0.48048410779760775,True,True,True
1.0,standard,0.0,32,0.8593783571217254,0.8066694823171768,0.650715653701862,0.013256508138031373,0.015343793155646167,0.26372512099068096,0.3818299588502365,0.5496143390312382,0.058548076066511905,0.3272396495815835,True,True,True
1.0,standard,0.0,33,1.5080529694383074,0.2003532879730776,0.040141440001622966,0.012002816082885061,0.015549042350772944,0.016268712856289298,0.0615082544140666,0.06323993690315395,0.019088171415007935,0.36811828981248323,True,True,True
1.0,standard,0.0,34,0.8388139078407435,1.316299111704511,1.7326433514740849,0.013371384928833255,0.01569781302527326,0.7022139008055254,0.9377630693811264,1.4387724902087244,0.03990166728575168,0.40912864168285146,True,True,True
1.0,standard,0.0,35,1.1891509630883288,-0.3094129460512554,0.0957363711841171,0.001354467866005752,0.004662244427026867,0.03880048978398778,0.0712579607748773,0.08962948181640126,0.10199651208339158,0.21099183089380869,True,True,True
1.0,standard,0.0,36,0.7410618533612388,1.335849194554629,1.7844930705922508,0.013677536180944957,0.01616867846156254,0.7232278004558266,0.9505955408749013,1.4778022001463929,0.04446418639021775,0.3907862514532125,True,True,True
1.0,standard,0.0,37,1.019889176353051,0.7987329455304432,0.6379743182757379,0.013346606149284488,0.015510130007709767,0.2585612522444452,0.3892143359816407,0.5443418678316099,0.026378882066540408,0.3614571966437396,True,True,True
1.0,standard,0.0,38,0.4755842067371515,0.1861402180619829,0.03464818078016254,0.0039632449712965374,0.004709593640125676,0.014042378750799068,0.026396543842344005,0.03212861027787858,0.07757035435299749,0.13694722418778937,True,True,True
1.0,standard,0.0,39,1.0942439267756296,1.5373761515724473,2.3635254314237084,0.012042609705412094,0.014022417608164264,0.9579007771224687,1.297595061932969,1.9677876454603336,0.1333371047519435,0.503223258167361,True,True,True
1.0,standard,0.0,40,0.7567542660843389,1.7548380539962118,3.0794565957532116,0.011648879306865123,0.014359987668489806,1.248056749027678,1.6015271474502495,2.5407149489137835,0.1204391099272978,0.46533369562932614,True,True,True
1.0,standard,0.0,41,1.0424986417157132,1.0893820524618503,1.1867532562259935,0.01357982636119961,0.015732066541576054,0.48097297844886483,0.6824443966534519,0.9976135435215657,0.025435611221741206,0.4157677331090561,True,True,True
1.0,standard,0.0,42,0.9972010620872711,1.118056667133858,1.2500507109224708,0.013550100598591323,0.01571132371575707,0.5066264705744421,0.7101211298470254,1.0479800534023371,0.020566182421470795,0.41059522089941447,True,True,True
1.0,standard,0.0,43,0.8031758165107308,1.1218589564244599,1.2585675181097782,0.013874821335868938,0.016146874620930375,0.5100782025147285,0.6915143969401786,1.0479967163200963,0.02784264132988519,0.3682507421739539,True,True,True
1.0,standard,0.0,44,1.2995588191069105,2.6556210345555225,7.0523230791737435,0.006696095522253133,0.008400742148664767,2.8581988872402397,3.7094476895773543,5.828460062572923,0.4626275534160104,0.7383951889793944,True,True,True
1.0,standard,0.0,45,1.075169042257276,0.6477870931690118,0.419628118076358,0.012802348577016105,0.015007282898236681,0.17006887045241306,0.27425070054536554,0.3656827337039134,0.03478844874915163,0.3481013186529198,True,True,True
1.0,standard,0.0,46,1.182087108583095,1.0411736975076418,1.0840426683817344,0.013767334579126192,0.01594032977223075,0.4393459451169423,0.6443930758942847,0.9185775393030596,0.045623530478617884,0.4385185299372744,True,True,True
1.0,standard,0.0,47,1.0059731725546932,0.622888733425188,0.38799037422803495,0.012425854665389533,0.014544492274353983,0.15724657583447235,0.2515682394645459,0.3372184839803305,0.04672733083871666,0.32854649461577984,True,True,True
1.0,standard,0.0,48,0.8484755568790149,0.7473290046365799,0.5585006411711013,0.012950401416202061,0.014997503597807578,0.2263517841138422,0.33199261036621713,0.47325279309020035,0.06679739312557312,0.3147583926064962,True,True,True
1.0,standard,0.0,49,1.094524673377062,1.553559486129252,2.413547076942186,0.011964463392200864,0.013937420036401178,0.9781737864491472,1.3232285727281392,2.0089111115925133,0.13719589744817498,0.5060305428900064,True,True,True
1.0,standard,0.0,50,0.7839707237652137,1.234286651391481,1.5234635378031953,0.013772840357288759,0.016130897235617083,0.6174365155446526,0.8242171433437969,1.2649812619647405,0.03148922435795031,0.383065969741371,True,True,True
1.0,standard,0.0,51,0.888500268890652,0.9925491070743159,0.9851537299540217,0.013704229090890212,0.015876765060305408,0.39926776795442187,0.5599838579482638,0.8260137777172853,0.026835839119731097,0.3652217130866555,True,True,True
1.0,standard,0.0,52,1.3480506726188826,0.8107767703381105,0.6573589713198971,0.014341211874630805,0.016800796760713204,0.26641755620816615,0.42984266614543043,0.572951537279641,0.033966282305306995,0.4362096159275499,True,True,True
1.0,standard,0.0,53,1.1945103079779125,1.2368080893428874,1.5296942498640038,0.013321058384106943,0.015381763148919545,0.6199617280283954,0.8811089203338863,1.286382199300772,0.08796192298588344,0.4744553649596401,True,True,True
1.0,standard,0.0,54,0.8947816631207149,1.0543147635805863,1.1115796207039876,0.013711439059766626,0.015902051855717574,0.45050625152971563,0.6263366384884076,0.9302736786108087,0.015217781230167537,0.3770903910113028,True,True,True
1.0,standard,0.0,55,1.0202678535267133,0.20473613059173737,0.04191688316967694,0.007647363102831422,0.009541870063527053,0.01698827286939702,0.04620693198660483,0.049137670489478,0.03905820899317735,0.2607850262161648,True,True,True
1.0,standard,0.0,56,1.269420371968922,1.5305013504292364,2.3424343836657164,0.012206658835338075,0.014034872274510557,0.9493528974300814,1.3150837949439587,1.9588793021592394,0.17041899570616556,0.5408703081350313,True,True,True
1.0,standard,0.0,57,0.7965611136029963,1.3947526729659552,1.9453350187456766,0.01324490782802504,0.015673148364973265,0.7884145867208052,1.0395564827258406,1.611847187727434,0.051715104382777,0.4130744514394496,True,True,True
1.0,standard,0.0,58,0.8676914713953536,0.4387381316022635,0.1924911481218451,0.010115012552435161,0.011924695266969373,0.07801372387351163,0.13300217477590093,0.1711532140288728,0.07349324444373012,0.2666715941423626,True,True,True
1.0,standard,0.0,59,1.1053246686938794,0.4818172359590239,0.23214784886719375,0.011692695388727845,0.01392456677184865,0.09408597930898645,0.16931158257845058,0.21104341860138584,0.041458873269703905,0.3266303274834243,True,True,True
1.0,standard,0.0,60,1.39287053173876,2.3954960459809413,5.738401306310324,0.008117701717294784,0.009610186087056044,2.3256864502803976,3.0726368110398226,4.756265553329901,0.4139098317567259,0.7149464892082047,True,True,True
1.0,standard,0.0,61,1.3216277223934125,1.7481000239365245,3.0558536936868776,0.011206682655631586,0.012851537604556922,1.2384908531286574,1.6919020216120249,2.5483278729792693,0.23415485550881598,0.5893476343648071,True,True,True
1.0,standard,0.0,62,0.7178931928419084,-0.31929030590745955,0.1019462994464791,0.000882991713403161,0.0026994943383820734,0.04131727891149388,0.056645054281458836,0.0861666129971448,0.17244601108333268,0.1049015970625417,True,True,True
1.0,standard,0.0,63,1.56680969234246,0.941373823313364,0.8861846752196207,0.01536679929771535,0.017932491654602277,0.3591571208758106,0.5796468792237819,0.7724745572015012,0.09090817683650992,0.5068316074544773,True,True,True
1.0,standard,0.0,64,0.7201513763253714,0.7753599471255913,0.6011830476065998,0.013159922613945082,0.015182703413338692,0.24365031187683436,0.3438914579612553,0.5047698567286361,0.0930613785345364,0.2910808090424179,True,True,True
1.0,standard,0.0,65,0.8342683340135963,1.6198733268796834,2.623989595136254,0.012085041012634096,0.01451808193578696,1.0634629265775357,1.3870829008361285,2.170316120277691,0.09889922390161493,0.4596149466997556,True,True,True
1.0,standard,0.0,66,0.8326771383771044,0.5406157286473154,0.2922653660608678,0.011205857004047012,0.013074737883079765,0.11845069130779301,0.1869919504279445,0.2529251548146845,0.0803632512046367,0.2761944792453791,True,True,True
1.0,standard,0.0,67,0.76597642030062,-0.6291729357507786,0.3958585830812534,0.013311988513869763,0.021501426123927074,0.16043544077108524,0.18354548740722035,0.32371819856248396,0.4209602349526397,0.0852655437126111,True,True,True
1.0,standard,0.0,68,1.0692213165180904,1.0903319932901456,1.1888238555920623,0.013583311746545116,0.015731270842563195,0.48181216076334155,0.6866683111370289,1.000366949080341,0.03150257578902853,0.4218497075332327,True,True,True
1.0,standard,0.0,69,0.912328568451437,0.8365084625440542,0.6997464079078173,0.01337727624033064,0.015496595356677186,0.2835965371947767,0.41253056010737266,0.5917090047156903,0.04351405779887653,0.3440330321416438,True,True,True
1.0,standard,0.0,70,1.015800982364096,0.23009626255286114,0.052944290040795206,0.008008848588175046,0.009912302439913659,0.021457512536146424,0.053816994093336235,0.0583785920844725,0.042290576544171045,0.264097003687429,True,True,True
1.0,standard,0.0,71,0.8552602487125028,0.869664283960757,0.7563159667969762,0.013497592266658887,0.015617681703507719,0.30652331585387466,0.4370788859091841,0.6364986910455285,0.05207692761596548,0.33701264156403976,True,True,True
1.0,standard,0.0,72,1.2410448804762482,1.0676224165064048,1.1398176242269753,0.01383807660021726,0.016009712792130253,0.46195068329229805,0.6809406599167129,0.9670794936831589,0.06224700800477875,0.4560679154884717,True,True,True
1.0,standard,0.0,73,0.9808667685227209,0.298175276985518,0.08890849580539037,0.008788426960049792,0.010667133584174801,0.03603325612344791,0.07625141350041918,0.08775019360696559,0.0517255665883953,0.26790459217622814,True,True,True
1.0,standard,0.0,74,0.9803151184394903,0.11835962054431379,0.014008999775393946,0.0059246162814529345,0.007633245179033272,0.005677633755552634,0.023457191432330105,0.02415242646951452,0.027887019217613464,0.23728132734173585,False,True,True
1.0,standard,0.0,75,0.8792480332307632,0.9026009554264635,0.8146884847367647,0.013573856250393342,0.01571228228838985,0.3301808062932466,0.46999436866572314,0.6853490076402465,0.0422578720038707,0.3479143715869302,True,True,True
1.0,standard,0.0,76,0.7179716392151309,0.22592759485039293,0.051043278114883295,0.006006480702232084,0.007240608174499182,0.020687061422340045,0.043012760737348506,0.04987392580482149,0.06708560673248867,0.19740097963328407,True,True,True
1.0,standard,0.0,77,1.074227626819262,1.638423805192482,2.684432565421412,0.011547007325540976,0.013514346289899939,1.087959539746139,1.4580397031946972,2.230538316374436,0.15244433910891939,0.5159284223240114,True,True,True
1.0,standard,0.0,78,1.0917612517232198,1.6895101029614896,2.854444388008943,0.011277098569503366,0.01319988629560046,1.1568627361371784,1.5475742016967693,2.3710321655662767,0.16894840614915202,0.5284787395644617,True,True,True
1.0,standard,0.0,79,0.6109093048252511,1.1525909397956076,1.328465874498922,0.014667188327996622,0.01717094934781534,0.5384069393307364,0.7042942402609428,1.0992927117462585,0.07590535319205838,0.33086385991624423,True,True,True
1.0,standard,0.0,80,0.9606215690056422,0.6443438250360015,0.4151789648620253,0.012452760687348926,0.01453011309294741,0.16826569657288387,0.263292699604591,0.35829639573876676,0.053148722023626596,0.3221374086767566,True,True,True
1.0,standard,0.0,81,1.1434741219687232,0.8418133788105026,0.7086497647443547,0.013687535843720927,0.01592961446951318,0.2872049318070489,0.43878658613091037,0.6071886389805505,0.01430726484721468,0.39614691671901586,True,True,True
1.0,standard,0.0,82,0.9001704895208485,0.15454384458255435,0.023883799898356713,0.0059361459331711735,0.007462083914801485,0.009679739502312995,0.029526604289942734,0.030786765687020583,0.03903436543950935,0.22566169598456895,True,True,True
1.0,standard,0.0,83,0.749954793755727,0.40199214236993386,0.16159768252716916,0.009121035994321621,0.010712660925859839,0.06549307387004602,0.10950395755927804,0.14263241491238107,0.08865872407376295,0.2343521259033646,True,True,True
1.0,standard,0.0,84,0.7919249384736476,1.2819832593852165,1.6434810773439432,0.013628922366629178,0.016004484845241525,0.6660777922010912,0.8861755202271662,1.3638323367282847,0.03547996752237616,0.3929188408958575,True,True,True
1.0,standard,0.0,85,1.121106879579816,1.490960967717247,2.22296460725635,0.012259987510458127,0.014230787056455451,0.9009336208089513,1.2298054263475222,1.8534849733592784,0.12878112091363872,0.501302054995455,True,True,True
1.0,standard,0.0,86,1.1395434669509332,0.9316442029898323,0.8679609209645599,0.013759878279375241,0.015968099767879336,0.35177131146969126,0.5243462640258706,0.7385922896717185,0.017448797452407606,0.4105134735715274,True,True,True
1.0,standard,0.0,87,0.8809501353185973,1.2321160072460307,1.5181098553119006,0.013492271171451924,0.01574201954813477,0.6152667497571997,0.8339686583355843,1.2640719250014734,0.02796643746441114,0.40418513705312287,True,True,True
1.0,standard,0.0,88,1.0730355177526356,-0.5278212709820875,0.27859529410114625,0.0023330489072330507,0.008022657464285186,0.11291041982205337,0.1483261225477257,0.233307541153245,0.25098886805517645,0.1482172941439184,True,True,True
1.0,standard,0.0,89,0.854789503905192,1.0954739636472877,1.200063205029099,0.013764626164800745,0.01598861521434089,0.48636729751666313,0.6674954957217646,1.001665018299479,0.019303462311311866,0.3752110650898152,True,True,True
1.0,standard,0.0,90,1.0506730742153247,-0.5808563761819143,0.33739412975118555,0.00408752151760855,0.010967656683712938,0.13674069032146643,0.17191028441381045,0.2802052051514478,0.296739611908912,0.13530554197264338,True,True,True
1.0,standard,0.0,91,0.7797687664307786,1.1544398229067256,1.3327313047129121,0.013917155405540723,0.016229448731183153,0.5401356530828376,0.7266199257128305,1.1081522499231466,0.03046782734618579,0.36859102536564864,True,True,True
1.0,standard,0.0,92,0.8033312850556668,0.42919877555056046,0.1842115889341004,0.009726997063663572,0.011431817056066974,0.07465814492575529,0.12496079951598561,0.16265624412113794,0.08263399613344906,0.250793448656348,True,True,True
1.0,standard,0.0,93,1.1188101655842686,1.9507910668931148,3.805585786669977,0.009871310929444281,0.01165688679013274,1.5423458254314368,2.0345889263720425,3.15344115607073,0.23994324826979782,0.5787913680501496,True,True,True
1.0,standard,0.0,94,0.9609152735014835,0.6880339423749225,0.4733907058599782,0.01273717459979453,0.014832064182913123,0.19185802657205905,0.2951551725867561,0.4064362448804958,0.049547159803476,0.32961337295102194,True,True,True
1.0,standard,0.0,95,0.8794049613676227,1.2187865513371692,1.48544065772035,0.013527081848432784,0.015774680996391843,0.6020264226827144,0.8170425329263591,1.2371632432515647,0.025932187081568837,0.4015817840610422,True,True,True
1.0,standard,0.0,96,0.8803169391245517,0.7174954127175729,0.5147996672707602,0.01279486450108397,0.014842242810859373,0.20864044650622032,0.31121238498415194,0.4381508598313562,0.0627827585842326,0.3167528759123673,True,True,True
1.0,standard,0.0,97,1.1428327706017913,0.39238415311128055,0.15396532361285686,0.011016762226664863,0.01330990931753299,0.06239979531332094,0.12435647480865485,0.1470019943637787,0.03955823540386133,0.3197708646677641,True,True,True
1.0,standard,0.0,98,0.8346001547515678,2.794595788018412,7.809765618410249,0.005590362650904675,0.008352591172799035,3.165178785706242,3.957260174441434,6.420699740896781,0.38883285727622163,0.6589495041887106,True,True,True
1.0,standard,0.0,99,0.9451162078599941,1.4024386513483473,1.9668341707957713,0.012796991413034928,0.014994254039155268,0.7971278648528938,1.0720231529688304,1.6353136849538137,0.06810593232054994,0.44729296622785725,True,True,True
1.5,dtr,0.5,0,0.9382882613550554,0.02257399036479351,0.0005095850409897902,0.004930636425253505,0.008367798017952267,0.00020652703807805904,0.010457502493694868,0.01654004373371611,0.008046720196999705,0.23925662127138797,False,True,True
1.5,dtr,0.5,1,0.8622156037679539,0.019402231107755758,0.00037644657195876524,0.004159963500707353,0.0070680871929047285,0.0001525680489958503,0.008678548637819417,0.01390509864520125,0.007542218761795163,0.21964333397553212,False,True,True
1.5,dtr,0.5,2,0.8246688773278653,0.04038921816172981,0.001631288943715805,0.00425991005973745,0.006940911611097776,0.0006611365065597773,0.010517205105806837,0.01404647511888367,0.015979876263176335,0.213582573101647,False,True,True
1.5,dtr,0.5,3,0.7181293051663843,0.03784835899303959,0.0014324982784660006,0.003336799102837343,0.0053870490500277715,0.0005805696845591454,0.008278052847061937,0.010840556701699484,0.016733191507825443,0.18641935017869204,False,True,True
1.5,dtr,0.5,4,1.3193211136842469,0.007807790299573437,6.0961589362113055e-05,0.008996881258682804,0.01576871278769724,2.4706801563549768e-05,0.0167743696072641,0.03144540100654808,0.0018319496253532568,0.33257591715696044,False,True,True
1.5,dtr,0.5,5,0.8239530706871133,0.029253620879625856,0.0008557743345688818,0.004025375217193504,0.006692177307585415,0.0003468322740370124,0.009132989732214113,0.013251378286887432,0.011718379307336638,0.2116155565946761,False,True,True
1.5,dtr,0.5,6,1.0168592074324299,0.015976569667816642,0.00025525077835059876,0.005579533655872149,0.009608210293394563,0.0001034492439524427,0.011175888716457106,0.01901381947358098,0.005242965348278676,0.2579293607829984,False,True,True
1.5,dtr,0.5,7,0.8265275079370418,0.04595824914873286,0.0021121606648170045,0.004391654294118673,0.007089576360904388,0.0008560264744081838,0.011283936427139646,0.014565684011684812,0.01804175626015592,0.21494315867955116,False,True,True
1.5,dtr,0.5,8,1.273630906348164,0.018405411441113014,0.00033875917031665385,0.008620901339236878,0.014916025793409088,0.00013729392042471865,0.017279840950251098,0.02974709852934559,0.004479096018752501,0.3228025881671445,False,True,True
1.5,dtr,0.5,9,0.8622749817165057,0.002458240048820337,6.042944137624213e-06,0.0038210405244619647,0.006721236741350748,2.4491130108344456e-06,0.006906478742318233,0.013380991469448203,0.0009728148611980043,0.21693874766826338,False,True,True
1.5,dtr,0.5,10,1.056943696224335,0.036735052201872224,0.0013494640602742774,0.006444347366716406,0.010788955132352066,0.0005469171834791394,0.014909182632898747,0.02174446721594513,0.011219296018087327,0.2713275499409902,False,True,True
1.5,dtr,0.5,11,0.7884148144927519,0.03998954653944616,0.0015991638324305306,0.0039432578401634045,0.006400772483403938,0.0006481166893595137,0.009782640037775086,0.01294348736749757,0.016437420218253836,0.20441389765115534,False,True,True
1.5,dtr,0.5,12,0.7888983129121685,0.028872232760006746,0.0008336058245480068,0.003722025523063731,0.00617143894148453,0.000337847715337404,0.008470112939112191,0.012198316607774184,0.011997295845010856,0.20275099862273857,False,True,True
1.5,dtr,0.5,13,1.2725884552846949,0.012236132640451267,0.0001497229419947169,0.008476620387138971,0.014771279983861468,6.068042280527119e-05,0.016305867582726254,0.029424705323904933,0.003006347888061252,0.32155063145854035,False,True,True
1.5,dtr,0.5,14,1.4664050259386823,0.023688411337664344,0.0005611408317023846,0.011401031424982559,0.019716722999253967,0.00022742181303252586,0.02336010268916246,0.03958102733176776,0.004638628691932056,0.3720621131237125,False,True,True
1.5,dtr,0.5,15,1.366649769627477,0.04714291317890885,0.0022224542629941373,0.010464689160015153,0.017646600554725885,0.0009007267860701018,0.024857484699710084,0.03631963859881405,0.009932820284074554,0.35077488009656005,False,True,True
1.5,dtr,0.5,16,1.2270662742566019,0.03574639927859597,0.0012778050613848064,0.008399430098641041,0.014224896420455758,0.0005178748851347146,0.018912719720518386,0.028736407048142436,0.008960530505940851,0.31389196912804634,False,True,True
1.5,dtr,0.5,17,0.9774729766719337,0.02136984237647953,0.00045667016319558037,0.005290822645227167,0.009016621174044564,0.000185081445876463,0.011074085553029672,0.017839598063670345,0.0072953490656463066,0.24890386331503403,False,True,True
1.5,dtr,0.5,18,0.8250369796387755,0.008132815456758426,6.614268725368876e-05,0.0036122728241818106,0.006270985691137105,2.6806621447314853e-05,0.006873099398565707,0.012372677747313283,0.0033262053149274735,0.20849788644860526,False,True,True
1.5,dtr,0.5,19,0.788932791749872,0.01837372660632542,0.00033759382940399066,0.003513500300033843,0.005953854560946188,0.00013682162554224715,0.007330151396611202,0.01166765229508228,0.007716452926241766,0.20107465490516346,False,True,True
1.5,dtr,0.5,20,1.2727835415400706,0.028701336728358902,0.0008237667299946437,0.008828228452433624,0.015099385274108678,0.0003338600805129415,0.0189214455767036,0.0303046034491713,0.0068938580834431145,0.3242422767289245,False,True,True
1.5,dtr,0.5,21,1.0576186159950807,0.008970246304924828,8.046531877101753e-05,0.005863340450317778,0.010221048024952831,3.261136536015006e-05,0.011112745107839913,0.02028516799538432,0.0028312479585086933,0.26704081269095564,False,True,True
1.5,dtr,0.5,22,0.5437359963230637,0.027646222422030853,0.0007643136142084015,0.0019536113732164517,0.003142420460060465,0.0003097646402621934,0.0046586364370244425,0.00615985923284603,0.014511106383498501,0.14098630359226305,False,True,True
1.5,dtr,0.5,23,0.5106779578352253,0.030360140964472985,0.0009217381593826707,0.0018071468461969733,0.0028649957793671008,0.000373566405267848,0.004471985117533629,0.005670027514387673,0.016362433531807725,0.13311997866698871,False,True,True
1.5,dtr,0.5,24,0.7515142155047906,0.03359019435537127,0.001128301156831616,0.003513190004119588,0.0057464365500000635,0.0004572832348607932,0.008362561117251671,0.011443132596169789,0.014427168585417495,0.19411991249334906,False,True,True
1.5,dtr,0.5,25,1.1403847426960962,0.023032070963940245,0.0005304762928879794,0.007087008745369666,0.012139120492098502,0.00021499394355843803,0.014793050454843191,0.024174141475047643,0.006489938532406466,0.29008288671377463,False,True,True
1.5,dtr,0.5,26,0.9776947334991651,0.04220978603224478,0.0017816660368878867,0.005733230300653064,0.009464814881097773,0.0007220820468513349,0.013933859895722498,0.01924087712604792,0.014063456162313208,0.2523043488475178,False,True,True
1.5,dtr,0.5,27,1.182175228070225,0.04221532058060412,0.001782133291723178,0.007989316372414785,0.013397235345510112,0.0007222714181032321,0.018841764238061935,0.02729958677646854,0.01105180611782575,0.3036566812297392,False,True,True
1.5,dtr,0.5,28,0.681322250970125,0.03856815884428603,0.0014875028766380787,0.0030740743397598604,0.004927919360502639,0.0006028622085294099,0.007743158689730421,0.009947219073778794,0.017660570884702846,0.1772914756504468,False,True,True
1.5,dtr,0.5,29,0.7893254068596226,0.024999535046413637,0.0006249767525368636,0.0036480609251945623,0.006096517281298007,0.0002532935372639178,0.008044468450661701,0.01199351510648251,0.01042455227999492,0.20223669016008738,False,True,True
1.5,dtr,0.5,30,1.1833240912071405,0.03500069786076815,0.00122504885074078,0.007849159406482883,0.01327356109164489,0.0004964935983069657,0.017674144093437014,0.02676369492606351,0.009238221506072392,0.3027872550939024,False,True,True
1.5,dtr,0.5,31,0.8255091855162272,0.02395463961208501,0.0005738247589448723,0.00393138803651797,0.0066038689566413475,0.00023256241511829446,0.008549168720184307,0.013001036542501725,0.009633124132102669,0.21115586311784673,False,True,True
1.5,dtr,0.5,32,0.8629046740014896,0.024633382251316085,0.0006068035211394543,0.00427267807720369,0.007188540038942672,0.00024592820400075137,0.009293359530623683,0.014183761343467834,0.009515559276716743,0.22065597691990416,False,True,True
1.5,dtr,0.5,33,1.4660826901855375,0.004520163931014222,2.0431881963241946e-05,0.010999856416697668,0.019367604971286277,8.280729858224824e-06,0.020021586981432245,0.03869248093299335,0.0009102302232274307,0.3689046750839052,False,True,True
1.5,dtr,0.5,34,0.7519371147950842,0.034983834592019716,0.0012238686827617954,0.0035444054110210284,0.005781635008855168,0.0004960152942408556,0.008529655102024372,0.01154881057082005,0.014998504708105565,0.19444979394639283,False,True,True
1.5,dtr,0.5,35,1.1407681848553757,-0.004534441471168994,2.056115945545723e-05,0.0065073591954446786,0.011586102145899797,8.333124052343088e-06,0.012171000844680943,0.023292456950984204,0.001322529835303316,0.2857547762773168,False,True,True
1.5,dtr,0.5,36,0.6476134624075561,0.039978649034526054,0.001598292378625811,0.0028582707926869118,0.004542319149940268,0.0006477635024355787,0.007351338827190988,0.009227789751324406,0.018878344557878853,0.16905252775809118,False,True,True
1.5,dtr,0.5,37,0.9380847984443516,0.017763893610210333,0.0003155559161948715,0.004828878926461739,0.008263247573299668,0.0001278899957368269,0.009868273351340698,0.016305678174696577,0.006367699351203093,0.23843350842184996,False,True,True
1.5,dtr,0.5,38,0.5105827476022012,0.019060124855095013,0.0003632883594918107,0.001618720168289181,0.0026594607807115585,0.00014723522634877347,0.003575511053357952,0.005124073872577295,0.010373303014369076,0.1312824242178455,False,True,True
1.5,dtr,0.5,39,1.098522963131635,0.022654801971749242,0.0005132400523791734,0.006601896897921982,0.011294039791415987,0.00020800835839885313,0.013793108447690695,0.022456934567643402,0.00670536828253504,0.279509533905062,False,True,True
1.5,dtr,0.5,40,0.7520635792846411,0.043333427512200165,0.0018777859399551062,0.0037137526859624633,0.005961360532363239,0.0007610379762527648,0.009528072206475767,0.012182189273245127,0.018421313701593393,0.1958216565882558,False,True,True
1.5,dtr,0.5,41,0.8250380020133669,0.03593745595389111,0.0012915007404378637,0.004171363552438519,0.006850688721153017,0.0005234255347844799,0.009961807429615641,0.013724050624902605,0.014279431588472715,0.21296076732448133,False,True,True
1.5,dtr,0.5,42,0.8629878560738095,0.02453397447788018,0.000601915903681276,0.0042713888574779256,0.007187740516271417,0.00024394732725653706,0.009283176707152981,0.01418106647661254,0.009477320337389267,0.22066091166475008,False,True,True
1.5,dtr,0.5,43,0.7520515999069777,0.034954748025140335,0.0012218344095010522,0.0035447361876481277,0.00578259303058657,0.0004951908343423337,0.00852828310726249,0.011549966627506464,0.014984749307632305,0.19447387636434985,False,True,True
1.5,dtr,0.5,44,1.1835681043209862,0.03623513356210738,0.0013129849042637606,0.00787842217241562,0.013303941001796974,0.0005321327384181031,0.017881661615673575,0.026868333406285843,0.0095458218337519,0.30304666042665385,False,True,True
1.5,dtr,0.5,45,1.0561727825577822,0.023670902343430358,0.0005603116177522168,0.006158066002437124,0.010499156510771821,0.0002270857452768309,0.01300899770343969,0.02085944184207755,0.007351944394095246,0.26903716308270953,False,True,True
1.5,dtr,0.5,46,1.227279092803452,0.023002880274267064,0.0005291325009122648,0.008131038680713104,0.01397366945055308,0.0002144493251842441,0.016853501819318568,0.02789539692457979,0.005864065658941153,0.3119000891929512,False,True,True
1.5,dtr,0.5,47,0.8992221529763692,0.02264065789096438,0.0005125993897356877,0.0045624431690377545,0.007723408773469809,0.00020774870760943955,0.009724900010364234,0.0152416402238023,0.008426975107421011,0.2294566003690837,False,True,True
1.5,dtr,0.5,48,0.7872149822054367,0.036611536852563895,0.0013404046307066441,0.0038644137107154792,0.006311222014085272,0.0005432455349714713,0.009347141988100017,0.012656901512667015,0.015119630753378193,0.20357041421494046,False,True,True
1.5,dtr,0.5,49,1.1411549377591925,0.02477658006768201,0.0006138789198502574,0.007133104699079015,0.012190711063112073,0.00024879575508923154,0.015067943909061327,0.024304498158354785,0.006959755554712067,0.29055629918385056,False,True,True
1.5,dtr,0.5,50,0.8245249552729639,0.023264887936009903,0.0005412550106750991,0.00390904334458956,0.006574748629233119,0.00021936239333578884,0.008454406759020839,0.012936239591684608,0.009372073705073812,0.21079798750633005,False,True,True
1.5,dtr,0.5,51,0.7876198061655677,0.027007545579781418,0.0007294075182439708,0.003674106828529783,0.0061140420167424755,0.0002956177324243968,0.008238057592211637,0.012054044385334688,0.01125847516464849,0.20213064470758138,False,True,True
1.5,dtr,0.5,52,1.2721029270881934,0.022253703604077173,0.0004952273240981174,0.00868279387051483,0.014957000828615773,0.00020070807459859552,0.017851284902778396,0.029879505226127926,0.0053966141238821754,0.32303651284225715,False,True,True
1.5,dtr,0.5,53,1.0990599950683613,0.02797840266312866,0.0007827910155801649,0.00672120784546988,0.011415360916259677,0.0003172532489726799,0.014572473849938842,0.022787880838224896,0.008221103574903571,0.2804988333641879,False,True,True
1.5,dtr,0.5,54,0.8994809094881042,0.018392176081526566,0.0003382721410138779,0.00447752004745256,0.007638396569920103,0.0001370965348830156,0.00922929286240892,0.015049294592908104,0.006875477597455293,0.22883970404625448,False,True,True
1.5,dtr,0.5,55,0.9772911915369423,0.0033116194186232073,1.096682317380231e-05,0.004914103228045986,0.008638106019572402,4.444686019063478e-06,0.008929505893246488,0.01719924080851065,0.0011543579212614239,0.2459598800276233,False,True,True
1.5,dtr,0.5,56,1.4156617658449415,0.019323335984596065,0.00037339131357358516,0.01057247140818423,0.01833728498732445,0.0001513297994121718,0.021151690398624502,0.03669019051246754,0.0040169648435733965,0.3586183029699919,False,True,True
1.5,dtr,0.5,57,0.8625920596480103,0.03521080435963259,0.0012398007436523217,0.004487700937122659,0.007408675887525341,0.0005024723153100153,0.010585086283355511,0.014830317146675362,0.01345312459121174,0.2222751380672046,False,True,True
1.5,dtr,0.5,58,0.8251452330453084,0.019281306509196343,0.00037176878070157725,0.0038343231394278236,0.006501040078466728,0.00015067221160781005,0.008025475672459283,0.012766166494099927,0.00779447690553969,0.21031439678736377,False,True,True
1.5,dtr,0.5,59,1.3659685566771769,0.011071365320405497,0.0001225751300578775,0.009700440654160456,0.016950979371017905,4.9677829050310565e-05,0.018454897576366477,0.03381752011418821,0.002456834385209708,0.3448143496202407,False,True,True
1.5,dtr,0.5,60,1.2733341426940552,0.02872714591450617,0.0008252489123933286,0.008835867597838932,0.01511235221012756,0.0003344607864129759,0.01894004894911032,0.03033171741405878,0.006895518195864645,0.32438469224524896,False,True,True
1.5,dtr,0.5,61,1.1000300232910667,0.04123675773190539,0.001700470188239859,0.007015234570192108,0.011712171118065696,0.0006891746088838856,0.0166239083704123,0.02379889104707884,0.011903520713562153,0.2828703939035454,False,True,True
1.5,dtr,0.5,62,0.7166818693325211,0.003443469985794294,1.1857485543066155e-05,0.002668850812732111,0.004674586912730267,4.805657880981485e-06,0.004884480859347949,0.009265409519395548,0.0015762980860784563,0.18053389469114947,False,True,True
1.5,dtr,0.5,63,1.4670779827000373,0.0314762059859571,0.0009907515432704015,0.011570993233791472,0.019872337027879366,0.0004015364762385197,0.0248323764290993,0.04014224826634981,0.006090119850897061,0.37348104885304323,False,True,True
1.5,dtr,0.5,64,0.8250059422063348,0.012010034729256868,0.0001442409341979561,0.0036884241187728306,0.006349330916685092,5.845864873045387e-05,0.007259391646289998,0.012484460754851597,0.004892463570600098,0.2091123827894437,False,True,True
1.5,dtr,0.5,65,0.7884836285458161,0.035105932902045535,0.0012324265249229233,0.003844384911351077,0.0062973235760759695,0.0004994836570296145,0.009189225346620714,0.012587176308990056,0.0145012760852303,0.20364736265336134,False,True,True
1.5,dtr,0.5,66,0.9000022152452803,0.012226464064525317,0.00014948642352112892,0.00435643892048853,0.007518535060470478,6.058456547848235e-05,0.00854254642565771,0.014827244599505015,0.0045986877217646695,0.227981028023287,False,True,True
1.5,dtr,0.5,67,0.8251774952889059,-0.008653682704527908,7.488622435064544e-05,0.0032890061884180894,0.005940250388196211,3.035024355885221e-05,0.00680740426085721,0.012172002800696599,0.0036002741758486504,0.20583895384747458,False,True,True
1.5,dtr,0.5,68,1.0562128292311117,0.023078432508369953,0.000532614047043387,0.0061459388561293194,0.010487509875427115,0.000215860342683887,0.012928315920542994,0.02082878788518161,0.007172745957680629,0.2689521290862147,False,True,True
1.5,dtr,0.5,69,0.8999990728945942,0.015922555518995535,0.0002535277742554952,0.004431762998797797,0.007595230244015803,0.00010275093669509674,0.008955520790201984,0.014962981069165668,0.005964908224707787,0.22857345881101704,False,True,True
1.5,dtr,0.5,70,0.9770687588741841,0.020071968008312763,0.00040288389972673104,0.005259612932099626,0.008982235212825674,0.00016328269436301327,0.010901912412561353,0.01776197352696598,0.006865687583554428,0.24859404371942193,False,True,True
1.5,dtr,0.5,71,0.7896036462868601,0.018355510681824828,0.00033692477239058536,0.003518633374748969,0.005963062949135518,0.00013655046694815743,0.007339112179888257,0.011686079530902052,0.007703692326733818,0.2012402038074652,False,True,True
1.5,dtr,0.5,72,1.0983103072732439,0.025029068279061813,0.0006264542589179383,0.0066500136888932426,0.011339215207635292,0.0002538923480453962,0.014127152334776811,0.022580802529844436,0.007388056436892417,0.27983719734849843,False,True,True
1.5,dtr,0.5,73,0.8623740163612631,0.024713467522803786,0.0006107554770006775,0.004269574007170896,0.007181965752899339,0.00024752987138299703,0.009293137953259652,0.014171413563654886,0.00955109887936171,0.22053556582501604,False,True,True
1.5,dtr,0.5,74,0.9004703036512651,0.021915881940986252,0.00048030588125124737,0.00455909121476083,0.00772837158160681,0.0001946606415950101,0.009661489222360283,0.015246036439611163,0.00815251887434502,0.22965372401872505,False,True,True
1.5,dtr,0.5,75,0.7894133383359406,0.021244942941574148,0.0004513476005907412,0.0035741578076247072,0.006019858237917102,0.00018292429250393202,0.007639637739052927,0.011808945264863794,0.008891990682403065,0.20165616326136096,False,True,True
1.5,dtr,0.5,76,0.6814878561039572,0.017503333295896945,0.00030636667646725464,0.0026736081523558767,0.004502266483973274,0.00012416573715292556,0.00561692254320506,0.008767501512431547,0.008176032352018756,0.17395217543847083,False,True,True
1.5,dtr,0.5,77,1.0982685842213875,0.019632859305958702,0.0003854491645275692,0.006534853627164804,0.01122637400381313,0.000156216662335534,0.013364021896774946,0.0222917079835175,0.005834541397240301,0.27896063185811304,False,True,True
1.5,dtr,0.5,78,0.9782020491172589,0.029300982635305166,0.0008585475833944549,0.005464804137305631,0.009197202544816683,0.0003479562294511794,0.012127243497163983,0.018312213743525443,0.00990364898174759,0.2503598983106491,False,True,True
1.5,dtr,0.5,79,0.5793370566569687,0.02814317956154115,0.0007920385558331475,0.00218099100736453,0.003525249445932345,0.0003210011358695294,0.005169656582063212,0.006919511687022424,0.014305730466793174,0.15000660395551865,False,True,True
1.5,dtr,0.5,80,1.0153616370884844,0.040751001682442875,0.001660644138122462,0.006088446420014823,0.010105017313481315,0.0006730337187331109,0.014562114312764295,0.020491041630750013,0.013009277336468448,0.2615295519740511,False,True,True
1.5,dtr,0.5,81,1.183531770231378,0.015565552073951423,0.00024228641136689343,0.007437648195076929,0.01288252796960334,9.819498392059202e-05,0.014698675375017123,0.025618364957453812,0.00421325371306165,0.29972008334098943,False,True,True
1.5,dtr,0.5,82,0.8622162357311026,0.009952917208003202,9.906056094936625e-05,0.003969553543724021,0.006872662243269129,4.014773315065493e-05,0.007656271442956053,0.013553998112420683,0.003907938199354045,0.21812688482635775,False,True,True
1.5,dtr,0.5,83,0.8619895691663169,0.02293960769559323,0.0005262256012277201,0.00422991708428386,0.007138652656946205,0.00021327120311717375,0.009078923885829133,0.014066967855058966,0.008885961409877895,0.22015431593352414,False,True,True
1.5,dtr,0.5,84,0.9376616444615574,0.0327761427341186,0.0010742755325273156,0.005137880323911868,0.008574048162105375,0.00043538747405468144,0.011758842052209189,0.017126093193805553,0.011558577749399673,0.24073669605133297,False,True,True
1.5,dtr,0.5,85,1.0980404243816746,0.028860278214304837,0.0008329156586070784,0.006728580432056571,0.011413761181400514,0.00033756800161722605,0.014678875275155996,0.022802978708155095,0.00848099789247687,0.28038432766400323,False,True,True
1.5,dtr,0.5,86,1.0159689885974819,0.039120787632580534,0.001530436024993466,0.006060011319917564,0.010081143921854153,0.0006202623581648497,0.014333134848332525,0.020381924627540092,0.012504155498239607,0.2614204287804483,False,True,True
1.5,dtr,0.5,87,0.8609421537244403,0.033890467251005876,0.0011485637704915018,0.0044455316738981,0.007354676796732105,0.00046549536285962143,0.01038571878538013,0.01468651987703684,0.012990003594029999,0.22164888199079522,False,True,True
1.5,dtr,0.5,88,1.0166879240090239,0.012500688119782957,0.00015626720346808277,0.005504909828644112,0.009532743759968468,6.33327120794567e-05,0.010739146260461312,0.018872642471102596,0.004119917064515976,0.25732846975722307,False,True,True
1.5,dtr,0.5,89,0.9383465346653821,0.011328902165204295,0.00012834402426877055,0.004698710514482717,0.008133557455705888,5.201587380933103e-05,0.009124233153025834,0.016069330833444546,0.004089024337298976,0.23746642722643824,False,True,True
1.5,dtr,0.5,90,0.9774102589824427,0.005976026736253654,3.5712895552418504e-05,0.004970174649678606,0.008694944553816563,1.4473891394664894e-05,0.009228148859955904,0.017263479582924738,0.002076521205345576,0.2464174169785065,False,True,True
1.5,dtr,0.5,91,0.6823642409145003,0.024107491616752474,0.0005811711520517908,0.0028036256894322345,0.004644534517502638,0.000235539796098674,0.006252219981945127,0.009082478853078156,0.011181195140143142,0.1752322255594973,False,True,True
1.5,dtr,0.5,92,0.7892637937849557,0.029485274037968353,0.0008693813850940905,0.003737363165821467,0.006189567105490735,0.0003523470038973933,0.008546289781949745,0.012245438208617867,0.012239805597512615,0.20294117496383537,False,True,True
1.5,dtr,0.5,93,1.0154528725690366,0.04316608353675613,0.0018633107679022084,0.006140967020301611,0.010158475277320935,0.0007551714099894604,0.01492830353507577,0.020697393548800225,0.013739160649519626,0.2619400828970533,False,True,True
1.5,dtr,0.5,94,0.9776728560497215,0.023649771173163907,0.0005593116765430145,0.005340618297063495,0.009068189062809793,0.00022668048436927434,0.011370407923731025,0.017964577058190073,0.008050696895024637,0.24931998615150114,False,True,True
1.5,dtr,0.5,95,0.8998281939785868,0.02133357466937033,0.0004551214081735994,0.004541147333356345,0.00770571382116039,0.00018445375910846657,0.009580354815800753,0.015196497753715118,0.00794652624556555,0.22939901032393623,False,True,True
1.5,dtr,0.5,96,0.9373475340995219,0.021864788535928863,0.00047806897772088624,0.004906821391105474,0.008336983250237396,0.0001937540587414504,0.010351730768137415,0.016472152184739047,0.007808342918845179,0.23890654888489993,False,True,True
1.5,dtr,0.5,97,1.140669222157466,0.02106262910281064,0.0004436343447225658,0.007048382433505525,0.012104431480357386,0.00017979822764673312,0.01451281029752363,0.024080617409942426,0.005947961361389631,0.28983823444480256,False,True,True
1.5,dtr,0.5,98,0.6122238380402285,0.061985973949291125,0.003842260966442198,0.0030419068027451855,0.004590725288750871,0.0015572097159307044,0.009332087114318014,0.010443947537678118,0.029643956252909116,0.16369724611202932,False,True,True
1.5,dtr,0.5,99,0.8983227232796287,0.03207571588524128,0.00102885154955072,0.004749584422309457,0.00790915709655006,0.0004169778271709291,0.01087942249379189,0.01576344657887593,0.01182796836908141,0.23074504524939166,False,True,True
1.5,standard,0.0,0,0.9734027930465201,1.3521924779008505,1.8284244972916421,0.02194423269382993,0.02677058331416121,0.7410325370649424,1.0178561354760476,1.529700558986707,0.029454665119490776,0.46147775644473293,True,True,True
1.5,standard,0.0,1,0.881980841481343,1.0376992956235236,1.076819828137557,0.02083484462163224,0.025273874437248038,0.4364186382257441,0.616739287181592,0.9069807972138876,0.09150165943358113,0.3880429247119388,True,True,True
1.5,standard,0.0,2,0.8936816224268531,2.3183247640188407,5.3746297114630135,0.020425681566983045,0.02522565329634637,2.1782553760188357,2.777607181592806,4.4333785343841265,0.1231872982496968,0.596520792033614,True,True,True
1.5,standard,0.0,3,0.8512861464863758,1.9586832207089728,3.8364399590868747,0.02158255132399006,0.026700977668309207,1.5548505505097765,2.0046735054017772,3.1702291389367927,0.055951455291838814,0.5281517624848002,True,True,True
1.5,standard,0.0,4,1.3296709400494715,0.5730962264276848,0.32843928474565215,0.018779098539907044,0.025026883561238264,0.1331114283402892,0.2546543530829946,0.31149891302134475,0.052661184932707335,0.42590345576346905,True,True,True
1.5,standard,0.0,5,0.8078803855865646,1.4862270271773816,2.2088707763125175,0.022337748432438784,0.02726807436501501,0.8952216062758152,1.1826443153261026,1.8332011962948271,0.0537316121061445,0.4414223513246729,True,True,True
1.5,standard,0.0,6,1.0315991736668828,1.0219764459240306,1.044435856023513,0.020904092625365276,0.02569217561777562,0.4232939086832025,0.6191861648588521,0.8878117099621237,0.05901230104900884,0.4230932591927972,True,True,True
1.5,standard,0.0,7,0.9906432628094904,2.3308045705423845,5.43264994606127,0.020366537640079233,0.02472773923427307,2.2017700913976412,2.8326432187131654,4.4876491314094045,0.1460611353629754,0.6228738905484007,True,True,True
1.5,standard,0.0,8,1.3610049926093093,1.3359848572528923,1.784855538809031,0.022989833402410394,0.02843826642759323,0.7233747032908543,1.06025869133541,1.518057000672205,0.05224487337296687,0.5562154738416917,True,True,True
1.5,standard,0.0,9,0.8651349987331405,0.12475589073950154,0.015564032274206446,0.006447347838418553,0.009478757916749804,0.006307864689080575,0.025886103002615832,0.027789072746560773,0.043087185512423715,0.2372856693445661,False,True,True
1.5,standard,0.0,10,1.1727267562779886,2.9929839758677423,8.95795307980108,0.018937759649604313,0.021570935909406914,3.630521636231881,4.636074119029119,7.390820904304608,0.3195309405671277,0.7748800497410923,True,True,True
1.5,standard,0.0,11,0.8787178151810857,2.7660105914130146,7.650814591808975,0.018902222703345815,0.023355610988809332,3.100758361080619,3.893936241241995,6.296453319423803,0.20454563097484163,0.6646161546970825,True,True,True
1.5,standard,0.0,12,0.8472653363387725,1.505546967576603,2.2666716715791044,0.0222312396322516,0.0271518510351222,0.9186474267718049,1.2187785223461602,1.8827006045210948,0.039626607950020314,0.4544139796708569,True,True,True
1.5,standard,0.0,13,1.2651504395084276,0.7596898525852311,0.5771286721209702,0.020126307206847074,0.02585260120365325,0.2339014406929094,0.3926319343363766,0.5145476587181823,0.05159241465578232,0.4396484794725537,True,True,True
1.5,standard,0.0,14,1.5574088212419843,1.818000089710057,3.3051243261857755,0.02398869089967086,0.02869949243992979,1.3395164352569073,1.8957512904463616,2.7848513142803286,0.17208782956252922,0.6829017010525521,True,True,True
1.5,standard,0.0,15,1.662353193581392,3.4876959577124835,12.164023093443998,0.022006151396367312,0.023135537414089618,4.929892870721908,6.416191495133256,10.067877596832702,0.5124834976419121,0.9772414587406487,True,True,True
1.5,standard,0.0,16,1.2962302731514126,2.1965532521708315,4.8248461896222565,0.021574269461012215,0.025372377985655975,1.9554365072990014,2.6100974601672613,4.012275021614106,0.1936047252809047,0.6780691044863659,True,True,True
1.5,standard,0.0,17,1.0211306645645024,1.2603796906959028,1.5885569647186997,0.021793886638336892,0.026642805066952248,0.6438178877943123,0.9019837697726416,1.3351567875355408,0.03152391883702451,0.4587278328407902,True,True,True
1.5,standard,0.0,18,0.8264280978252616,0.46186061949933915,0.21331523184431334,0.01344387608287567,0.016831134892238576,0.08645340711762213,0.14883503846047455,0.19222905241170987,0.11182400536983561,0.2816702148901854,True,True,True
1.5,standard,0.0,19,0.8348383916035987,1.0858661388499424,1.1791052715008825,0.021145910565045372,0.025559253857122,0.47787336698955785,0.6634733601371653,0.9888911390500454,0.09844207381341778,0.38393472443395477,True,True,True
1.5,standard,0.0,20,1.3426198009721186,1.6823424189577878,2.830276014624741,0.022781463957733193,0.027586092133540126,1.147067663345189,1.6027893474007098,2.377287879753025,0.1079704824914626,0.6071885086340764,True,True,True
1.5,standard,0.0,21,1.0835052556730878,0.6701709965483239,0.4491291646145736,0.018113883721471588,0.022940657916399616,0.18202519426817187,0.3025219302648349,0.3988082997699682,0.07576622557299713,0.37966398588918604,True,True,True
1.5,standard,0.0,22,0.5367234190936898,1.44153917517765,2.0780351935718597,0.023820631920116762,0.028975341119068673,0.8421959418525413,1.070751551561905,1.7133214716590561,0.14461353081621456,0.3661539938597296,True,True,True
1.5,standard,0.0,23,0.5371085543743269,2.1677201888259665,4.699010817043684,0.022577550243252482,0.029582481411757035,1.9044373517240587,2.3540030109663994,3.8588221961725457,0.09811448580481365,0.48280222610660783,True,True,True
1.5,standard,0.0,24,0.7594053190798101,1.9500089084642112,3.8025347430897845,0.021907627751447847,0.027365400547806763,1.541109284043879,1.9668963638784887,3.1370411539796224,0.05422418751223781,0.5036853939328195,True,True,True
1.5,standard,0.0,25,1.1636110244751574,1.3605483772041904,1.851091886712956,0.022200346820334775,0.027230705402469482,0.7502192839699398,1.0614229130793071,1.5595839660740638,0.0199065530100728,0.5105861047460789,True,True,True
1.5,standard,0.0,26,1.133345572033071,2.6072791028788416,6.797904320308697,0.01982580890514383,0.023243812603553723,2.7550868480841557,3.5521923734618692,5.61743850686631,0.23527890439661392,0.7030848580273926,True,True,True
1.5,standard,0.0,27,1.2464105914599157,2.658162142120282,7.065825973801487,0.02015992949086934,0.023143275583266593,2.8636714043053626,3.720591012447116,5.846455305811937,0.2713852070841162,0.7396457086960548,True,True,True
1.5,standard,0.0,28,0.7445641409279994,2.195438001302564,4.819948017563397,0.021208989880843045,0.026836917954333572,1.9534513529362512,2.465066639811991,3.969513891788954,0.08788157999693309,0.539349497086799,True,True,True
1.5,standard,0.0,29,0.8626438622549006,1.3140361614028844,1.7266910334744272,0.021981270261705307,0.026714022875746934,0.6998015171849616,0.9479016573801856,1.440209614805774,0.06351770004984154,0.42753866625632686,True,True,True
1.5,standard,0.0,30,1.3059870588469438,2.9706914573354135,8.825007734685602,0.019733214100128953,0.021999208631926438,3.576640917324525,4.616547971557584,7.293883419195447,0.3451182345752659,0.8047679446828835,True,True,True
1.5,standard,0.0,31,0.8858580209780964,1.4963712472690007,2.239126909653385,0.022144987528796897,0.027035348827826152,0.9074839552459633,1.2118067784802236,1.8621808735059957,0.030414192867091957,0.4626331128749556,True,True,True
1.5,standard,0.0,32,0.9353171314696046,1.3601012121404727,1.8498753072659833,0.021972120770523594,0.026779049659986065,0.749726222891691,1.022533675728678,1.5452313926219385,0.037938880902493574,0.45318260225891616,True,True,True
1.5,standard,0.0,33,1.4455919236585846,0.44214058628713054,0.19548829804232754,0.018334409621427246,0.02560334122029446,0.0792284229834989,0.18117659117696744,0.20686347801622476,0.04526232061241244,0.4339965554788508,True,True,True
1.5,standard,0.0,34,0.780202860732321,1.8378010272510876,3.377512615765153,0.022093818889202598,0.027404754022982,1.3688543039850147,1.7608779447482321,2.789948967583626,0.04138414747889391,0.49089902525450896,True,True,True
1.5,standard,0.0,35,1.1450595304662994,-0.26814875977754205,0.07190375737023395,0.001961650233489128,0.00790864552732669,0.029141495220334296,0.06530777481487023,0.07752718236912491,0.10594433587041491,0.2445225652265917,True,True,True
1.5,standard,0.0,36,0.7614832620383032,2.1339710831014274,4.553832583513079,0.02134959074715408,0.026872201899023986,1.845598829882361,2.33828381798794,3.752591965282196,0.07895836583545869,0.5337330226088636,True,True,True
1.5,standard,0.0,37,0.9483653084729209,1.165365010498263,1.3580756076936165,0.021471535595150443,0.026162386898063147,0.5504073121892177,0.7717248145160301,1.1416591321526581,0.0610972246543052,0.42520439181299574,True,True,True
1.5,standard,0.0,38,0.5085248027816283,0.930672174881689,0.866150697099013,0.020677768515358023,0.02420382308981738,0.35103765537083187,0.4640347487933496,0.7189271310896788,0.19829751903839496,0.2770786661440072,True,True,True
1.5,standard,0.0,39,1.1379339898599974,1.5554709198388874,2.4194897824644346,0.02216898574491528,0.027033416906184566,0.9805822742793554,1.3503573150291348,2.0253693992691697,0.042220498233632844,0.5354227218679346,True,True,True
1.5,standard,0.0,40,0.8152416464948387,2.1092353044336822,4.448873569469448,0.021249893061937676,0.026509197857259744,1.803060543735027,2.299706722585561,3.6698816475119402,0.07736391454533147,0.5432633593081643,True,True,True
1.5,standard,0.0,41,0.8836222477580301,1.8246767881864414,3.3294453813463876,0.021817383533625806,0.02683453822683675,1.3493733876421228,1.7591886170902096,2.756530844769218,0.03777075899542434,0.5147644355365891,True,True,True
1.5,standard,0.0,42,0.9384326588620239,1.370997146593308,1.8796331759669924,0.021984621155690755,0.026799164925612393,0.761786632809529,1.0382523673446724,1.5698489951806374,0.03554042613276917,0.45571379795417727,True,True,True
1.5,standard,0.0,43,0.791507738718305,1.732556108735985,3.0017506699183785,0.022243813765595817,0.02744400682268616,1.2165637235012416,1.5763478579800925,2.4825745648748,0.033524999153232565,0.47684630233182024,True,True,True
1.5,standard,0.0,44,1.3360937392140335,3.05583719980351,9.338140991702957,0.01974385494335107,0.021799450990113833,3.78460599319351,4.882354615308525,7.717294045551723,0.36807992616714524,0.8259945015909971,True,True,True
1.5,standard,0.0,45,1.0268278053276871,1.3262019382950678,1.7588115811375948,0.021922951714928328,0.026790394681511256,0.7128194848188507,0.9908483106018907,1.4754901539920715,0.02129166607803336,0.4707229847722604,True,True,True
1.5,standard,0.0,46,1.2489185922882788,1.6824476177644374,2.8306299865212305,0.022374695999295372,0.027128145344595855,1.1472111227513029,1.5835529391336955,2.3708083472680146,0.08870809863422204,0.5836740904353884,True,True,True
1.5,standard,0.0,47,0.8909403157844421,1.16593812703999,1.35941171608552,0.021487470534022373,0.02608983605514817,0.5509488165241859,0.7641467432187732,1.13983788807854,0.07525854934742779,0.41087516586618755,True,True,True
1.5,standard,0.0,48,0.7831274269109686,1.6548186118115211,2.73842463799781,0.02237338327918877,0.027520625211366168,1.1098417025491136,1.4433492379290562,2.266229476564968,0.036485339348537135,0.46226493362014986,True,True,True
1.5,standard,0.0,49,1.2199392890588974,1.5119401399271268,2.28596298672286,0.02240730862784126,0.027367952908762056,0.9264659023093353,1.2970350010132194,1.920980350996283,0.053046177815967835,0.5490301581114388,True,True,True
1.5,standard,0.0,50,0.8217095627066635,1.2353154025338586,1.5260041437373892,0.02184216212186377,0.026451352250481508,0.6184661843463378,0.839339523151473,1.2733373574609699,0.08484576404925757,0.404624160799054,True,True,True
1.5,standard,0.0,51,0.7792756641594922,1.4082247167861668,1.9830968529674797,0.022365342425044406,0.02721101781052691,0.8037188816802404,1.0640792466289495,1.646505129386482,0.07345236121159038,0.42171949879333304,True,True,True
1.5,standard,0.0,52,1.2666034270405806,2.0191794327627224,4.077085581691989,0.02184915386389622,0.02602751344874978,1.6523805477925664,2.223808002328589,3.396077388014304,0.15388375347608865,0.6421605111865397,True,True,True
1.5,standard,0.0,53,1.1954192284377378,1.7929680478739263,3.214734420696838,0.022039663855161186,0.0266386399003763,1.3028827864030748,1.7687847094374052,2.682652278511458,0.09672133138780636,0.5879771746782873,True,True,True
1.5,standard,0.0,54,0.8935391823033584,0.9570425032573745,0.9159303530411417,0.02028176811237124,0.02464943975605905,0.3712125900162912,0.5342030094291389,0.7750947967323106,0.09604274310772808,0.37800023019484574,True,True,True
1.5,standard,0.0,55,0.9801914553402088,0.18650704721110176,0.03478487865940414,0.00890414041913413,0.01275266434981479,0.01409778031450369,0.045077819363939294,0.048435516262840136,0.052043591617602504,0.27609095687444735,True,True,True
1.5,standard,0.0,56,1.4556845458275238,1.408418567122741,1.9836428602160747,0.023594567938781296,0.02914508099468782,0.8039401700830602,1.1821037251439614,1.688663660213928,0.08139141325942925,0.5916180258415598,True,True,True
1.5,standard,0.0,57,0.9525178487429554,2.0255553597229814,4.102874515302497,0.02125398692157663,0.02602753233995914,1.6628324089057274,2.16106804555127,3.3950074533292067,0.08053499638339906,0.5643071359363327,True,True,True
1.5,standard,0.0,58,0.8434340147151704,0.8883359568014854,0.7891407721464104,0.019658805380349295,0.023799871979453636,0.3198267083772108,0.4618298330187283,0.6684131595911875,0.11269541238606112,0.35438990674463433,True,True,True
1.5,standard,0.0,59,1.3062517593288472,0.9810894604786488,0.9625365294622861,0.021804535381321447,0.027543226067383537,0.390101361856427,0.611039616259111,0.8359586632123264,0.037592706476669624,0.4855047781206965,True,True,True
1.5,standard,0.0,60,1.384556626639185,1.879660831333638,3.5331248408498634,0.022707130848345313,0.027127171172292516,1.4319215633242177,1.9740732916415282,2.9583402759303414,0.1521328959658312,0.6493896149425851,True,True,True
1.5,standard,0.0,61,1.311795460171085,2.3885794161997853,5.705311627493307,0.021184214844960237,0.024561946487332682,2.3122757085840577,3.0584810772840645,4.736110278887374,0.23355146557868617,0.7127980660485469,True,True,True
1.5,standard,0.0,62,0.7173635275858301,0.17565542132211115,0.03085482703984838,0.0063406988035459005,0.008627159640846194,0.012504990387028186,0.03300202187382097,0.03635091868181015,0.06760949780076032,0.20834497052800607,True,True,True
1.5,standard,0.0,63,1.673041717934504,2.334368893788847,5.449278132288965,0.024075963450973802,0.027377840303763525,2.2085092414393026,3.0314184107881887,4.558277391812153,0.2890474259991941,0.7948175451171033,True,True,True
1.5,standard,0.0,64,0.8287160012585886,0.7162751155748497,0.5130500411917642,0.017664749760959202,0.021491106967171263,0.2079313497651988,0.3139091566964159,0.44021491395686957,0.12212111463982217,0.32307811641070805,True,True,True
1.5,standard,0.0,65,0.8406470255343045,1.736448934343908,3.0152549015840937,0.022077874587242842,0.027167911521780507,1.2220367824474445,1.593127685988506,2.4963905361904146,0.028018805282509,0.48981150892356234,True,True,True
1.5,standard,0.0,66,0.9120540326450857,0.6899169664891348,0.47598542064956995,0.01756800389347814,0.02166481901253567,0.19290962486684188,0.30156692385317674,0.4131080713939858,0.10555566910935031,0.3397764378455868,True,True,True
1.5,standard,0.0,67,0.834537980677854,-0.47532464609991393,0.22593351919000842,0.004345428619214269,0.010153179545216627,0.09156740635524196,0.12121700469924668,0.19085882430094261,0.29875137045076455,0.1341505120219101,True,True,True
1.5,standard,0.0,68,1.0279734880843663,1.4839507168762742,2.2021097301176082,0.022046194330125727,0.0269136750454931,0.8924814574633003,1.2185868334452554,1.8399039179171892,0.004404582293703602,0.4963292631938584,True,True,True
1.5,standard,0.0,69,0.9236347567587657,1.2043970892617923,1.4505723486222777,0.021613179701523766,0.026297999010864822,0.58789482928502,0.8158797774346258,1.2164445075351895,0.062281147099559446,0.4252583968386148,True,True,True
1.5,standard,0.0,70,0.995466765454486,1.2694633538691356,1.611537206816674,0.021797350374127975,0.02661484229379008,0.6531314291133293,0.9098476178171956,1.352630225612446,0.03591405150716933,0.4537407467254728,True,True,True
1.5,standard,0.0,71,0.8673704265815406,0.9993633598755269,0.9987271250617019,0.0205805404909304,0.024938681064899108,0.40476885778784305,0.5742534978354794,0.8420337212304216,0.09862973380531091,0.37822090363727595,True,True,True
1.5,standard,0.0,72,1.1330192760588664,1.6154101078729535,2.6095498166181073,0.022117404887297028,0.026930892600629256,1.0576107047735686,1.4468052475849353,2.1812384044492035,0.051272077108436065,0.5438086787139621,True,True,True
1.5,standard,0.0,73,0.9025277362205177,1.3084072358593652,1.7119294948491446,0.021911870071050266,0.026662768033164377,0.6938188909213789,0.9467225012201118,1.4301474966912322,0.05378235546718178,0.4366513153842698,True,True,True
1.5,standard,0.0,74,0.9655225932666119,1.411102831391338,1.991211200760651,0.022011856187359867,0.026854793260527726,0.8070075029717996,1.0998225522792053,1.663017372883033,0.022617364307341778,0.4689538598834014,True,True,True
1.5,standard,0.0,75,0.8648460797283933,1.1922770429696492,1.4215245471924507,0.021615720021042742,0.026213110451567306,0.5761221987927094,0.7922981283581283,1.1896016621298686,0.07875129331085355,0.4085494639289846,True,True,True
1.5,standard,0.0,76,0.6941024282814001,0.8226793119362319,0.676801250287872,0.018911677975638416,0.02253617064466915,0.2742972150791252,0.38710696534246225,0.5698616025631495,0.15117605554917526,0.30635023471755657,True,True,True
1.5,standard,0.0,77,1.1109635205427304,1.4679713335459963,2.1549398361128107,0.02213652743608032,0.027046069409768645,0.8733642194919015,1.2093804046539096,1.8061976759315388,0.021554402936786295,0.5146059754063209,True,True,True
1.5,standard,0.0,78,1.0797455645928609,1.5675053671416592,2.457073076017908,0.022067861901278782,0.02691358835546795,0.9958142094314169,1.358510673899433,2.0525466192444415,0.03062557740721412,0.5227413092013831,True,True,True
1.5,standard,0.0,79,0.6660343897274031,1.4258539500842233,2.033059486970783,0.022903266485068192,0.027856242628985,0.8239679745406547,1.0701028199684468,1.6820917315184478,0.10485323932795969,0.39611055378356586,True,True,True
1.5,standard,0.0,80,1.0345223427776389,2.3423340911787123,5.486528994698004,0.020373308695565737,0.02455349531820199,2.2236064473232298,2.8714311611689673,4.534973403668396,0.15974218832221687,0.6357437786443841,True,True,True
1.5,standard,0.0,81,1.1916818142249912,1.0156891163383077,1.0316243810480923,0.021384968150034375,0.026665672064879496,0.41810161344834723,0.6333881270235866,0.8861300980320789,0.03961886937189256,0.46228590257479985,True,True,True
1.5,standard,0.0,82,0.868457257419827,0.6813538681354614,0.4642430936231557,0.01730108757474126,0.021217881219112143,0.18815063897471504,0.29120997885763245,0.4015555199260931,0.11419996974195273,0.32745355386585795,True,True,True
1.5,standard,0.0,83,0.8808510424527151,1.751674698957606,3.0683642509682194,0.021955130571727276,0.026966700642096175,1.2435611910157405,1.6279872962592061,2.5422597437627408,0.02794625916634095,0.5023517182181112,True,True,True
1.5,standard,0.0,84,0.9670211100681807,1.799126634683875,3.2368566476289256,0.02175666766095093,0.026602363486093905,1.3118485872733285,1.7306904750782859,2.68567090290899,0.043292155879877135,0.5316077162082361,True,True,True
1.5,standard,0.0,85,1.1301494570057196,1.6658088594035538,2.774919156067369,0.02206130782179997,0.02683003857631818,1.1246323736181716,1.5307398042778375,2.3169144161690105,0.059300881661679905,0.5511769395880433,True,True,True
1.5,standard,0.0,86,1.064514307197037,2.142976772878249,4.592349449095674,0.020983251322495382,0.02532665806333848,1.8612091275264464,2.4332468863331145,3.8040072574978963,0.1298430811700858,0.6112789970809128,True,True,True
1.5,standard,0.0,87,0.850102377130649,1.8525285212683231,3.4318619221126,0.02183693567961666,0.026945843867624854,1.390881248182068,1.8030423454453894,2.8385173350225226,0.04056904653542737,0.5108167306669201,True,True,True
1.5,standard,0.0,88,1.0127802917346764,0.8532576733713515,0.728048657167092,0.01967133914309583,0.024305106926004565,0.29506700677353737,0.44830165583426945,0.6259433469887291,0.07807593672854099,0.39128801213179204,True,True,True
1.5,standard,0.0,89,0.9491509943444217,0.575044953185051,0.3306766981835975,0.01609552355448281,0.020212372742856585,0.13401821785160872,0.22428578584137207,0.29445401651343467,0.09835535870054053,0.3306557718288069,True,True,True
1.5,standard,0.0,90,0.9869134873784091,0.28914124078496095,0.08360265712266676,0.011156791151695197,0.01515414889444379,0.03388288070125247,0.07951673719492235,0.09009238669943681,0.07001824363985769,0.29425178099982136,True,True,True
1.5,standard,0.0,91,0.7609637654942442,1.3903288117688246,1.9330142048345118,0.022405325258118947,0.027230648238802918,0.7834211489251404,1.0358121751779756,1.6045131652282092,0.08128117733237562,0.4142485291736944,True,True,True
1.5,standard,0.0,92,0.8689848805299643,1.502810705159946,2.258440015543334,0.02217995657286173,0.027084040748140442,0.9153112622402813,1.2185329260873268,1.8771140968703963,0.03402690436424602,0.45942926807034906,True,True,True
1.5,standard,0.0,93,1.0861103004176653,2.837117628678205,8.049236438956642,0.01901437120145261,0.022239196925956002,3.2622326536484922,4.157350145926226,6.6389613403253716,0.2680790315021756,0.7281115172805764,True,True,True
1.5,standard,0.0,94,1.035192742152741,1.2484764125242782,1.5586933526294917,0.021780346649326026,0.02664746002153026,0.6317146216954556,0.8886992133584436,1.311380581328793,0.030608167882467032,0.4603487927971662,True,True,True
1.5,standard,0.0,95,0.9232664463995568,1.3600660188425417,1.8497795756102011,0.021982258387897052,0.02678330687991633,0.7496874243129873,1.020491398776145,1.544499957438249,0.041051310057759284,0.45015065004443944,True,True,True
1.5,standard,0.0,96,0.9180741871633178,1.150171907982229,1.3228954179114811,0.021411073938333258,0.026039417528485462,0.5361493183112654,0.7491805275624834,1.1111730173821726,0.070368509160203,0.4151588627177749,True,True,True
1.5,standard,0.0,97,1.18021645129136,1.4453896387646497,2.0891512078482046,0.022290625837938227,0.02727744381405041,0.8467010927479989,1.1878689719399056,1.7564896588227752,0.0334308451019306,0.5283732058893819,True,True,True
1.5,standard,0.0,98,0.7654871703325704,3.5093423230123864,12.315483540085973,0.01641303432098924,0.021107993937225056,4.991277477636955,6.128072982289823,10.104819875705292,0.3277295683245837,0.7554845904895042,True,True,True
1.5,standard,0.0,99,0.8681916514216109,1.850398107858206,3.4239731575652286,0.02179759248439704,0.026856712393934216,1.3876840523364065,1.8030499298860097,2.8331200759314767,0.04076188023924859,0.515017583130063,True,True,True
2.0,dtr,0.5,0,1.016948936310834,0.018842450790835307,0.0003550379518050501,0.005827265031509418,0.012847769779876247,0.00014389146205935578,0.014782759891924376,0.025452012777541284,0.006979326942478845,0.26969047653104866,False,True,True
2.0,dtr,0.5,1,0.6814431405277375,0.0359750461352978,0.001294203944436805,0.0031204803727987217,0.006335916183361558,0.0005245211020996778,0.008980379417606847,0.012602838596940532,0.01807304706927626,0.18397539762317963,False,True,True
2.0,dtr,0.5,2,0.9769597768651993,0.028653171910003057,0.0008210042605041883,0.005619100078242944,0.012111257956361105,0.00033274049379874635,0.015048527720611302,0.024053457236533963,0.010949079124508102,0.26055857762542517,False,True,True
2.0,dtr,0.5,3,0.9010246963276395,0.028278101412302005,0.0007996510194844366,0.004850195661081493,0.010385372714380474,0.0003240863511798609,0.013037599446527597,0.020568368346366717,0.011666890083228515,0.24056497688825518,False,True,True
2.0,dtr,0.5,4,1.3193439515168983,0.01229495832067118,0.0001511660001070415,0.00939505599355972,0.021177320502323238,6.126527222929281e-05,0.022844577754864055,0.04222383753731127,0.0033630307092715776,0.34818808789474065,False,True,True
2.0,dtr,0.5,5,0.9765854216747618,0.017290740793813035,0.0002989697171988302,0.005367950176130656,0.01184567179930769,0.0001211678624792019,0.013529773402045881,0.023436193460334508,0.006686749027907142,0.2588740273069867,False,True,True
2.0,dtr,0.5,6,0.9771366370680412,0.025318738672361205,0.0006410385279593189,0.005548044918004271,0.012039600589205612,0.0002598031296527201,0.014597865492001347,0.0238640604633847,0.009706148832848937,0.2601395223732243,False,True,True
2.0,dtr,0.5,7,0.901019035811139,0.03427710137164217,0.0011749196784418337,0.004979747991237539,0.010522557648824472,0.00047617701001760604,0.013828556350605382,0.02095877236119763,0.014059048466603025,0.24140097499950808,False,True,True
2.0,dtr,0.5,8,1.1850593703049432,0.035327160117837146,0.0012480082419913034,0.008145120160474546,0.01765002955341669,0.0005057986890958079,0.022237950494748512,0.03543514287298488,0.010795636231210251,0.31613912991695375,False,True,True
2.0,dtr,0.5,9,0.6129319530228126,0.03523420331545852,0.0012414490832750682,0.002608300473749144,0.005225203608649775,0.0005031403621965003,0.007556842810982711,0.010382195730483563,0.018788853297443005,0.16588031509163997,False,True,True
2.0,dtr,0.5,10,1.0569682151465125,0.03449821285592888,0.0011901266902529764,0.006611970267495536,0.0141977741242937,0.0004823401797630779,0.018142658541563633,0.028399276265780888,0.012057726596283486,0.2823855089295631,False,True,True
2.0,dtr,0.5,11,0.9772224966623324,0.023587036042956696,0.0005563482692917382,0.0055111833928793656,0.012002392790613008,0.00022547946064802,0.014367682357298506,0.02377256050308449,0.009057478784034838,0.2599203172012607,False,True,True
2.0,dtr,0.5,12,0.825571906403793,0.03237423230911805,0.0010480909176047433,0.004236706239348652,0.00890372152212504,0.00042477524934598604,0.011729424768240286,0.01765856236562786,0.014309017751241309,0.2213222277973793,False,True,True
2.0,dtr,0.5,13,1.2723400758922423,0.020443781417233915,0.00041794819863563877,0.008938074043122277,0.01988997650948736,0.0001693880247477833,0.022621446710166845,0.0396662182739442,0.005809311872627015,0.33698205336195347,False,True,True
2.0,dtr,0.5,14,1.3194378218729323,0.04567527013595833,0.002086230301992767,0.010138344927162033,0.021878216616267977,0.0008455172941936759,0.028772511218844336,0.04449771847218381,0.012002867708694442,0.35287276539569284,False,True,True
2.0,dtr,0.5,15,1.366661585614163,0.043763223728601704,0.0019152197511196473,0.010757122701017164,0.02334327621254562,0.0007762093284745049,0.030165787002403074,0.04740062751885564,0.01098587901581587,0.3650072237435188,False,True,True
2.0,dtr,0.5,16,1.0975591178736548,0.0503314050881873,0.0025332503381512066,0.007429503223308117,0.015605147288830409,0.0010266876908953306,0.02196051279341361,0.03189099009455394,0.016572723711225867,0.295255424902997,False,True,True
2.0,dtr,0.5,17,0.8254640633048085,0.03680731748205442,0.0013547786202247492,0.004329929006438812,0.009002971429297332,0.0005490710934980192,0.012286897719955536,0.017961602639717893,0.016202191014367363,0.22191278381143575,False,True,True
2.0,dtr,0.5,18,0.6465450534161695,0.018105993032117018,0.00032782698367907003,0.002518414639924221,0.005385442859010188,0.00013286327206504293,0.006512865191547431,0.0105001273868621,0.009520493000437825,0.1723162521548879,False,True,True
2.0,dtr,0.5,19,0.7528500567647397,0.019856556144281237,0.00039428282191099296,0.003358085290243483,0.007232291018953138,0.00015979680882345152,0.008701941617822275,0.014181446703948832,0.00949578671516037,0.20047729380020152,False,True,True
2.0,dtr,0.5,20,1.1835063858307697,0.04438216418987568,0.0019697764981770833,0.008328782258962619,0.017806873192680532,0.0007983203452246451,0.023745611883501338,0.036102235325286655,0.013445135508959677,0.31699541726538966,False,True,True
2.0,dtr,0.5,21,0.9009831675886711,0.03695168897045266,0.0013654273177690728,0.005037519931874904,0.010583443347699542,0.0005533868480557798,0.01419110098786101,0.021150276378714063,0.015116814230118366,0.2417649389065905,False,True,True
2.0,dtr,0.5,22,0.5435426419786354,0.03730005424542494,0.0013912940467116434,0.002187772568582518,0.004267673205126611,0.0005638702384294468,0.006510958419330918,0.008554455348975344,0.021034567897633086,0.14794645515039698,False,True,True
2.0,dtr,0.5,23,0.4774323963427743,0.040653583913460765,0.001652713885008796,0.0018499885865505654,0.0034804849372076768,0.0006698197082048708,0.005722308658678842,0.007131352444288589,0.024109751321774012,0.13105347261235964,False,True,True
2.0,dtr,0.5,24,0.7156058996688812,0.044042254255982176,0.00193972015994858,0.0035514999010868823,0.007104105997344325,0.0007861389701635796,0.010652863498952645,0.01438620012313456,0.02131281185337672,0.1940730621789363,False,True,True
2.0,dtr,0.5,25,0.8992350665169426,0.049421183106481706,0.0024424533396443927,0.005294051866231226,0.010836438567129665,0.0009898890534558028,0.015925626018229246,0.022127373122188154,0.020005887402399846,0.24304666346892265,False,True,True
2.0,dtr,0.5,26,1.0577841256879046,0.03949524987836744,0.001559874762954683,0.00673253294432873,0.014332489653857446,0.0006321934292655182,0.01894151622760256,0.028825477133561938,0.013718859599187245,0.2832973809648295,False,True,True
2.0,dtr,0.5,27,1.1817218518580523,0.05468426009629852,0.002990368302279627,0.008538167107868285,0.017986535916709012,0.0012119506236539996,0.025549057076382612,0.03702235155044213,0.01640254083002451,0.3179649966748946,False,True,True
2.0,dtr,0.5,28,0.6120219776891608,0.04771170532261303,0.00227640682479186,0.0028467679734715456,0.005484566584640706,0.0009225929357576286,0.008891812058661538,0.01131829663851363,0.02519532616900872,0.16738325698918655,False,True,True
2.0,dtr,0.5,29,0.9391120374002079,0.024221272689122147,0.0005866700506808144,0.005136769442519757,0.011137902297811322,0.00023776841576996164,0.013469284559602293,0.022036798269359094,0.009660923481813386,0.2500007076858571,False,True,True
2.0,dtr,0.5,30,1.1833116423887946,0.03603670532436038,0.0012986441306347839,0.008139253139777395,0.017616315100921993,0.000526320641784364,0.022300479179884137,0.03538910577243107,0.011023592930033023,0.31577921612426124,False,True,True
2.0,dtr,0.5,31,0.789058973897889,0.03295310480678878,0.0010859071164072058,0.003928914025765824,0.008201349807741216,0.00044010157744006384,0.010955557712779129,0.016260721185618013,0.01506366746244443,0.2118144142075406,False,True,True
2.0,dtr,0.5,32,0.7534789593288637,0.04099375660793534,0.0016804880808306425,0.0037965494558031727,0.007715808382983694,0.0006810761657864051,0.011129513347374458,0.015502593217529522,0.019221343489683438,0.203593287827319,False,True,True
2.0,dtr,0.5,33,1.5174776940083379,0.017655369285177046,0.000311712064595973,0.012452563893800046,0.02800942401564264,0.00012633214136184334,0.03088163503475659,0.05603279554382797,0.003944906726928071,0.4009681368472179,False,True,True
2.0,dtr,0.5,34,0.7162077043194783,0.04150203893292783,0.0017224192355902574,0.0035036475772540388,0.007056775091924502,0.0006980702227133422,0.010357727274645017,0.014201668291461914,0.02011826569435419,0.19387647721195,False,True,True
2.0,dtr,0.5,35,1.0984689895606037,0.015369705582782126,0.00023622784970140403,0.006660472098857768,0.014840967774798975,9.573954136412211e-05,0.016540415389263416,0.02946517413203237,0.005252810394828276,0.29061357104057445,False,True,True
2.0,dtr,0.5,36,0.682436641782703,0.03990017300666364,0.0015920238059616897,0.003207252996349893,0.0064400476430251765,0.0006452229456272716,0.009444718469434678,0.012920745929970225,0.01995881437297054,0.1847842636023548,False,True,True
2.0,dtr,0.5,37,1.0167511617737743,0.017628687044638262,0.0003107706069177969,0.005798645674589968,0.01281573905213072,0.0001259505829366355,0.014616107003219154,0.02538685180523403,0.006539330701419791,0.2694690928284025,False,True,True
2.0,dtr,0.5,38,0.5777103300268495,0.029200381918468434,0.0008526623041844182,0.0022575148308387953,0.004578165339917746,0.0003455710156286732,0.0063328086970902125,0.008982994416160215,0.01611769277101504,0.1557884523006438,False,True,True
2.0,dtr,0.5,39,0.9771198005438991,0.03500767858460801,0.001225537559883222,0.0057603859072096674,0.012260497443589705,0.0004966916646620417,0.015949239233171847,0.024488157238617442,0.013288417137707358,0.2614877160785627,False,True,True
2.0,dtr,0.5,40,0.8248246465480893,0.03975777505926078,0.0015806806776627784,0.004387257359478382,0.009058154278135005,0.0006406257488854614,0.012654144895127823,0.018158169810925138,0.017462868706221803,0.22215676297390757,False,True,True
2.0,dtr,0.5,41,0.7166351542647063,0.056007445509900645,0.00313683395254449,0.0038116379258959082,0.007399722073836133,0.0012713109158451216,0.012210138129511399,0.015532645532411645,0.02678947944390736,0.1960137427569929,False,True,True
2.0,dtr,0.5,42,0.8261116619147445,0.03313910180594035,0.0010982000685044791,0.00425773522718517,0.008931960529341651,0.0004450837232678811,0.011837511436610416,0.017731022540252498,0.01462905272792582,0.22157075134925078,False,True,True
2.0,dtr,0.5,43,0.8996263051668888,0.03983565243103699,0.0015868792046063833,0.005087254614464534,0.010620752799504482,0.0006431379172325211,0.014554922665816136,0.02131195390695409,0.016272306832882485,0.24181122749720924,False,True,True
2.0,dtr,0.5,44,1.0983782979203185,0.04256941216275041,0.0018121548518821226,0.007264596879997414,0.015449398455551433,0.0007344386981436079,0.02067906823721452,0.031213398439020313,0.014124766383991747,0.2943869434471215,False,True,True
2.0,dtr,0.5,45,1.0968476847973254,0.035107119626904576,0.0012325098484977884,0.007079826931496297,0.015239971193920364,0.0004995174268025372,0.01942801619011664,0.030530764924538926,0.011763083572835738,0.29294322442302273,False,True,True
2.0,dtr,0.5,46,1.0565137876530333,0.03643816441787831,0.001327739826144333,0.006650090553662843,0.014230477870156777,0.0005381126830160624,0.018427124176738332,0.028520253378918073,0.012715388103007987,0.2825369972273122,False,True,True
2.0,dtr,0.5,47,1.016059391618133,0.02768178222765875,0.0007662810672995239,0.006011571387639706,0.01302550386346907,0.00031056201896600657,0.015975025761086715,0.02588431435364226,0.01016878102933832,0.2706908803997899,False,True,True
2.0,dtr,0.5,48,0.7504374338855563,0.05655122844725231,0.0031980414388933184,0.004101963077248306,0.008022119458603592,0.001296117375703664,0.013097270394464174,0.016810789346559628,0.02621565270401909,0.2049664415983332,False,True,True
2.0,dtr,0.5,49,1.1411891225657858,0.02667069760613126,0.0007113261107976958,0.007414869741066529,0.016238452230539706,0.00028828961400689297,0.019457814139001984,0.03236508800723331,0.008613473524194431,0.3034099287080727,False,True,True
2.0,dtr,0.5,50,0.8993858010194159,0.023558807885329585,0.0005550174289778674,0.00473324540394545,0.010242780212719356,0.00022494009138465868,0.012398866312563584,0.020230743493213892,0.00978052858902006,0.23947575571829463,False,True,True
2.0,dtr,0.5,51,0.7155321092452623,0.03709053858248488,0.0013757080523387993,0.003407540272842953,0.006945211007237996,0.0005575534728370493,0.009821686201315369,0.013845855225985486,0.018061504048113235,0.1930831965716563,False,True,True
2.0,dtr,0.5,52,1.318840598583351,0.011369825687979928,0.00012927293617504825,0.009367555467621302,0.021142215600824493,5.2392347624705086e-05,0.02267850154796833,0.0421548417829381,0.0031149825773024616,0.34792675060834977,False,True,True
2.0,dtr,0.5,53,0.9390294718261973,0.04664135636177014,0.0021754161232656354,0.005626932018932991,0.01165269856183269,0.0008816629460955998,0.016607496052156473,0.023658213997830226,0.018191190644326935,0.2531089594162946,False,True,True
2.0,dtr,0.5,54,0.7877815353451018,0.027105856508034334,0.0007347274570341473,0.003796404356518724,0.008045284864153956,0.00029777382240489867,0.010237796679522576,0.015853145405911498,0.012472519315698634,0.21066264781279748,False,True,True
2.0,dtr,0.5,55,0.8625156733264516,0.02361251811624979,0.0005575510117902245,0.004387137458902566,0.009459958114907397,0.00022596691382227428,0.011525349906843433,0.018658218692919927,0.010159425823219744,0.22980082466694596,False,True,True
2.0,dtr,0.5,56,1.1403334384785795,0.041245812721089854,0.0017012170670232176,0.0077305233594703055,0.016540843256946578,0.0006894773074533545,0.021788136291829987,0.03338530336847035,0.013117456229593212,0.30521996323683864,False,True,True
2.0,dtr,0.5,57,0.82553862841587,0.04378928949159798,0.0019175018741789732,0.0044803409797699685,0.009165974157567742,0.0007771342381128584,0.013207754562573035,0.018513690159666252,0.01914747723100753,0.22290707676531538,False,True,True
2.0,dtr,0.5,58,0.7524391489650232,0.02730205502164541,0.0007454022084049534,0.0035050445635976943,0.007388167983198348,0.00030210013618080966,0.009495951799257005,0.014540504120131215,0.012973723920793684,0.2014088073962016,False,True,True
2.0,dtr,0.5,59,1.317502162478785,0.021785181191253722,0.00047459411953575494,0.009580491576856367,0.021316667724696755,0.00019234575176422334,0.024360719814184237,0.04256640136471366,0.005902871787749594,0.3490292908523172,False,True,True
2.0,dtr,0.5,60,1.1842341472241242,0.03580368490052468,0.001281903852456059,0.008145513798871434,0.017637226156274024,0.0005195360625860825,0.022291261136371372,0.03542416029764823,0.010944712630616473,0.3159889436509859,False,True,True
2.0,dtr,0.5,61,1.2736297991678684,0.019600461757100677,0.00038417810109156616,0.008936502428436284,0.019911361712439565,0.00015570151972825274,0.022525668052318117,0.039701203151717934,0.005567848145297309,0.33720301553717136,False,True,True
2.0,dtr,0.5,62,0.6466582028310646,0.021198428104201243,0.0004493733540889891,0.002577225451480843,0.005451309163701642,0.000182124160534495,0.006799509882770201,0.010634110357646212,0.011116151496054865,0.17277768263643684,False,True,True
2.0,dtr,0.5,63,1.467047742007134,0.03023937162317731,0.0009144195961646211,0.01194167334892231,0.02645369179188808,0.00037060030331659174,0.03135758578176628,0.05318127364975,0.006984174449779817,0.3894815525793408,False,True,True
2.0,dtr,0.5,64,0.7522206106011167,0.020545093101503223,0.0004221008505494353,0.003366766573223394,0.007235769615006835,0.0001710710311764252,0.008761151842984129,0.014189272390980168,0.009824548855871347,0.20040811808004413,False,True,True
2.0,dtr,0.5,65,0.9383006698709366,0.035654341349014206,0.001271232057032024,0.00537742320558833,0.011380865428113267,0.000515210946810274,0.014990849769026732,0.02272609396340666,0.014070805922159384,0.2513837377732867,False,True,True
2.0,dtr,0.5,66,0.9773411477133701,0.017646475979246568,0.0003113981144861261,0.005383459001218077,0.011871403255986861,0.000126204902174906,0.013594462496438827,0.02348747910576096,0.006816594918859662,0.2591221498723406,False,True,True
2.0,dtr,0.5,67,0.6462767425886445,0.031011141534889763,0.000961690899296965,0.002762297501777438,0.005653079042361907,0.00038975864085933097,0.007754265429324092,0.011139180655229149,0.016131318371988758,0.17404740213630177,False,True,True
2.0,dtr,0.5,68,1.055925780220381,0.028877790921191148,0.0008339268084880299,0.006475476133773997,0.014043815426304824,0.00033797780522833724,0.017269402089400896,0.027962353505747998,0.010165130045667246,0.2813271224902078,False,True,True
2.0,dtr,0.5,69,0.8999974062556212,0.01548672675978686,0.0002398387057322984,0.004567687826397617,0.010075186778881019,9.720296619217127e-05,0.011438310413888928,0.019886604953852416,0.006476328873031637,0.23850947367393138,False,True,True
2.0,dtr,0.5,70,0.937978456427961,0.03279507991319814,0.001075517266513052,0.005311659126851357,0.011307797530937944,0.0004358907298834963,0.014585331381309253,0.022509791231432628,0.01298376684700412,0.25089995716689595,False,True,True
2.0,dtr,0.5,71,0.5471441381694852,0.0453492620557233,0.0020565555689986653,0.0023619500939964532,0.004487341373067943,0.000833490577908745,0.007384989617897255,0.009262349103366988,0.025331747722340144,0.15001594255201536,False,True,True
2.0,dtr,0.5,72,1.0982517384663701,0.030161902958547242,0.0009097403900808209,0.006985810246690268,0.015165350416189894,0.00036870389252092333,0.01870101167737976,0.030257370097137658,0.010145965474479211,0.29262156941131573,False,True,True
2.0,dtr,0.5,73,0.8623640144694323,0.023185170690804294,0.0005375521399617304,0.004376715789026835,0.00944719219947231,0.0002178616763615766,0.011470453536475762,0.018629793488069243,0.009981093834195405,0.22970133825261654,False,True,True
2.0,dtr,0.5,74,0.9390103259211833,0.03049725510357052,0.0009300825688522582,0.005271903934455746,0.011278460995772444,0.0003769482670448677,0.014298707147667563,0.022404500822177258,0.012089300400731355,0.2508501498140606,False,True,True
2.0,dtr,0.5,75,0.7537300281094503,0.030884777952290426,0.0009538695091622848,0.0035888864622836483,0.007491593035415522,0.0003865887508346338,0.009928314785539445,0.014800072001804462,0.014611553030154715,0.20224796652798305,False,True,True
2.0,dtr,0.5,76,0.544433224190935,0.05245165981282461,0.0027511766171202804,0.002481331351860825,0.004604079565094547,0.0011150098850229982,0.008099186116741305,0.00981614708428708,0.029194356704772998,0.15029555540820635,False,True,True
2.0,dtr,0.5,77,1.0566314002111967,0.04316575480119996,0.0018632823875573176,0.006801692086919525,0.01438747261449055,0.0007551599078689142,0.019490507206899065,0.029074304010108812,0.014952935058378022,0.28350708212835474,False,True,True
2.0,dtr,0.5,78,1.1418206494698342,0.033601547540959766,0.0011290639971473792,0.007577188198152666,0.01641006110606463,0.00045759240239568626,0.02057417156088442,0.03286461233773665,0.010761307566105917,0.30454334802141436,False,True,True
2.0,dtr,0.5,79,0.6823956971262398,0.021131846989878314,0.0004465549572036292,0.0028353630368303266,0.0060299037496881055,0.0001809819073009008,0.007450397500031632,0.011784823812890465,0.010745402118698425,0.18215337707961224,False,True,True
2.0,dtr,0.5,80,0.8600361898059129,0.05696230653058771,0.003244704365284635,0.005086001201425956,0.01018163443461991,0.0013150291474403983,0.01598825171549055,0.02119480332239817,0.0237906329402043,0.23380545496038263,False,True,True
2.0,dtr,0.5,81,1.0568492383865618,0.03482928309020184,0.00121307896057742,0.006618007997527143,0.014202298877571785,0.0004916423845492839,0.01818975459851873,0.028417361530668477,0.012170640845688184,0.2824004832969654,False,True,True
2.0,dtr,0.5,82,0.9382616974881085,0.01139452312415088,0.00012983515722680915,0.004853479669158244,0.010831373321291377,5.26202072344373e-05,0.011862175313374726,0.021437020148047273,0.004607178262654591,0.24798673470437485,False,True,True
2.0,dtr,0.5,83,0.8248296250791041,0.024038950894506556,0.0005778711601084975,0.004054972920239763,0.008700720225415985,0.00023420235973985542,0.010709014915815582,0.017137635221130387,0.010716027878349159,0.21996365906612542,False,True,True
2.0,dtr,0.5,84,0.9374358875955036,0.04560431255068105,0.002079753323220205,0.005587883028469544,0.011592433577302969,0.0008428922735710268,0.0164077073672602,0.023491937102854046,0.017834099113541443,0.2525456942720722,False,True,True
2.0,dtr,0.5,85,1.016057226025166,0.045011132067473404,0.0020260020099955325,0.006396084060197247,0.01342306465763432,0.0008211076868580112,0.018569291930258212,0.02718715049743488,0.016237233623709803,0.27310955889698263,False,True,True
2.0,dtr,0.5,86,1.0977367143261072,0.035439962420073544,0.001255990936336225,0.007097566942265652,0.015270838224157823,0.0005090339532545378,0.01950763007072345,0.030603027642289726,0.011859265962230374,0.2932231578209438,False,True,True
2.0,dtr,0.5,87,1.0160466901595697,0.023394956710742387,0.0005473239994975102,0.005917210185882302,0.01292816027698265,0.00022182206185978408,0.015375935524320553,0.02563691419210386,0.008632660708820726,0.27008908673243703,False,True,True
2.0,dtr,0.5,88,1.0569377220451879,0.02211062007054135,0.000488879519903826,0.006337181723455305,0.013916975512091336,0.0001981354064606139,0.01632196576897862,0.027620804364655614,0.00783116358812569,0.28064814319985715,False,True,True
2.0,dtr,0.5,89,0.8252894914907255,0.030137336487546497,0.0009082590505636014,0.004186929728072495,0.008847248080392134,0.0003681035282278801,0.011447171989660209,0.01750428051188862,0.013351984845982863,0.22093578339755768,False,True,True
2.0,dtr,0.5,90,0.9778020148575417,0.020447290068762978,0.0004180916711561331,0.005448924505959064,0.01194515999589556,0.0001694461719701698,0.01396830321158715,0.023639177524538483,0.00787231205812045,0.2596341827100044,False,True,True
2.0,dtr,0.5,91,0.6479008375444485,0.0335302276080697,0.0011242761634489597,0.0028231505763987464,0.005733412084955054,0.00045565196648606,0.008047028424248388,0.011348623938595438,0.0173798041600106,0.17482557875631233,False,True,True
2.0,dtr,0.5,92,0.82593291846596,0.03131221960900593,0.0009804550968426156,0.004217471260679013,0.008886787321440813,0.00039736348368102684,0.011606418604233346,0.01760419183000444,0.0138487415016773,0.2212687715715529,False,True,True
2.0,dtr,0.5,93,1.0972530429436869,0.03958174232729069,0.0015667143256640355,0.007184589713923878,0.015351973264685488,0.0006349653996227487,0.020155823849615145,0.030901779513238293,0.013192024747780822,0.29367435053524366,False,True,True
2.0,dtr,0.5,94,0.9007291725996465,0.0432512406215799,0.0018706698153058035,0.00517272920638586,0.010724218805350816,0.0007581539195631096,0.015066668764871316,0.021639949032240497,0.017589003995419815,0.24257768036745922,False,True,True
2.0,dtr,0.5,95,0.8998428030272673,0.018413403369167993,0.0003390534236356872,0.0046281213959003566,0.010137087439102318,0.0001374131768030192,0.011781308123267404,0.020002042806354793,0.007679448349055894,0.2388774493375212,False,True,True
2.0,dtr,0.5,96,0.8610118194590811,0.028805304439458234,0.0008297455638498723,0.004483329576327074,0.009546009143324475,0.00033628321060499204,0.01212677316067877,0.018887333232274782,0.012349986168181495,0.23013083296668627,False,True,True
2.0,dtr,0.5,97,1.140648940220816,0.03168576008690802,0.0010039873922850935,0.007520283257430628,0.01633532476916584,0.000406900763793239,0.020230071438514654,0.03266348285077778,0.010181843449783025,0.30396819490514493,False,True,True
2.0,dtr,0.5,98,0.8251126093960764,0.04900224742903123,0.002401220253095998,0.0045893677669764845,0.009279400498395277,0.0009731779129185617,0.013912636602505198,0.018958244103108604,0.021330051841518444,0.2235229502895002,False,True,True
2.0,dtr,0.5,99,0.8227183632623696,0.04689062654106125,0.002198730857413278,0.004521958556032005,0.009181941527190658,0.0008911120519361821,0.013559546222381456,0.018669256266478994,0.02049847072178413,0.22259940878502008,False,True,True
2.0,standard,0.0,0,1.0446813048370325,1.157950775865342,1.3408499993271474,0.02457683783886713,0.03407930152209967,0.5434260360746176,0.7737117293138545,1.1382422338618132,0.09023621029427029,0.43599736859907123,True,True,True
2.0,standard,0.0,1,0.7344435859739153,1.8894690609312175,3.5700933322162967,0.02739093117201863,0.037677125719104226,1.446904328535092,1.822401010488126,2.945010141221838,0.09143383916345092,0.45664904185093347,True,True,True
2.0,standard,0.0,2,1.017314607265323,1.6808977645941363,2.8254172950175644,0.026490031274325865,0.036594274929044456,1.1450984984588477,1.5193957203573014,2.3549264081049004,0.038785062266276094,0.5018161370639169,True,True,True
2.0,standard,0.0,3,1.0034991714201322,1.5264074716778457,2.3299197695939533,0.02616824815501665,0.03605832380521505,0.944280915387769,1.2686643206560224,1.94753848289241,0.06109751923275306,0.4766206099621656,True,True,True
2.0,standard,0.0,4,1.3424188035979037,0.9008752546057045,0.8115762243608929,0.024051257514835736,0.03599017501101568,0.3289194546729007,0.5364816242750093,0.7238669760854853,0.06781437428229208,0.4782971497155004,True,True,True
2.0,standard,0.0,5,0.9599676005132242,0.9141803408051573,0.8357256955146336,0.02230921637488876,0.030632013504407557,0.3387068666794346,0.49924672102890855,0.7171833337935016,0.12418604340837539,0.3797194462526098,True,True,True
2.0,standard,0.0,6,1.0162934659529776,1.6225816564769917,2.6327712319356182,0.02638923358890311,0.036436800127659624,1.0670219899168505,1.4229681903400835,2.196878229469763,0.04635182352085517,0.4934068119806448,True,True,True
2.0,standard,0.0,7,1.011315404583687,1.7191123415619416,2.9553472429105816,0.026543571524345375,0.03666413802724445,1.1977571229032784,1.5828338760906335,2.460998590375972,0.03521523138539226,0.5055756013739725,True,True,True
2.0,standard,0.0,8,1.4219788780800966,2.712799964354479,7.359283646601662,0.028226336358218623,0.036927860206750575,2.9826053193335205,3.881360256782393,6.1082646585698335,0.2007949569389447,0.7521423500871358,True,True,True
2.0,standard,0.0,9,0.6923773598208434,1.766122442180344,3.119188480773063,0.027550642106173622,0.0375169369010948,1.2641594755018883,1.5935131182901243,2.5734113190438372,0.1205155821130527,0.42838238418732005,True,True,True
2.0,standard,0.0,10,1.1546485326061953,2.7675041897394976,7.659079440225673,0.026538125839602602,0.035344818631765425,3.1041079779774363,3.9367158860124896,6.3257154507164515,0.15132386924587343,0.6895759126778241,True,True,True
2.0,standard,0.0,11,1.0186600389667257,1.6436064999687354,2.7014423267394765,0.026428587402803815,0.03650352375228207,1.094853336347019,1.457791589138973,2.253369625149417,0.04320195046241181,0.49696344850730556,True,True,True
2.0,standard,0.0,12,0.9001921565313499,1.729105580936156,2.989806110024561,0.02666214467744686,0.03660159894269104,1.2117227757151283,1.5755045356791446,2.481128637178088,0.06330926028898194,0.47778872730348876,True,True,True
2.0,standard,0.0,13,1.2784580130132106,1.3074743928994061,1.7094892880876706,0.02613973682975059,0.03743431087047939,0.6928299123717607,1.0041036674131345,1.4590484227211735,0.0489683365836476,0.5182633485165935,True,True,True
2.0,standard,0.0,14,1.602338242971378,3.558606529657047,12.66368043291777,0.030147140706183916,0.035452634300786406,5.132396362926164,6.5611840863552695,10.47436085403852,0.3621468659432686,0.9175843629019342,True,True,True
2.0,standard,0.0,15,1.6121114981269011,3.153049666741047,9.941722200935828,0.03012186172136031,0.037158365614848386,4.029228243368502,5.227147673510949,8.246511476848262,0.30186941228280956,0.8635335327365447,True,True,True
2.0,standard,0.0,16,1.2262610216910985,3.12462802519764,9.763300295850502,0.02664950292953403,0.03413900390550063,3.956916568924638,4.988322792469717,8.055116589159775,0.22204409761859548,0.7582379296709194,True,True,True
2.0,standard,0.0,17,0.9213915030834741,2.1574740971665114,4.654694479944453,0.026712419206587835,0.03701171501381183,1.8864766168057114,2.3981814883162897,3.846011718778027,0.0152251061135687,0.5431578418876989,True,True,True
2.0,standard,0.0,18,0.6548147139568571,0.9830721001759823,0.9664307541444167,0.0231701678924205,0.029704348035190346,0.3916796316730777,0.5273199685517168,0.8082199896841513,0.19735396738904262,0.30920110427501335,True,True,True
2.0,standard,0.0,19,0.8025366589241374,1.1623835972982834,1.3511356272680979,0.024611255674771633,0.03268074895523632,0.5475946440645447,0.7415171855512634,1.1315338491039464,0.14909770766590041,0.3730268328789302,True,True,True
2.0,standard,0.0,20,1.3481095279209687,2.697230947446837,7.27505478386496,0.02766893092589452,0.03641361801066652,2.948468647056199,3.8145293205989637,6.031212655268876,0.18369482356509886,0.7305700925813198,True,True,True
2.0,standard,0.0,21,1.0775494530342686,2.7668755352757106,7.65560022770725,0.026264722655457692,0.03532180233602309,3.102697906255397,3.9086036366416756,6.315386208328861,0.1322515666553023,0.6692412339142735,True,True,True
2.0,standard,0.0,22,0.544226036063384,2.0021912086970644,4.008769636183811,0.028800894775956834,0.04000039629155033,1.6246931379504306,1.9891325834761462,3.292092560729177,0.1403604601142547,0.4224326586478432,True,True,True
2.0,standard,0.0,23,0.528901338790496,3.0476693192624373,9.288288279573568,0.026725500906265954,0.04040046152800293,3.7644014499905882,4.499747969566878,7.603670462283347,0.12362998046844086,0.5643612196001796,True,True,True
2.0,standard,0.0,24,0.7453313436522725,2.6456377052071005,6.999398867213493,0.026514375033406517,0.03764540917929779,2.8367495120436383,3.481442659254463,5.750074714163516,0.06748706280308808,0.565072461178507,True,True,True
2.0,standard,0.0,25,0.9967762461595014,2.8605263237834597,8.182610849058115,0.02596932744435161,0.03517419725327578,3.3162872660448106,4.136421387245215,6.738929280382018,0.12525926982100272,0.6611034869428604,True,True,True
2.0,standard,0.0,26,1.211704732132687,2.5031174295983702,6.265596866359152,0.026974907216574792,0.03638013771104923,2.539350762900927,3.27282355668127,5.190468039605525,0.12503083463131595,0.6676499279213136,True,True,True
2.0,standard,0.0,27,1.3456063506428968,3.756899733592365,14.114295608266382,0.027402750742785833,0.032276514022036344,5.7203085492296,7.151774258976013,11.628546679159468,0.3443437356775953,0.8778467763254618,True,True,True
2.0,standard,0.0,28,0.7052055142972457,2.793025525816018,7.800991587859843,0.026375140574229246,0.03782788631246098,3.1616228050635176,3.852658390392615,6.402087202313854,0.08454647286020474,0.5751109900472291,True,True,True
2.0,standard,0.0,29,1.0205763242245096,1.3510875793340396,1.8254376470307145,0.025574209608306198,0.0352722225244544,0.739822012249744,1.0174104689984602,1.5347266650390072,0.07685408735009297,0.4566298600502406,True,True,True
2.0,standard,0.0,30,1.315799772936253,3.0819923344559546,9.498676749645265,0.027279282892922984,0.03469632732374846,3.8496686852400472,4.893724362047246,7.848377874469032,0.23520611893721438,0.775799501536096,True,True,True
2.0,standard,0.0,31,0.8887534291890391,2.0955536212575776,4.391344979565747,0.026798234211093577,0.03713937265685805,1.7797450844457559,2.260885090005814,3.6279461408700877,0.018793498401578016,0.5259424398712315,True,True,True
2.0,standard,0.0,32,0.9094515085374886,2.351021578997279,5.527302464910858,0.026562896688937448,0.03686107124564783,2.2401313123759174,2.8202073375660572,4.5591789912868,0.03566770148114216,0.5670423011336114,True,True,True
2.0,standard,0.0,33,1.4880857613346508,1.9076222363326147,3.6390225965506464,0.028661232910053135,0.04029091926358628,1.4748403071348994,2.0401315194023955,3.064215159280628,0.09393060287770565,0.6570965543345493,True,True,True
2.0,standard,0.0,34,0.7565001233092077,2.2203476582377437,4.929943723441832,0.02712472347890628,0.037968450357012594,1.9980309333969615,2.4874790043467985,4.058908127113042,0.04397057580169901,0.5086332762143213,True,True,True
2.0,standard,0.0,35,1.1085717427719735,0.8986965864718939,0.8076555545362343,0.022646898895323873,0.03220420618156221,0.3273304670436798,0.5034540194872918,0.7035514815918671,0.09591226250675645,0.4165826442983851,True,True,True
2.0,standard,0.0,36,0.8011407219302015,2.1562719989791894,4.64950893358171,0.02700462134969678,0.03761127220977246,1.88437499402449,2.3635660438934263,3.832722573625846,0.03634501959281365,0.5114110806957776,True,True,True
2.0,standard,0.0,37,1.0296703845753563,1.1977560940981413,1.4346196609492357,0.02480023825978593,0.0342776776159888,0.5814294484957835,0.8195672723483155,1.2143033584915333,0.0898812578076604,0.4376123482171179,True,True,True
2.0,standard,0.0,38,0.5863036191245429,1.4844872558126436,2.2037024126701534,0.0276078655939253,0.03634180934903551,0.8931269473888618,1.1266103978147435,1.818334300939216,0.1865978948957141,0.3612090508214798,True,True,True
2.0,standard,0.0,39,1.059258263160868,2.3968323094214306,5.744805119486468,0.026570970612345382,0.03641427722074954,2.3282818180037226,2.970468287566294,4.749856279552854,0.07248097898751502,0.6127782736069453,True,True,True
2.0,standard,0.0,40,0.885398129096422,1.9658186024617137,3.864442777784525,0.026836093674370384,0.03708278265363874,1.5661996654528472,2.002268407213093,3.196369132337537,0.03606113608926314,0.5069497752968566,True,True,True
2.0,standard,0.0,41,0.8470934461347042,3.011301957620874,9.06793947997131,0.02565069059966342,0.03558167796121966,3.675097445231112,4.509861321466596,7.449290848306217,0.11919513524366446,0.6428443161989184,True,True,True
2.0,standard,0.0,42,0.9435000150489848,1.8830019183169033,3.545696224385138,0.02672088695464558,0.036881679744626694,1.4370165531634813,1.859673607378625,2.9396518780314693,0.03117631906318253,0.510646312922388,True,True,True
2.0,standard,0.0,43,0.9762864985667156,2.158280665183069,4.658175429703071,0.026672077639390855,0.036880601604120135,1.8878873926046824,2.4146559369663834,3.8532227547657167,0.01755912203870957,0.5576863646670752,True,True,True
2.0,standard,0.0,44,1.2904204029737303,3.581313701628622,12.825807829472904,0.0269273005444845,0.03259856627792439,5.1981041218054305,6.502278799773036,10.56789086989616,0.30583243029070895,0.8388419280638766,True,True,True
2.0,standard,0.0,45,1.0805146276736928,2.0702765392176157,4.286044948834868,0.026768758569739783,0.036968921754346455,1.7370685894408475,2.259278228100335,3.557057073187136,0.030478610802393887,0.5727718833780232,True,True,True
2.0,standard,0.0,46,1.117739161987612,2.5822527375367126,6.668029200515846,0.026558815272296046,0.035923349831524384,2.7024504446317477,3.440288179061325,5.510962104648123,0.11461241603365231,0.654021327269886,True,True,True
2.0,standard,0.0,47,1.0216660243066953,1.534278281716207,2.3540098457460368,0.02619316327696916,0.036160694874048445,0.9540442555068215,1.284373628435972,1.9686216155153222,0.055933016446024164,0.4824901868031408,True,True,True
2.0,standard,0.0,48,0.7824270581176291,2.7386782651725303,7.50035864012842,0.026228259080431884,0.037028083413999456,3.039780860639385,3.734221047504265,6.162491998528524,0.07768448289944346,0.5878029693272573,True,True,True
2.0,standard,0.0,49,1.231045018335795,1.637221452014813,2.6804940829374924,0.026850313710960624,0.03772024662746331,1.086363332918038,1.4927500106004667,2.253128806514017,0.030424876881731577,0.5518462877562434,True,True,True
2.0,standard,0.0,50,0.8999628447596623,1.2889685219466742,1.661439850569394,0.02529129382627539,0.03425139504598623,0.6733562088409593,0.913506413426662,1.3920381411768046,0.1130518273203338,0.41628359755452904,True,True,True
2.0,standard,0.0,51,0.7160635253030604,1.9545262348499906,3.8201728027168804,0.027499278304822287,0.03798392806078922,1.548257720358165,1.9395421836971636,3.1484161776969004,0.08863643369650831,0.46090451570913127,True,True,True
2.0,standard,0.0,52,1.2991470301614387,1.032214317094228,1.0654663964143034,0.024770901556352785,0.036256091154418045,0.431817265663334,0.6680094592012094,0.9301503874417263,0.06501189456722271,0.4852690537694888,True,True,True
2.0,standard,0.0,53,1.148205926577374,3.0523533476614144,9.316860958979843,0.02627243972287565,0.03426872141654598,3.7759815207796956,4.74151438190769,7.681605686931252,0.1928165252685504,0.7276501184961595,True,True,True
2.0,standard,0.0,54,0.7852803989838483,1.3734654498847931,1.8864073420272371,0.025980449815993345,0.03472766336480404,0.7645320989031839,1.006335165106358,1.5695048947804409,0.13623662208638782,0.39796306166781287,True,True,True
2.0,standard,0.0,55,0.9066557438164617,1.2839700771366611,1.6485791589823235,0.025257604707666578,0.034236798122659375,0.6681439668647151,0.9081480565131528,1.3819091789857962,0.1117873269391238,0.41734341034360106,True,True,True
2.0,standard,0.0,56,1.2867143809735326,2.8547449046515885,8.149568470634208,0.027183662559193023,0.03544487594126015,3.3028956944757373,4.222841330004016,6.740795667363644,0.19453129201168176,0.7364367557084901,True,True,True
2.0,standard,0.0,57,0.9560747304649634,2.581660780045909,6.664972383227251,0.02627607733088684,0.036180494996928575,2.701211563248312,3.387132333842775,5.4938569858220925,0.07418624488429698,0.6114841447912037,True,True,True
2.0,standard,0.0,58,0.7833312296088786,1.2439972659424055,1.54752919767218,0.025247276946654754,0.033521720749077506,0.6271899601168903,0.8370822700134104,1.291551049785176,0.1482341385366021,0.3793769109685804,True,True,True
2.0,standard,0.0,59,1.2344258912966164,1.9245869196528567,3.7040348112988712,0.027164411162856818,0.03775287797640098,1.5011887653328995,2.0091814804485106,3.093352409751029,0.045845117221509,0.5928515150577826,True,True,True
2.0,standard,0.0,60,1.332729377019037,2.2904432750325774,5.246130396141959,0.027690420978236117,0.037702161032506086,2.126176565116599,2.805426154894235,4.3671227530566235,0.11974218231605956,0.669741924365257,True,True,True
2.0,standard,0.0,61,1.3489713194931596,1.1503434048824939,1.3232899491566492,0.025805839901799715,0.037747537460891295,0.5363092158022427,0.8133547409668674,1.1468006961390773,0.05516841313999553,0.514844660649165,True,True,True
2.0,standard,0.0,62,0.6642132910863575,1.0786109492922984,1.1634015799332331,0.02424258911309247,0.03126245075553557,0.47150890052080413,0.6272164383691705,0.970225413495377,0.19190880655211082,0.3250068647448806,True,True,True
2.0,standard,0.0,63,1.657781821823929,2.22883185270823,4.9676914276468,0.03041673597279067,0.041727857522018616,2.0133295016762744,2.76114582943399,4.173583030195687,0.16960945980308115,0.7465024348797283,True,True,True
2.0,standard,0.0,64,0.7651640848562513,1.206833047098773,1.456446003569709,0.025040156736712064,0.03309166178162997,0.5902753319713417,0.7886309128726651,1.2158249715867997,0.1561212406207936,0.36941777934529985,True,True,True
2.0,standard,0.0,65,1.0094867197833621,1.8756134956024937,3.5179259848862054,0.026681984172832296,0.03688438621669902,1.425761699019229,1.8616584024070466,2.9219431042167368,0.0149547877397131,0.5269435651422517,True,True,True
2.0,standard,0.0,66,1.0036178549594184,1.0409342446468213,1.0835441016784484,0.023628405672444033,0.032598349959581545,0.43914388364293605,0.6344077800470339,0.9238816694518072,0.10788041916447273,0.4088777548367885,True,True,True
2.0,standard,0.0,67,0.6625884791414075,1.6631490985563029,2.766064924028643,0.027585654720351835,0.03718383630277716,1.121043888536541,1.4152867089675043,2.282685456340608,0.14247598018074856,0.40618406001908397,True,True,True
2.0,standard,0.0,68,1.0349944757515093,1.9093900178090033,3.645770240108666,0.02670451765630615,0.03693786625148446,1.4775750240632801,1.9310912388626336,3.0287116447908122,0.007979618660796401,0.5383574715774646,True,True,True
2.0,standard,0.0,69,0.9224569177279922,1.1707111399323848,1.370564573161784,0.02454919518116123,0.03330719622469285,0.5554688992440296,0.7698091303308547,1.1546507864424467,0.11758819164364226,0.4056815367229424,True,True,True
2.0,standard,0.0,70,0.9988093055938254,2.160365324767784,4.6671783364590125,0.026670916907027692,0.03685019201726399,1.8915361332796166,2.4251558447999426,3.8624259365452565,0.022386206236869582,0.5638920845240956,True,True,True
2.0,standard,0.0,71,0.7752785121961884,2.530804862985321,6.404973254510148,0.026613223396925068,0.03753676214578491,2.595837885377938,3.2048880512332407,5.266448888321798,0.05477921895969883,0.5569057302784702,True,True,True
2.0,standard,0.0,72,1.1546833147423623,1.9795324329782273,3.9185486532127003,0.026919666908653214,0.03727048367436123,1.5881279508143975,2.0962131084694398,3.2622295383189206,0.03550833447133989,0.5795810082555564,True,True,True
2.0,standard,0.0,73,0.8979102832298247,1.221906343307761,1.493055111815744,0.02489921588153073,0.033662285169116506,0.6051124446896565,0.8281092766099536,1.2536991886644813,0.11955564795775478,0.40638242543213066,True,True,True
2.0,standard,0.0,74,1.0561647442998285,2.067705510202005,4.275406076919735,0.02673725305094832,0.036935126636730535,1.7327568170606056,2.247650348428744,3.546300782159609,0.02400981531133394,0.5660184576006538,True,True,True
2.0,standard,0.0,75,0.8788323114963518,1.7616154364189538,3.103288945829541,0.02674723462540966,0.03671851796197618,1.2577156367025268,1.6267819324821957,2.5725935369273745,0.06510136221036596,0.4767179457627315,True,True,True
2.0,standard,0.0,76,0.6404128896306284,2.7745880170362445,7.69833866428112,0.026721777261345822,0.038835151354071874,3.1200191421781462,3.7819497303057266,6.31328790824344,0.08697916810682324,0.5555219097561502,True,True,True
2.0,standard,0.0,77,1.188917101009347,3.597341895859353,12.940868715704964,0.026161015600287475,0.03217839325403501,5.244736542541305,6.513363901310191,10.650236650073557,0.28540753149614534,0.8144238429620284,True,True,True
2.0,standard,0.0,78,1.2972030343992142,1.973363862060476,3.894164932086238,0.027467332467447723,0.03815262168994703,1.5782456008698462,2.120376218707782,3.255050432460328,0.06623086478318357,0.6161468190735044,True,True,True
2.0,standard,0.0,79,0.7466249390958203,1.084727294239392,1.1766333028679123,0.02405798218430884,0.031533659419468035,0.47687151583828075,0.6454230026562627,0.9852720138846157,0.16880628354225904,0.34750277580720446,True,True,True
2.0,standard,0.0,80,0.9039956857699989,3.3218863526179274,11.034928939709237,0.025203181421986878,0.03397129158353046,4.4722882463217095,5.475903131960712,9.062234870156956,0.17398094654480867,0.7011461947726846,True,True,True
2.0,standard,0.0,81,1.1245971340373608,2.2583237882221763,5.1000263324501605,0.026800271059362904,0.0367749863315977,2.066962818443765,2.672917239192984,4.227685651798748,0.06841463861727017,0.6106005036723787,True,True,True
2.0,standard,0.0,82,0.9479051955172699,0.8092311294784847,0.6548550209170242,0.021010245340013313,0.02895126290711546,0.26540274333376307,0.40238251819257764,0.5674545138210944,0.1293288569218905,0.36190041591960975,True,True,True
2.0,standard,0.0,83,0.8439421966979587,1.8162324438401471,3.2987002900575533,0.026892755546087395,0.03694438000420581,1.3369128714798169,1.71503225732724,2.730204013806767,0.06798797848817084,0.47518024059355224,True,True,True
2.0,standard,0.0,84,1.0163624889930438,2.6345824640222997,6.941024759733812,0.026270003434649025,0.035841175055202554,2.8130913773880115,3.5406301387812973,5.725032798595294,0.09659550029581458,0.6347043365446642,True,True,True
2.0,standard,0.0,85,1.1125527482798283,2.6907098135436684,7.239919300700203,0.026446894399834983,0.03557151939687799,2.9342287720878035,3.717912273579047,5.978562088937469,0.1295651027677104,0.6678003737766696,True,True,True
2.0,standard,0.0,86,1.1432447368844867,1.992588815235496,3.9704101866015975,0.026892737386709362,0.03721343651828452,1.6091466386082764,2.119095139793884,3.3037534206980395,0.03466251831511819,0.578399857863679,True,True,True
2.0,standard,0.0,87,1.0025979432673742,1.3286917649354022,1.765421806207154,0.025463697396393335,0.03502912890597254,0.715498508131611,0.9837740465658202,1.484195391353545,0.08336075690169487,0.44878202839308895,True,True,True
2.0,standard,0.0,88,1.0697868020184254,1.564415305513615,2.4473952481252574,0.02630395592963788,0.03648427482781908,0.9918919335227362,1.34104620009521,2.0488303808152204,0.04348191871667972,0.49933438873027935,True,True,True
2.0,standard,0.0,89,0.8766162982416603,1.5058167959509672,2.2674842229680365,0.026239367804495237,0.03567209452248373,0.918976741445792,1.2126459157018274,1.8875877683815843,0.09679570519494494,0.44042547768014806,True,True,True
2.0,standard,0.0,90,1.0284498548974097,1.0113385293427546,1.0228056209331657,0.023429507621289473,0.032521925735268645,0.4145275045959384,0.6062905235364618,0.8755096963142676,0.10446895626581726,0.4112671814132006,True,True,True
2.0,standard,0.0,91,0.7749732358910235,2.0040492569966872,4.016213424468974,0.027193556765215624,0.037655137816322445,1.6277099917097728,2.049137308542157,3.312743964371931,0.0635066349151595,0.48328835268896525,True,True,True
2.0,standard,0.0,92,0.9177588985451943,1.6292514549596213,2.654460303488043,0.02646981909550947,0.036269703396810564,1.0758122395240306,1.4131997994396626,2.207566939807187,0.07101700050135974,0.46846187361205,True,True,True
2.0,standard,0.0,93,1.1641925999588778,2.663393180994385,7.093663236567388,0.026661108708055412,0.03572342356427568,2.8749534219565778,3.6636487355657787,5.863842496518064,0.13795255408883092,0.6775479539922427,True,True,True
2.0,standard,0.0,94,1.065047055083561,2.42042640977029,5.858464005113496,0.02656229539169764,0.036356971566333225,2.3743460292965213,3.0278376409311907,4.843416415375889,0.07743278404928068,0.6175922944211937,True,True,True
2.0,standard,0.0,95,0.9161749101615548,1.164216516156406,1.355400096491359,0.024504349753679454,0.033207595660156984,0.5493229683417733,0.7611112519417397,1.1418026773828855,0.11965803245844994,0.4031251489822893,True,True,True
2.0,standard,0.0,96,0.8433906241085182,1.5043112210825393,2.2629522498748407,0.02631658439213879,0.03565124640808613,0.9171400019336408,1.2040000976828067,1.8817152409041555,0.10617079578445153,0.43148993062168434,True,True,True
2.0,standard,0.0,97,1.2385990988592892,2.267942166216358,5.143561669302147,0.027200549658714004,0.03716738030241113,2.084607025884209,2.7271097080034337,4.27387460480759,0.09626697812908676,0.6418812157823983,True,True,True
2.0,standard,0.0,98,0.9588815563680848,2.7925917736336805,7.798568814166505,0.02600523479937068,0.03555282538173594,3.1606408918702917,3.9374199453035272,6.421361674033046,0.10596974236024538,0.6416680609734301,True,True,True
2.0,standard,0.0,99,0.808799649449887,2.8173045415108557,7.937204879617693,0.026029347459591016,0.036550282177325796,3.2168279728584146,3.953047509981411,6.5217406941291,0.08879367407978687,0.6057051961049992,True,True,True
