{
  "comparison_family_mean": {
    "standard": {
      "volatility": 0.003249839267545555,
      "bound_fd": 0.017467196979517513,
      "bound_chain": 0.005149047490829036,
      "bound_jv": 3.406139938347704,
      "terminal_risk": 0.18856219686567782,
      "initial_risk": 0.01659712311811745,
      "max_risk": 0.20174751579761505,
      "mean_gain": 41.470952696916534,
      "mean_hazard": 33.11222337911388
    },
    "isotropic": {
      "volatility": 0.0004318270448422583,
      "bound_fd": 0.0020345559174435083,
      "bound_chain": 0.000584552715025859,
      "bound_jv": 0.18088289519360873,
      "terminal_risk": 0.17226722066601116,
      "initial_risk": 0.11199811305850745,
      "max_risk": 0.17724762223660945,
      "mean_gain": 2.167697647044329,
      "mean_hazard": 1.757431156446063
    },
    "dtr": {
      "volatility": 0.00023917797069236745,
      "bound_fd": 0.0032266890642846297,
      "bound_chain": 0.00028969444614578406,
      "bound_jv": 0.15429643947738145,
      "terminal_risk": 0.1357659342388312,
      "initial_risk": 0.09734695982187987,
      "max_risk": 0.14384423171480495,
      "mean_gain": 1.8506608910071172,
      "mean_hazard": 1.499201055489613
    }
  },
  "comparison_selected_lambda": 0.03,
  "comparison_selected_mean": {
    "standard": {
      "volatility": 0.003249839267545555,
      "bound_fd": 0.017467196979517513,
      "bound_chain": 0.005149047490829036,
      "bound_jv": 3.406139938347704,
      "terminal_risk": 0.18856219686567782,
      "initial_risk": 0.01659712311811745,
      "max_risk": 0.20174751579761505,
      "mean_gain": 41.470952696916534,
      "mean_hazard": 33.11222337911388
    },
    "isotropic": {
      "volatility": 0.0004091711379989794,
      "bound_fd": 0.001958665603461856,
      "bound_chain": 0.0005484162518106944,
      "bound_jv": 0.16236870761319333,
      "terminal_risk": 0.16508495658636094,
      "initial_risk": 0.10482645332813263,
      "max_risk": 0.16988842338323593,
      "mean_gain": 1.94593203096855,
      "mean_hazard": 1.5775512284990487
    },
    "dtr": {
      "volatility": 0.00019063585872408395,
      "bound_fd": 0.0028151268074013756,
      "bound_chain": 0.0002255318837630475,
      "bound_jv": 0.1317351575361126,
      "terminal_risk": 0.1306737672537565,
      "initial_risk": 0.09369802325963975,
      "max_risk": 0.13836341872811317,
      "mean_gain": 1.5803688677345833,
      "mean_hazard": 1.2799828350816251
    }
  },
  "comparison_selected_ratios": {
    "isotropic": {
      "bound_chain": 0.1065082916379152,
      "volatility": 0.12590503846918139,
      "mean_gain": 0.04692277134769645,
      "terminal_risk": 0.8754933880196523
    },
    "dtr": {
      "bound_chain": 0.04380069987016864,
      "volatility": 0.0586600884012525,
      "mean_gain": 0.03810785055468686,
      "terminal_risk": 0.6930008741192271
    }
  },
  "misspecification_lambda": 0.03,
  "misspecification_mean": {
    "aligned": {
      "volatility": 0.00019063585872408395,
      "bound_fd": 0.0028151268074013756,
      "bound_chain": 0.0002255318837630475,
      "bound_jv": 0.1317351575361126,
      "terminal_risk": 0.1306737672537565,
      "initial_risk": 0.09369802325963975,
      "max_risk": 0.13836341872811317,
      "mean_gain": 1.5803688677345833,
      "mean_hazard": 1.2799828350816251
    },
    "rotated20": {
      "volatility": 0.00026558089809792417,
      "bound_fd": 0.0018992654881460926,
      "bound_chain": 0.00034943861243242984,
      "bound_jv": 0.13413153540909978,
      "terminal_risk": 0.15385872200131417,
      "initial_risk": 0.10670728087425232,
      "max_risk": 0.15900876522064208,
      "mean_gain": 1.606764350140967,
      "mean_hazard": 1.3031523415674127
    },
    "wrong": {
      "volatility": 0.005650398927844745,
      "bound_fd": 0.02086474651751752,
      "bound_chain": 0.008966639400006627,
      "bound_jv": 2.4521669701203472,
      "terminal_risk": 0.2546966396272182,
      "initial_risk": 0.023075547348707915,
      "max_risk": 0.2652865298092365,
      "mean_gain": 29.851868608521254,
      "mean_hazard": 23.83638089461676
    }
  },
  "misspecification_ratios": {
    "rotated20": {
      "bound_chain": 1.549397835028787,
      "volatility": 1.3931319106250184,
      "mean_gain": 1.0167021022403593,
      "terminal_risk": 1.1774262366105555
    },
    "wrong": {
      "bound_chain": 39.75774622371054,
      "volatility": 29.639748605863428,
      "mean_gain": 18.88917784827862,
      "terminal_risk": 1.9491030600856607
    }
  }
}