{
  "standard_mean": {
    "volatility": 0.003126315889688939,
    "bound_fd": 0.00972751506807185,
    "bound_chain": 0.004804505163742182,
    "bound_jv": 3.6795278848821713,
    "terminal_risk": 0.17070530354976654,
    "mean_gain": 44.888681411743164
  },
  "dtr_mean": {
    "volatility": 0.0002618911185907166,
    "bound_fd": 0.0029032572018956953,
    "bound_chain": 0.0003140697711471432,
    "bound_jv": 0.1591277101703217,
    "terminal_risk": 0.13429501901070276,
    "mean_gain": 1.9060240916120328
  },
  "selected_standard": {
    "initial_risk": 0.019553547725081444,
    "terminal_risk": 0.12911354005336761,
    "max_risk": 0.1432667374610901,
    "volatility": 0.001477879416044772,
    "max_hazard": 97.22440461905111,
    "mean_gain": 38.491687495534016
  },
  "selected_dtr": {
    "initial_risk": 0.09128659218549728,
    "terminal_risk": 0.11137380450963974,
    "max_risk": 0.1270626336336136,
    "volatility": 0.0001233997040791933,
    "max_hazard": 3.8546577517536154,
    "mean_gain": 1.4780916353551352
  },
  "relative_reduction": {
    "volatility_pct": 91.62301162673698,
    "mean_gain_pct": 95.75388710100671
  }
}