{
  "comparison_family_mean": {
    "standard": {
      "volatility": 0.003126315889688939,
      "bound_fd": 0.00972751506807185,
      "bound_chain": 0.004804505163742182,
      "bound_jv": 3.6795278848821713,
      "terminal_risk": 0.17070530354976654,
      "initial_risk": 0.01820907462388277,
      "max_risk": 0.18655267357826233,
      "mean_gain": 44.888681411743164,
      "mean_hazard": 35.77121730281885
    },
    "isotropic": {
      "volatility": 0.0004461167146596462,
      "bound_fd": 0.001607522091769921,
      "bound_chain": 0.0006111072685789659,
      "bound_jv": 0.17930651058355937,
      "terminal_risk": 0.1681713399787744,
      "initial_risk": 0.11049695126712322,
      "max_risk": 0.17470084379116693,
      "mean_gain": 2.1486589501543745,
      "mean_hazard": 1.7420942688987981
    },
    "dtr": {
      "volatility": 0.0002618911185907166,
      "bound_fd": 0.0029032572018956953,
      "bound_chain": 0.0003140697711471432,
      "bound_jv": 0.1591277101703217,
      "terminal_risk": 0.13429501901070276,
      "initial_risk": 0.09532393204669158,
      "max_risk": 0.14488103985786438,
      "mean_gain": 1.9060240916120328,
      "mean_hazard": 1.5459855391492177
    }
  },
  "comparison_selected_lambda": 0.03,
  "comparison_selected_mean": {
    "standard": {
      "volatility": 0.003126315889688939,
      "bound_fd": 0.00972751506807185,
      "bound_chain": 0.004804505163742182,
      "bound_jv": 3.6795278848821713,
      "terminal_risk": 0.17070530354976654,
      "initial_risk": 0.01820907462388277,
      "max_risk": 0.18655267357826233,
      "mean_gain": 44.888681411743164,
      "mean_hazard": 35.77121730281885
    },
    "isotropic": {
      "volatility": 0.0004166897052917586,
      "bound_fd": 0.0015609465598755696,
      "bound_chain": 0.0005673572969074084,
      "bound_jv": 0.1600950227625293,
      "terminal_risk": 0.1605447456240654,
      "initial_risk": 0.10297933593392372,
      "max_risk": 0.16717543452978134,
      "mean_gain": 1.9153261897040577,
      "mean_hazard": 1.555359408623668
    },
    "dtr": {
      "volatility": 0.00021249601071353884,
      "bound_fd": 0.002464905044746621,
      "bound_chain": 0.00025530455278021996,
      "bound_jv": 0.12639490630447936,
      "terminal_risk": 0.12749819085001945,
      "initial_risk": 0.09002052620053291,
      "max_risk": 0.13756908476352692,
      "mean_gain": 1.5155476724229207,
      "mean_hazard": 1.2280658942430285
    }
  },
  "comparison_selected_ratios": {
    "isotropic": {
      "bound_chain": 0.1180886017542542,
      "volatility": 0.13328458159524573,
      "mean_gain": 0.04266835490522999,
      "terminal_risk": 0.9404789557534808
    },
    "dtr": {
      "bound_chain": 0.05313857391743664,
      "volatility": 0.06797010225818277,
      "mean_gain": 0.03376235667342289,
      "terminal_risk": 0.7468906249468066
    }
  },
  "misspecification_lambda": 0.03,
  "misspecification_mean": {
    "aligned": {
      "volatility": 0.00021249601071353884,
      "bound_fd": 0.002464905044746621,
      "bound_chain": 0.00025530455278021996,
      "bound_jv": 0.12639490630447936,
      "terminal_risk": 0.12749819085001945,
      "initial_risk": 0.09002052620053291,
      "max_risk": 0.13756908476352692,
      "mean_gain": 1.5155476724229207,
      "mean_hazard": 1.2280658942430285
    },
    "rotated20": {
      "volatility": 0.00030474331324520636,
      "bound_fd": 0.0016485639944662741,
      "bound_chain": 0.0004004250452182246,
      "bound_jv": 0.13372692828214117,
      "terminal_risk": 0.15299157798290253,
      "initial_risk": 0.10523803532123566,
      "max_risk": 0.16130447387695312,
      "mean_gain": 1.5996944904327393,
      "mean_hazard": 1.2991387238477228
    },
    "wrong": {
      "volatility": 0.005079135092671083,
      "bound_fd": 0.013922641665806285,
      "bound_chain": 0.00810497834385434,
      "bound_jv": 2.404387543688933,
      "terminal_risk": 0.2270551547408104,
      "initial_risk": 0.025340691208839417,
      "max_risk": 0.24520090222358704,
      "mean_gain": 29.387741833198362,
      "mean_hazard": 23.3745151668248
    }
  },
  "misspecification_ratios": {
    "rotated20": {
      "bound_chain": 1.5684210910368381,
      "volatility": 1.4341131027444278,
      "mean_gain": 1.0555223827933384,
      "terminal_risk": 1.1999509715621912
    },
    "wrong": {
      "bound_chain": 31.746313395482396,
      "volatility": 23.90226092064454,
      "mean_gain": 19.390839607318913,
      "terminal_risk": 1.7808500122790232
    }
  }
}