case,angle_deg,alignment,seed,volatility,bound_fd,bound_chain,bound_jv,terminal_risk,initial_risk,max_risk,mean_gain,mean_hazard
aligned,0.0,1.0,0,0.0001233997040791933,0.001446574028542117,0.0001644681001709871,0.12326297534827088,0.11137380450963974,0.09128659218549728,0.1270626336336136,1.4780916353551352,1.1976519245561088
aligned,0.0,1.0,1,0.0003015923173478844,0.003483236060951125,0.0003461410053894528,0.12952683726068787,0.14362257719039917,0.08875446021556854,0.14807553589344025,1.5530037094907063,1.258479863929948
rotated20,20.0,0.9396926164627075,0,0.00019468936425304348,0.0011923468029772929,0.0002765984639759732,0.13065424010708962,0.13996122777462006,0.107638880610466,0.15227611362934113,1.561952951477795,1.2693385361290888
rotated20,20.0,0.9396926164627075,1,0.0004147972622373693,0.002104781185955255,0.000524251626460476,0.13679961645719269,0.166021928191185,0.10283719003200531,0.17033283412456512,1.6374360293876835,1.3289389115663566
wrong,90.0,6.123234262925839e-17,0,0.004556042287250497,0.014921222173883985,0.007341383799509417,2.0637095522930697,0.22236181795597076,0.02639123424887657,0.2412572205066681,25.21709321184856,20.06470879957018
wrong,90.0,6.123234262925839e-17,1,0.005602227898091669,0.012924061157728584,0.008868572888199264,2.745065535084796,0.23174849152565002,0.02429014816880226,0.24914458394050598,33.55839045454816,26.684321534079423
