{
  "standard_mean": {
    "volatility": 0.003249839267545555,
    "bound_fd": 0.017467196979517513,
    "bound_chain": 0.005149047490829036,
    "bound_jv": 3.406139938347704,
    "terminal_risk": 0.18856219686567782,
    "mean_gain": 41.470952696916534
  },
  "dtr_mean": {
    "volatility": 0.00023917797069236745,
    "bound_fd": 0.0032266890642846297,
    "bound_chain": 0.00028969444614578406,
    "bound_jv": 0.15429643947738145,
    "terminal_risk": 0.1357659342388312,
    "mean_gain": 1.8506608910071172
  },
  "selected_standard": {
    "initial_risk": 0.019553547725081444,
    "terminal_risk": 0.12911354005336761,
    "max_risk": 0.1432667374610901,
    "volatility": 0.001477879416044772,
    "max_hazard": 97.22440461905111,
    "mean_gain": 38.491687495534016
  },
  "selected_dtr": {
    "initial_risk": 0.09128659218549728,
    "terminal_risk": 0.11137380450963974,
    "max_risk": 0.1270626336336136,
    "volatility": 0.0001233997040791933,
    "max_hazard": 3.8546577517536154,
    "mean_gain": 1.4780916353551352
  },
  "relative_reduction": {
    "volatility_pct": 92.64031384318257,
    "mean_gain_pct": 95.53745267312192
  }
}